,Domain 0,Domain 1,Domain 2,Domain 3,Mean
0,53.790983606557376,,,,53.790983606557376
1,54.8155737704918,,,,54.8155737704918
2,54.71311475409836,,,,54.71311475409836
3,55.22540983606557,,,,55.22540983606557
4,55.22540983606557,,,,55.22540983606557
5,54.71311475409836,,,,54.71311475409836
6,55.12295081967213,,,,55.12295081967213
7,55.43032786885246,,,,55.43032786885246
8,56.55737704918032,,,,56.55737704918032
9,56.76229508196722,,,,56.76229508196722
10,57.377049180327866,,,,57.377049180327866
11,57.99180327868852,,,,57.99180327868852
12,59.22131147540984,,,,59.22131147540984
13,59.32377049180327,,,,59.32377049180327
14,59.83606557377049,,,,59.83606557377049
15,60.040983606557376,,,,60.040983606557376
16,60.86065573770492,,,,60.86065573770492
17,60.96311475409836,,,,60.96311475409836
18,61.0655737704918,,,,61.0655737704918
19,60.75819672131148,,,,60.75819672131148
20,61.0655737704918,,,,61.0655737704918
21,61.47540983606557,,,,61.47540983606557
22,61.16803278688525,,,,61.16803278688525
23,60.96311475409836,,,,60.96311475409836
24,60.86065573770492,,,,60.86065573770492
25,61.0655737704918,,,,61.0655737704918
26,61.0655737704918,,,,61.0655737704918
27,61.0655737704918,,,,61.0655737704918
28,60.45081967213115,,,,60.45081967213115
29,60.34836065573771,,,,60.34836065573771
30,60.143442622950815,,,,60.143442622950815
31,60.34836065573771,,,,60.34836065573771
32,60.34836065573771,,,,60.34836065573771
33,60.55327868852459,,,,60.55327868852459
34,60.65573770491803,,,,60.65573770491803
35,60.245901639344254,,,,60.245901639344254
36,60.96311475409836,,,,60.96311475409836
37,61.57786885245902,,,,61.57786885245902
38,62.09016393442624,,,,62.09016393442624
39,62.09016393442624,,,,62.09016393442624
40,61.68032786885246,,,,61.68032786885246
41,61.68032786885246,,,,61.68032786885246
42,61.47540983606557,,,,61.47540983606557
43,61.37295081967213,,,,61.37295081967213
44,61.57786885245902,,,,61.57786885245902
45,61.16803278688525,,,,61.16803278688525
46,60.86065573770492,,,,60.86065573770492
47,60.86065573770492,,,,60.86065573770492
48,61.0655737704918,,,,61.0655737704918
49,61.0655737704918,,,,61.0655737704918
50,61.270491803278695,,,,61.270491803278695
51,61.37295081967213,,,,61.37295081967213
52,61.0655737704918,,,,61.0655737704918
53,61.0655737704918,,,,61.0655737704918
54,61.0655737704918,,,,61.0655737704918
55,61.0655737704918,,,,61.0655737704918
56,61.0655737704918,,,,61.0655737704918
57,61.16803278688525,,,,61.16803278688525
58,61.16803278688525,,,,61.16803278688525
59,61.0655737704918,,,,61.0655737704918
60,61.16803278688525,,,,61.16803278688525
61,61.270491803278695,,,,61.270491803278695
62,61.270491803278695,,,,61.270491803278695
63,61.37295081967213,,,,61.37295081967213
64,61.270491803278695,,,,61.270491803278695
65,61.37295081967213,,,,61.37295081967213
66,61.37295081967213,,,,61.37295081967213
67,61.16803278688525,,,,61.16803278688525
68,61.16803278688525,,,,61.16803278688525
69,61.270491803278695,,,,61.270491803278695
70,61.37295081967213,,,,61.37295081967213
71,61.37295081967213,,,,61.37295081967213
72,61.57786885245902,,,,61.57786885245902
73,61.57786885245902,,,,61.57786885245902
74,61.68032786885246,,,,61.68032786885246
75,61.57786885245902,,,,61.57786885245902
76,61.98770491803278,,,,61.98770491803278
77,62.29508196721312,,,,62.29508196721312
78,61.7827868852459,,,,61.7827868852459
79,61.885245901639344,,,,61.885245901639344
80,61.98770491803278,,,,61.98770491803278
81,62.19262295081968,,,,62.19262295081968
82,62.19262295081968,,,,62.19262295081968
83,62.29508196721312,,,,62.29508196721312
84,62.19262295081968,,,,62.19262295081968
85,61.98770491803278,,,,61.98770491803278
86,62.19262295081968,,,,62.19262295081968
87,62.29508196721312,,,,62.29508196721312
88,62.19262295081968,,,,62.19262295081968
89,62.09016393442624,,,,62.09016393442624
90,61.7827868852459,,,,61.7827868852459
91,61.98770491803278,,,,61.98770491803278
92,62.09016393442624,,,,62.09016393442624
93,61.68032786885246,,,,61.68032786885246
94,61.57786885245902,,,,61.57786885245902
95,61.37295081967213,,,,61.37295081967213
96,61.37295081967213,,,,61.37295081967213
97,61.37295081967213,,,,61.37295081967213
98,61.47540983606557,,,,61.47540983606557
99,61.68032786885246,,,,61.68032786885246
100,61.57786885245902,,,,61.57786885245902
101,61.57786885245902,,,,61.57786885245902
102,61.37295081967213,,,,61.37295081967213
103,61.47540983606557,,,,61.47540983606557
104,61.270491803278695,,,,61.270491803278695
105,61.37295081967213,,,,61.37295081967213
106,61.57786885245902,,,,61.57786885245902
107,61.47540983606557,,,,61.47540983606557
108,61.37295081967213,,,,61.37295081967213
109,61.270491803278695,,,,61.270491803278695
110,61.270491803278695,,,,61.270491803278695
111,61.270491803278695,,,,61.270491803278695
112,60.96311475409836,,,,60.96311475409836
113,60.96311475409836,,,,60.96311475409836
114,61.0655737704918,,,,61.0655737704918
115,61.16803278688525,,,,61.16803278688525
116,61.16803278688525,,,,61.16803278688525
117,61.0655737704918,,,,61.0655737704918
118,61.16803278688525,,,,61.16803278688525
119,60.96311475409836,,,,60.96311475409836
120,61.270491803278695,,,,61.270491803278695
121,61.47540983606557,,,,61.47540983606557
122,61.57786885245902,,,,61.57786885245902
123,61.68032786885246,,,,61.68032786885246
124,61.68032786885246,,,,61.68032786885246
125,61.57786885245902,,,,61.57786885245902
126,61.7827868852459,,,,61.7827868852459
127,61.57786885245902,,,,61.57786885245902
128,61.7827868852459,,,,61.7827868852459
129,61.68032786885246,,,,61.68032786885246
130,61.7827868852459,,,,61.7827868852459
131,61.68032786885246,,,,61.68032786885246
132,61.57786885245902,,,,61.57786885245902
133,61.47540983606557,,,,61.47540983606557
134,61.47540983606557,,,,61.47540983606557
135,61.57786885245902,,,,61.57786885245902
136,61.68032786885246,,,,61.68032786885246
137,61.7827868852459,,,,61.7827868852459
138,61.98770491803278,,,,61.98770491803278
139,61.7827868852459,,,,61.7827868852459
140,61.885245901639344,,,,61.885245901639344
141,61.98770491803278,,,,61.98770491803278
142,61.885245901639344,,,,61.885245901639344
143,61.7827868852459,,,,61.7827868852459
144,61.7827868852459,,,,61.7827868852459
145,61.57786885245902,,,,61.57786885245902
146,61.7827868852459,,,,61.7827868852459
147,61.57786885245902,,,,61.57786885245902
148,61.47540983606557,,,,61.47540983606557
149,61.47540983606557,,,,61.47540983606557
150,61.885245901639344,,,,61.885245901639344
151,61.7827868852459,,,,61.7827868852459
152,61.98770491803278,,,,61.98770491803278
153,61.885245901639344,,,,61.885245901639344
154,61.98770491803278,,,,61.98770491803278
155,62.19262295081968,,,,62.19262295081968
156,62.09016393442624,,,,62.09016393442624
157,62.09016393442624,,,,62.09016393442624
158,62.29508196721312,,,,62.29508196721312
159,62.39754098360656,,,,62.39754098360656
160,62.19262295081968,,,,62.19262295081968
161,62.29508196721312,,,,62.29508196721312
162,62.39754098360656,,,,62.39754098360656
163,62.29508196721312,,,,62.29508196721312
164,62.29508196721312,,,,62.29508196721312
165,62.29508196721312,,,,62.29508196721312
166,62.19262295081968,,,,62.19262295081968
167,62.29508196721312,,,,62.29508196721312
168,62.39754098360656,,,,62.39754098360656
169,62.29508196721312,,,,62.29508196721312
170,62.19262295081968,,,,62.19262295081968
171,62.39754098360656,,,,62.39754098360656
172,62.39754098360656,,,,62.39754098360656
173,62.29508196721312,,,,62.29508196721312
174,62.29508196721312,,,,62.29508196721312
175,62.5,,,,62.5
176,62.5,,,,62.5
177,62.39754098360656,,,,62.39754098360656
178,62.39754098360656,,,,62.39754098360656
179,62.60245901639344,,,,62.60245901639344
180,62.5,,,,62.5
181,62.60245901639344,,,,62.60245901639344
182,62.29508196721312,,,,62.29508196721312
183,62.39754098360656,,,,62.39754098360656
184,62.19262295081968,,,,62.19262295081968
185,62.19262295081968,,,,62.19262295081968
186,61.98770491803278,,,,61.98770491803278
187,61.98770491803278,,,,61.98770491803278
188,61.98770491803278,,,,61.98770491803278
189,62.19262295081968,,,,62.19262295081968
190,62.09016393442624,,,,62.09016393442624
191,62.19262295081968,,,,62.19262295081968
192,62.19262295081968,,,,62.19262295081968
193,62.19262295081968,,,,62.19262295081968
194,62.19262295081968,,,,62.19262295081968
195,62.29508196721312,,,,62.29508196721312
196,62.29508196721312,,,,62.29508196721312
197,62.39754098360656,,,,62.39754098360656
198,62.19262295081968,,,,62.19262295081968
199,62.09016393442624,,,,62.09016393442624
200,62.29508196721312,,,,62.29508196721312
201,62.29508196721312,,,,62.29508196721312
202,62.19262295081968,,,,62.19262295081968
203,62.29508196721312,,,,62.29508196721312
204,62.29508196721312,,,,62.29508196721312
205,62.29508196721312,,,,62.29508196721312
206,62.19262295081968,,,,62.19262295081968
207,62.29508196721312,,,,62.29508196721312
208,62.19262295081968,,,,62.19262295081968
209,62.39754098360656,,,,62.39754098360656
210,62.5,,,,62.5
211,62.5,,,,62.5
212,62.704918032786885,,,,62.704918032786885
213,62.704918032786885,,,,62.704918032786885
214,62.60245901639344,,,,62.60245901639344
215,62.704918032786885,,,,62.704918032786885
216,62.5,,,,62.5
217,62.60245901639344,,,,62.60245901639344
218,62.80737704918032,,,,62.80737704918032
219,63.114754098360656,,,,63.114754098360656
220,63.114754098360656,,,,63.114754098360656
221,63.114754098360656,,,,63.114754098360656
222,63.52459016393443,,,,63.52459016393443
223,63.52459016393443,,,,63.52459016393443
224,63.31967213114754,,,,63.31967213114754
225,63.2172131147541,,,,63.2172131147541
226,63.2172131147541,,,,63.2172131147541
227,63.52459016393443,,,,63.52459016393443
228,63.52459016393443,,,,63.52459016393443
229,63.42213114754098,,,,63.42213114754098
230,63.31967213114754,,,,63.31967213114754
231,63.52459016393443,,,,63.52459016393443
232,63.52459016393443,,,,63.52459016393443
233,63.31967213114754,,,,63.31967213114754
234,63.2172131147541,,,,63.2172131147541
235,63.31967213114754,,,,63.31967213114754
236,63.114754098360656,,,,63.114754098360656
237,63.42213114754098,,,,63.42213114754098
238,63.31967213114754,,,,63.31967213114754
239,63.114754098360656,,,,63.114754098360656
240,63.2172131147541,,,,63.2172131147541
241,63.2172131147541,,,,63.2172131147541
242,63.114754098360656,,,,63.114754098360656
243,63.2172131147541,,,,63.2172131147541
244,63.42213114754098,,,,63.42213114754098
245,63.627049180327866,,,,63.627049180327866
246,63.52459016393443,,,,63.52459016393443
247,63.31967213114754,,,,63.31967213114754
248,63.2172131147541,,,,63.2172131147541
249,63.2172131147541,,,,63.2172131147541
250,63.2172131147541,,,,63.2172131147541
251,62.90983606557376,,,,62.90983606557376
252,63.01229508196722,,,,63.01229508196722
253,63.42213114754098,,,,63.42213114754098
254,63.627049180327866,,,,63.627049180327866
255,63.42213114754098,,,,63.42213114754098
256,63.52459016393443,,,,63.52459016393443
257,63.31967213114754,,,,63.31967213114754
258,63.2172131147541,,,,63.2172131147541
259,63.31967213114754,,,,63.31967213114754
260,63.42213114754098,,,,63.42213114754098
261,63.42213114754098,,,,63.42213114754098
262,63.42213114754098,,,,63.42213114754098
263,63.42213114754098,,,,63.42213114754098
264,63.2172131147541,,,,63.2172131147541
265,63.729508196721305,,,,63.729508196721305
266,63.627049180327866,,,,63.627049180327866
267,63.627049180327866,,,,63.627049180327866
268,63.42213114754098,,,,63.42213114754098
269,63.42213114754098,,,,63.42213114754098
270,63.42213114754098,,,,63.42213114754098
271,63.42213114754098,,,,63.42213114754098
272,63.31967213114754,,,,63.31967213114754
273,63.729508196721305,,,,63.729508196721305
274,63.42213114754098,,,,63.42213114754098
275,63.2172131147541,,,,63.2172131147541
276,63.627049180327866,,,,63.627049180327866
277,63.729508196721305,,,,63.729508196721305
278,63.729508196721305,,,,63.729508196721305
279,63.729508196721305,,,,63.729508196721305
280,63.934426229508205,,,,63.934426229508205
281,63.729508196721305,,,,63.729508196721305
282,63.627049180327866,,,,63.627049180327866
283,63.729508196721305,,,,63.729508196721305
284,63.627049180327866,,,,63.627049180327866
285,63.627049180327866,,,,63.627049180327866
286,63.52459016393443,,,,63.52459016393443
287,63.729508196721305,,,,63.729508196721305
288,63.729508196721305,,,,63.729508196721305
289,63.729508196721305,,,,63.729508196721305
290,63.729508196721305,,,,63.729508196721305
291,63.627049180327866,,,,63.627049180327866
292,63.83196721311475,,,,63.83196721311475
293,63.83196721311475,,,,63.83196721311475
294,63.729508196721305,,,,63.729508196721305
295,63.627049180327866,,,,63.627049180327866
296,63.627049180327866,,,,63.627049180327866
297,63.934426229508205,,,,63.934426229508205
298,63.729508196721305,,,,63.729508196721305
299,63.934426229508205,,,,63.934426229508205
300,63.114754098360656,36.90476190476191,,,50.00975800156128
301,62.704918032786885,43.80952380952381,,,53.25722092115535
302,62.60245901639344,50.0,,,56.30122950819672
303,62.90983606557376,52.61904761904762,,,57.76444184231069
304,62.90983606557376,54.52380952380952,,,58.71682279469164
305,62.90983606557376,57.85714285714286,,,60.38348946135831
306,62.80737704918032,60.71428571428571,,,61.76083138173301
307,62.80737704918032,62.142857142857146,,,62.475117096018735
308,62.90983606557376,65.0,,,63.95491803278688
309,62.90983606557376,66.66666666666666,,,64.7882513661202
310,63.01229508196722,68.57142857142857,,,65.7918618266979
311,62.80737704918032,69.52380952380952,,,66.16559328649492
312,62.29508196721312,70.23809523809523,,,66.26658860265417
313,62.09016393442624,69.76190476190476,,,65.9260343481655
314,61.7827868852459,70.71428571428572,,,66.24853629976582
315,61.57786885245902,70.71428571428572,,,66.14607728337236
316,61.68032786885246,71.42857142857143,,,66.55444964871194
317,61.16803278688525,72.61904761904762,,,66.89354020296643
318,60.75819672131148,73.80952380952381,,,67.28386026541764
319,60.34836065573771,74.76190476190476,,,67.55513270882123
320,60.55327868852459,75.0,,,67.77663934426229
321,60.040983606557376,75.0,,,67.52049180327869
322,59.73360655737705,75.71428571428571,,,67.72394613583138
323,59.11885245901639,75.71428571428571,,,67.41656908665105
324,59.11885245901639,75.47619047619048,,,67.29752146760343
325,58.91393442622951,75.95238095238095,,,67.43315768930523
326,58.60655737704919,76.66666666666667,,,67.63661202185793
327,58.50409836065575,76.66666666666667,,,67.58538251366122
328,58.50409836065575,76.66666666666667,,,67.58538251366122
329,58.50409836065575,76.90476190476191,,,67.70443013270884
330,58.50409836065575,76.90476190476191,,,67.70443013270884
331,58.60655737704919,77.14285714285715,,,67.87470725995317
332,58.50409836065575,77.14285714285715,,,67.82347775175646
333,58.29918032786885,77.14285714285715,,,67.721018735363
334,58.40163934426229,77.38095238095238,,,67.89129586260734
335,58.29918032786885,77.38095238095238,,,67.84006635441061
336,57.99180327868852,77.38095238095238,,,67.68637782982046
337,57.684426229508205,77.85714285714286,,,67.77078454332553
338,57.684426229508205,77.85714285714286,,,67.77078454332553
339,57.78688524590165,77.85714285714286,,,67.82201405152226
340,57.78688524590165,77.85714285714286,,,67.82201405152226
341,57.684426229508205,78.0952380952381,,,67.88983216237315
342,57.58196721311475,77.85714285714286,,,67.7195550351288
343,57.377049180327866,78.0952380952381,,,67.73614363778299
344,57.377049180327866,77.85714285714286,,,67.61709601873537
345,57.377049180327866,78.0952380952381,,,67.73614363778299
346,57.06967213114754,78.0952380952381,,,67.58245511319282
347,57.06967213114754,78.33333333333333,,,67.70150273224044
348,57.06967213114754,78.0952380952381,,,67.58245511319282
349,56.9672131147541,78.0952380952381,,,67.53122560499611
350,56.864754098360656,78.33333333333333,,,67.59904371584699
351,56.76229508196722,78.33333333333333,,,67.54781420765028
352,56.864754098360656,78.33333333333333,,,67.59904371584699
353,56.65983606557376,78.57142857142857,,,67.61563231850116
354,56.65983606557376,78.57142857142857,,,67.61563231850116
355,56.55737704918032,78.57142857142857,,,67.56440281030444
356,56.65983606557376,78.80952380952381,,,67.73467993754878
357,56.55737704918032,78.33333333333333,,,67.44535519125682
358,56.65983606557376,78.57142857142857,,,67.61563231850116
359,56.454918032786885,78.57142857142857,,,67.51317330210773
360,56.454918032786885,78.57142857142857,,,67.51317330210773
361,56.454918032786885,78.57142857142857,,,67.51317330210773
362,56.55737704918032,78.57142857142857,,,67.56440281030444
363,56.55737704918032,78.57142857142857,,,67.56440281030444
364,56.454918032786885,78.57142857142857,,,67.51317330210773
365,56.454918032786885,78.57142857142857,,,67.51317330210773
366,56.25,78.57142857142857,,,67.41071428571428
367,56.35245901639344,78.33333333333333,,,67.34289617486338
368,56.35245901639344,78.33333333333333,,,67.34289617486338
369,55.94262295081968,78.33333333333333,,,67.1379781420765
370,55.94262295081968,78.33333333333333,,,67.1379781420765
371,55.84016393442624,78.57142857142857,,,67.2057962529274
372,55.84016393442624,78.57142857142857,,,67.2057962529274
373,55.84016393442624,78.57142857142857,,,67.2057962529274
374,55.84016393442624,78.57142857142857,,,67.2057962529274
375,55.84016393442624,78.57142857142857,,,67.2057962529274
376,55.84016393442624,78.57142857142857,,,67.2057962529274
377,55.73770491803278,78.57142857142857,,,67.15456674473067
378,55.73770491803278,78.57142857142857,,,67.15456674473067
379,55.5327868852459,78.57142857142857,,,67.05210772833723
380,55.43032786885246,78.57142857142857,,,67.00087822014052
381,55.22540983606557,78.57142857142857,,,66.89841920374707
382,55.12295081967213,78.57142857142857,,,66.84718969555036
383,55.12295081967213,78.57142857142857,,,66.84718969555036
384,55.020491803278695,78.57142857142857,,,66.79596018735363
385,54.91803278688525,78.57142857142857,,,66.7447306791569
386,54.91803278688525,78.57142857142857,,,66.7447306791569
387,54.8155737704918,78.57142857142857,,,66.69350117096019
388,54.8155737704918,78.57142857142857,,,66.69350117096019
389,54.71311475409836,78.33333333333333,,,66.52322404371584
390,54.61065573770492,78.57142857142857,,,66.59104215456674
391,54.61065573770492,78.57142857142857,,,66.59104215456674
392,54.50819672131148,78.33333333333333,,,66.4207650273224
393,54.40573770491803,78.33333333333333,,,66.36953551912568
394,54.40573770491803,78.57142857142857,,,66.4885831381733
395,54.40573770491803,78.33333333333333,,,66.36953551912568
396,54.30327868852459,78.33333333333333,,,66.31830601092896
397,54.30327868852459,78.57142857142857,,,66.43735362997658
398,54.30327868852459,78.57142857142857,,,66.43735362997658
399,54.30327868852459,78.57142857142857,,,66.43735362997658
400,54.30327868852459,78.57142857142857,,,66.43735362997658
401,54.20081967213115,78.57142857142857,,,66.38612412177986
402,54.20081967213115,78.57142857142857,,,66.38612412177986
403,54.30327868852459,78.33333333333333,,,66.31830601092896
404,54.30327868852459,78.33333333333333,,,66.31830601092896
405,54.30327868852459,78.33333333333333,,,66.31830601092896
406,54.30327868852459,78.33333333333333,,,66.31830601092896
407,54.30327868852459,78.33333333333333,,,66.31830601092896
408,54.30327868852459,78.0952380952381,,,66.19925839188134
409,54.30327868852459,78.0952380952381,,,66.19925839188134
410,54.30327868852459,78.0952380952381,,,66.19925839188134
411,54.20081967213115,78.0952380952381,,,66.14802888368463
412,53.995901639344254,78.0952380952381,,,66.04556986729118
413,53.995901639344254,78.0952380952381,,,66.04556986729118
414,53.995901639344254,78.0952380952381,,,66.04556986729118
415,53.995901639344254,78.0952380952381,,,66.04556986729118
416,53.995901639344254,78.0952380952381,,,66.04556986729118
417,53.995901639344254,78.0952380952381,,,66.04556986729118
418,53.893442622950815,78.33333333333333,,,66.11338797814207
419,53.995901639344254,78.33333333333333,,,66.16461748633878
420,53.995901639344254,78.33333333333333,,,66.16461748633878
421,53.995901639344254,78.33333333333333,,,66.16461748633878
422,53.893442622950815,78.33333333333333,,,66.11338797814207
423,53.790983606557376,78.33333333333333,,,66.06215846994536
424,53.790983606557376,78.0952380952381,,,65.94311085089774
425,53.68852459016394,78.33333333333333,,,66.01092896174863
426,53.68852459016394,78.0952380952381,,,65.89188134270103
427,53.68852459016394,78.0952380952381,,,65.89188134270103
428,53.68852459016394,77.85714285714286,,,65.7728337236534
429,53.58606557377049,77.61904761904762,,,65.60255659640906
430,53.68852459016394,77.61904761904762,,,65.65378610460579
431,53.58606557377049,77.61904761904762,,,65.60255659640906
432,53.58606557377049,77.61904761904762,,,65.60255659640906
433,53.790983606557376,77.61904761904762,,,65.7050156128025
434,53.58606557377049,77.61904761904762,,,65.60255659640906
435,53.58606557377049,77.61904761904762,,,65.60255659640906
436,53.48360655737705,77.61904761904762,,,65.55132708821233
437,53.48360655737705,77.61904761904762,,,65.55132708821233
438,53.48360655737705,77.61904761904762,,,65.55132708821233
439,53.48360655737705,77.61904761904762,,,65.55132708821233
440,53.48360655737705,77.61904761904762,,,65.55132708821233
441,53.48360655737705,77.61904761904762,,,65.55132708821233
442,53.38114754098361,77.61904761904762,,,65.50009758001562
443,53.38114754098361,77.61904761904762,,,65.50009758001562
444,53.38114754098361,77.61904761904762,,,65.50009758001562
445,53.38114754098361,77.61904761904762,,,65.50009758001562
446,53.38114754098361,77.61904761904762,,,65.50009758001562
447,53.38114754098361,77.61904761904762,,,65.50009758001562
448,53.38114754098361,77.61904761904762,,,65.50009758001562
449,53.38114754098361,77.61904761904762,,,65.50009758001562
450,53.38114754098361,77.61904761904762,,,65.50009758001562
451,53.38114754098361,77.61904761904762,,,65.50009758001562
452,53.278688524590166,77.61904761904762,,,65.4488680718189
453,53.17622950819673,77.61904761904762,,,65.39763856362217
454,53.07377049180327,77.61904761904762,,,65.34640905542545
455,52.97131147540984,77.61904761904762,,,65.29517954722873
456,52.97131147540984,77.85714285714286,,,65.41422716627635
457,52.97131147540984,77.85714285714286,,,65.41422716627635
458,52.97131147540984,77.85714285714286,,,65.41422716627635
459,52.97131147540984,77.85714285714286,,,65.41422716627635
460,52.86885245901639,77.61904761904762,,,65.243950039032
461,52.97131147540984,77.61904761904762,,,65.29517954722873
462,52.86885245901639,77.85714285714286,,,65.36299765807962
463,52.76639344262295,77.85714285714286,,,65.31176814988291
464,52.76639344262295,77.85714285714286,,,65.31176814988291
465,52.76639344262295,77.85714285714286,,,65.31176814988291
466,52.76639344262295,77.61904761904762,,,65.19272053083529
467,52.86885245901639,77.61904761904762,,,65.243950039032
468,52.76639344262295,77.85714285714286,,,65.31176814988291
469,52.76639344262295,77.85714285714286,,,65.31176814988291
470,52.76639344262295,77.85714285714286,,,65.31176814988291
471,52.76639344262295,77.85714285714286,,,65.31176814988291
472,52.76639344262295,77.61904761904762,,,65.19272053083529
473,52.76639344262295,77.85714285714286,,,65.31176814988291
474,52.76639344262295,77.85714285714286,,,65.31176814988291
475,52.76639344262295,77.85714285714286,,,65.31176814988291
476,52.76639344262295,77.85714285714286,,,65.31176814988291
477,52.76639344262295,77.85714285714286,,,65.31176814988291
478,52.76639344262295,77.85714285714286,,,65.31176814988291
479,52.76639344262295,77.85714285714286,,,65.31176814988291
480,52.76639344262295,77.61904761904762,,,65.19272053083529
481,52.76639344262295,77.61904761904762,,,65.19272053083529
482,52.76639344262295,77.61904761904762,,,65.19272053083529
483,52.76639344262295,77.85714285714286,,,65.31176814988291
484,52.76639344262295,77.61904761904762,,,65.19272053083529
485,52.76639344262295,77.61904761904762,,,65.19272053083529
486,52.66393442622951,77.61904761904762,,,65.14149102263856
487,52.66393442622951,77.61904761904762,,,65.14149102263856
488,52.66393442622951,77.61904761904762,,,65.14149102263856
489,52.66393442622951,77.61904761904762,,,65.14149102263856
490,52.66393442622951,77.61904761904762,,,65.14149102263856
491,52.66393442622951,77.61904761904762,,,65.14149102263856
492,52.66393442622951,77.61904761904762,,,65.14149102263856
493,52.66393442622951,77.61904761904762,,,65.14149102263856
494,52.66393442622951,77.61904761904762,,,65.14149102263856
495,52.66393442622951,77.61904761904762,,,65.14149102263856
496,52.66393442622951,77.85714285714286,,,65.26053864168618
497,52.66393442622951,77.61904761904762,,,65.14149102263856
498,52.66393442622951,77.61904761904762,,,65.14149102263856
499,52.66393442622951,77.61904761904762,,,65.14149102263856
500,52.66393442622951,77.61904761904762,,,65.14149102263856
501,52.66393442622951,77.61904761904762,,,65.14149102263856
502,52.66393442622951,77.61904761904762,,,65.14149102263856
503,52.66393442622951,77.61904761904762,,,65.14149102263856
504,52.66393442622951,77.85714285714286,,,65.26053864168618
505,52.66393442622951,77.61904761904762,,,65.14149102263856
506,52.66393442622951,77.85714285714286,,,65.26053864168618
507,52.66393442622951,77.85714285714286,,,65.26053864168618
508,52.66393442622951,77.85714285714286,,,65.26053864168618
509,52.66393442622951,77.85714285714286,,,65.26053864168618
510,52.56147540983606,77.85714285714286,,,65.20930913348946
511,52.56147540983606,77.61904761904762,,,65.09026151444183
512,52.56147540983606,77.61904761904762,,,65.09026151444183
513,52.56147540983606,77.61904761904762,,,65.09026151444183
514,52.56147540983606,77.61904761904762,,,65.09026151444183
515,52.56147540983606,77.61904761904762,,,65.09026151444183
516,52.56147540983606,77.61904761904762,,,65.09026151444183
517,52.56147540983606,77.61904761904762,,,65.09026151444183
518,52.56147540983606,77.61904761904762,,,65.09026151444183
519,52.56147540983606,77.61904761904762,,,65.09026151444183
520,52.56147540983606,77.38095238095238,,,64.97121389539421
521,52.56147540983606,77.14285714285715,,,64.85216627634661
522,52.56147540983606,77.38095238095238,,,64.97121389539421
523,52.56147540983606,77.38095238095238,,,64.97121389539421
524,52.56147540983606,77.61904761904762,,,65.09026151444183
525,52.56147540983606,78.0952380952381,,,65.32835675253708
526,52.56147540983606,78.33333333333333,,,65.4474043715847
527,52.56147540983606,78.33333333333333,,,65.4474043715847
528,52.56147540983606,78.33333333333333,,,65.4474043715847
529,52.56147540983606,78.33333333333333,,,65.4474043715847
530,52.56147540983606,78.33333333333333,,,65.4474043715847
531,52.56147540983606,78.57142857142857,,,65.56645199063232
532,52.56147540983606,78.57142857142857,,,65.56645199063232
533,52.66393442622951,78.33333333333333,,,65.49863387978142
534,52.66393442622951,78.0952380952381,,,65.3795862607338
535,52.66393442622951,78.0952380952381,,,65.3795862607338
536,52.66393442622951,78.0952380952381,,,65.3795862607338
537,52.66393442622951,78.33333333333333,,,65.49863387978142
538,52.66393442622951,78.0952380952381,,,65.3795862607338
539,52.66393442622951,77.85714285714286,,,65.26053864168618
540,52.66393442622951,77.85714285714286,,,65.26053864168618
541,52.66393442622951,78.0952380952381,,,65.3795862607338
542,52.66393442622951,78.33333333333333,,,65.49863387978142
543,52.66393442622951,78.80952380952381,,,65.73672911787666
544,52.66393442622951,78.80952380952381,,,65.73672911787666
545,52.66393442622951,78.80952380952381,,,65.73672911787666
546,52.66393442622951,78.57142857142857,,,65.61768149882904
547,52.66393442622951,78.0952380952381,,,65.3795862607338
548,52.66393442622951,77.85714285714286,,,65.26053864168618
549,52.66393442622951,78.0952380952381,,,65.3795862607338
550,52.66393442622951,78.0952380952381,,,65.3795862607338
551,52.66393442622951,78.0952380952381,,,65.3795862607338
552,52.66393442622951,78.0952380952381,,,65.3795862607338
553,52.66393442622951,78.0952380952381,,,65.3795862607338
554,52.66393442622951,78.0952380952381,,,65.3795862607338
555,52.66393442622951,78.0952380952381,,,65.3795862607338
556,52.66393442622951,78.33333333333333,,,65.49863387978142
557,52.66393442622951,78.33333333333333,,,65.49863387978142
558,52.66393442622951,78.33333333333333,,,65.49863387978142
559,52.66393442622951,78.33333333333333,,,65.49863387978142
560,52.66393442622951,78.80952380952381,,,65.73672911787666
561,52.66393442622951,78.57142857142857,,,65.61768149882904
562,52.66393442622951,78.57142857142857,,,65.61768149882904
563,52.56147540983606,78.57142857142857,,,65.56645199063232
564,52.56147540983606,78.33333333333333,,,65.4474043715847
565,52.56147540983606,78.57142857142857,,,65.56645199063232
566,52.56147540983606,78.57142857142857,,,65.56645199063232
567,52.56147540983606,78.57142857142857,,,65.56645199063232
568,52.56147540983606,78.57142857142857,,,65.56645199063232
569,52.56147540983606,78.80952380952381,,,65.68549960967994
570,52.56147540983606,78.80952380952381,,,65.68549960967994
571,52.56147540983606,78.57142857142857,,,65.56645199063232
572,52.56147540983606,78.80952380952381,,,65.68549960967994
573,52.56147540983606,78.33333333333333,,,65.4474043715847
574,52.56147540983606,78.80952380952381,,,65.68549960967994
575,52.56147540983606,78.57142857142857,,,65.56645199063232
576,52.56147540983606,78.33333333333333,,,65.4474043715847
577,52.56147540983606,78.33333333333333,,,65.4474043715847
578,52.56147540983606,78.33333333333333,,,65.4474043715847
579,52.56147540983606,78.33333333333333,,,65.4474043715847
580,52.56147540983606,78.33333333333333,,,65.4474043715847
581,52.56147540983606,78.57142857142857,,,65.56645199063232
582,52.56147540983606,78.57142857142857,,,65.56645199063232
583,52.459016393442624,78.57142857142857,,,65.5152224824356
584,52.459016393442624,78.57142857142857,,,65.5152224824356
585,52.459016393442624,78.33333333333333,,,65.39617486338798
586,52.459016393442624,78.0952380952381,,,65.27712724434036
587,52.459016393442624,78.33333333333333,,,65.39617486338798
588,52.459016393442624,78.0952380952381,,,65.27712724434036
589,52.459016393442624,78.0952380952381,,,65.27712724434036
590,52.459016393442624,78.33333333333333,,,65.39617486338798
591,52.459016393442624,78.0952380952381,,,65.27712724434036
592,52.459016393442624,78.0952380952381,,,65.27712724434036
593,52.459016393442624,78.0952380952381,,,65.27712724434036
594,52.459016393442624,78.0952380952381,,,65.27712724434036
595,52.459016393442624,78.0952380952381,,,65.27712724434036
596,52.459016393442624,78.0952380952381,,,65.27712724434036
597,52.459016393442624,78.0952380952381,,,65.27712724434036
598,52.459016393442624,78.0952380952381,,,65.27712724434036
599,52.459016393442624,78.0952380952381,,,65.27712724434036
600,52.459016393442624,78.80952380952381,70.54054054054055,,67.269693581169
601,52.66393442622951,78.57142857142857,73.24324324324324,,68.15953541363378
602,52.66393442622951,78.80952380952381,74.05405405405405,,68.50917076326913
603,52.66393442622951,79.04761904761905,73.78378378378379,,68.49844575254411
604,52.66393442622951,79.04761904761905,73.78378378378379,,68.49844575254411
605,52.56147540983606,78.80952380952381,74.05405405405405,,68.47501775780465
606,52.56147540983606,79.28571428571428,75.13513513513513,,68.99410827689516
607,52.56147540983606,79.28571428571428,74.5945945945946,,68.81392809671497
608,52.56147540983606,78.80952380952381,74.32432432432432,,68.56510784789474
609,52.56147540983606,78.57142857142857,73.24324324324324,,68.12538240816929
610,52.56147540983606,78.0952380952381,73.24324324324324,,67.96665224943912
611,52.56147540983606,78.33333333333333,73.51351351351352,,68.1361074188943
612,52.56147540983606,77.85714285714286,73.78378378378379,,68.06746735025423
613,52.56147540983606,77.85714285714286,74.05405405405405,,68.15755744034432
614,52.56147540983606,77.85714285714286,74.05405405405405,,68.15755744034432
615,52.56147540983606,78.33333333333333,74.32432432432432,,68.40637768916457
616,52.56147540983606,78.33333333333333,74.05405405405405,,68.31628759907449
617,52.459016393442624,78.80952380952381,74.32432432432432,,68.53095484243026
618,52.56147540983606,78.80952380952381,74.32432432432432,,68.56510784789474
619,52.56147540983606,79.04761904761905,74.05405405405405,,68.55438283716973
620,52.56147540983606,79.28571428571428,74.32432432432432,,68.72383800662489
621,52.56147540983606,79.04761904761905,74.5945945945946,,68.7345630173499
622,52.56147540983606,79.04761904761905,74.5945945945946,,68.7345630173499
623,52.56147540983606,79.28571428571428,74.5945945945946,,68.81392809671497
624,52.56147540983606,79.04761904761905,74.5945945945946,,68.7345630173499
625,52.56147540983606,79.28571428571428,74.86486486486487,,68.90401818680508
626,52.56147540983606,79.04761904761905,74.86486486486487,,68.82465310744
627,52.56147540983606,79.04761904761905,74.86486486486487,,68.82465310744
628,52.56147540983606,79.04761904761905,75.13513513513513,,68.91474319753009
629,52.459016393442624,79.04761904761905,75.13513513513513,,68.88059019206561
630,52.459016393442624,79.28571428571428,75.13513513513513,,68.95995527143067
631,52.459016393442624,79.28571428571428,75.4054054054054,,69.05004536152076
632,52.459016393442624,79.28571428571428,75.4054054054054,,69.05004536152076
633,52.459016393442624,79.52380952380952,75.13513513513513,,69.03932035079576
634,52.56147540983606,79.76190476190477,75.4054054054054,,69.24292852571541
635,52.459016393442624,79.76190476190477,75.4054054054054,,69.20877552025094
636,52.459016393442624,79.76190476190477,75.13513513513513,,69.11868543016085
637,52.66393442622951,79.76190476190477,75.13513513513513,,69.1869914410898
638,52.56147540983606,79.52380952380952,75.13513513513513,,69.07347335626024
639,52.66393442622951,79.52380952380952,75.4054054054054,,69.19771645181481
640,52.66393442622951,79.76190476190477,74.5945945945946,,69.00681126090963
641,52.66393442622951,79.76190476190477,74.86486486486487,,69.09690135099972
642,52.76639344262295,79.52380952380952,75.13513513513513,,69.1417793671892
643,52.97131147540984,79.28571428571428,75.4054054054054,,69.22081038884318
644,53.07377049180327,79.52380952380952,74.86486486486487,,69.15414829349255
645,53.07377049180327,79.52380952380952,74.86486486486487,,69.15414829349255
646,53.07377049180327,79.52380952380952,74.86486486486487,,69.15414829349255
647,53.07377049180327,79.52380952380952,74.5945945945946,,69.06405820340245
648,53.07377049180327,79.52380952380952,74.32432432432432,,68.97396811331237
649,53.07377049180327,79.28571428571428,74.86486486486487,,69.07478321412746
650,53.07377049180327,79.28571428571428,74.86486486486487,,69.07478321412746
651,53.07377049180327,79.28571428571428,75.13513513513513,,69.16487330421755
652,53.07377049180327,79.28571428571428,75.13513513513513,,69.16487330421755
653,53.07377049180327,79.52380952380952,75.13513513513513,,69.24423838358264
654,53.17622950819673,79.28571428571428,75.13513513513513,,69.19902630968205
655,53.17622950819673,79.52380952380952,75.4054054054054,,69.36848147913723
656,53.17622950819673,79.28571428571428,75.13513513513513,,69.19902630968205
657,53.17622950819673,79.04761904761905,75.4054054054054,,69.20975132040707
658,53.07377049180327,79.04761904761905,74.86486486486487,,68.9954181347624
659,53.07377049180327,79.04761904761905,75.13513513513513,,69.08550822485249
660,53.07377049180327,79.04761904761905,75.67567567567568,,69.26568840503266
661,53.07377049180327,79.04761904761905,75.4054054054054,,69.17559831494258
662,53.17622950819673,79.28571428571428,75.4054054054054,,69.28911639977214
663,53.17622950819673,79.52380952380952,75.13513513513513,,69.27839138904713
664,53.17622950819673,79.52380952380952,75.13513513513513,,69.27839138904713
665,53.07377049180327,79.52380952380952,75.13513513513513,,69.24423838358264
666,53.07377049180327,79.52380952380952,75.13513513513513,,69.24423838358264
667,53.17622950819673,79.28571428571428,75.4054054054054,,69.28911639977214
668,53.17622950819673,79.28571428571428,76.21621621621621,,69.5593866700424
669,53.17622950819673,79.28571428571428,75.67567567567568,,69.37920648986223
670,53.17622950819673,79.28571428571428,75.67567567567568,,69.37920648986223
671,53.17622950819673,79.04761904761905,75.94594594594595,,69.38993150058724
672,53.17622950819673,79.28571428571428,75.94594594594595,,69.46929657995231
673,53.17622950819673,79.28571428571428,75.67567567567568,,69.37920648986223
674,53.278688524590166,79.28571428571428,75.67567567567568,,69.4133594953267
675,53.38114754098361,79.28571428571428,75.13513513513513,,69.267332320611
676,53.48360655737705,79.28571428571428,75.13513513513513,,69.30148532607548
677,53.58606557377049,79.52380952380952,75.13513513513513,,69.41500341090504
678,53.58606557377049,79.28571428571428,75.4054054054054,,69.42572842163007
679,53.58606557377049,79.52380952380952,75.4054054054054,,69.50509350099514
680,53.58606557377049,79.52380952380952,76.21621621621621,,69.7753637712654
681,53.58606557377049,79.52380952380952,76.21621621621621,,69.7753637712654
682,53.58606557377049,79.52380952380952,75.94594594594595,,69.68527368117532
683,53.58606557377049,79.52380952380952,75.4054054054054,,69.50509350099514
684,53.58606557377049,79.52380952380952,75.13513513513513,,69.41500341090504
685,53.58606557377049,79.52380952380952,75.94594594594595,,69.68527368117532
686,53.68852459016394,79.52380952380952,75.13513513513513,,69.44915641636952
687,53.68852459016394,79.28571428571428,75.13513513513513,,69.36979133700444
688,53.68852459016394,79.52380952380952,75.13513513513513,,69.44915641636952
689,53.68852459016394,79.04761904761905,75.13513513513513,,69.29042625763937
690,53.68852459016394,79.04761904761905,75.13513513513513,,69.29042625763937
691,53.68852459016394,79.28571428571428,75.4054054054054,,69.45988142709454
692,53.790983606557376,79.52380952380952,75.94594594594595,,69.75357969210428
693,53.68852459016394,79.52380952380952,75.67567567567568,,69.6293365965497
694,53.68852459016394,79.28571428571428,75.4054054054054,,69.45988142709454
695,53.68852459016394,79.28571428571428,75.4054054054054,,69.45988142709454
696,53.790983606557376,79.52380952380952,75.94594594594595,,69.75357969210428
697,53.790983606557376,79.52380952380952,75.94594594594595,,69.75357969210428
698,53.790983606557376,79.52380952380952,76.48648648648648,,69.93375987228445
699,53.790983606557376,79.28571428571428,76.21621621621621,,69.76430470282929
700,53.790983606557376,79.52380952380952,76.21621621621621,,69.84366978219437
701,53.68852459016394,78.57142857142857,75.4054054054054,,69.2217861889993
702,53.68852459016394,78.57142857142857,75.4054054054054,,69.2217861889993
703,53.790983606557376,78.80952380952381,75.94594594594595,,69.51548445400904
704,53.790983606557376,79.76190476190477,76.21621621621621,,69.92303486155946
705,53.893442622950815,79.76190476190477,76.21621621621621,,69.95718786702393
706,53.893442622950815,79.04761904761905,76.21621621621621,,69.71909262892869
707,53.893442622950815,79.04761904761905,76.75675675675676,,69.89927280910888
708,53.790983606557376,79.28571428571428,75.94594594594595,,69.6742146127392
709,53.893442622950815,79.04761904761905,76.21621621621621,,69.71909262892869
710,53.995901639344254,79.28571428571428,76.75675675675676,,70.01279089393843
711,53.995901639344254,79.52380952380952,76.48648648648648,,70.00206588321342
712,53.893442622950815,79.28571428571428,76.75675675675676,,69.97863788847395
713,53.995901639344254,79.76190476190477,76.75675675675676,,70.1715210526686
714,53.995901639344254,80.0,76.21621621621621,,70.07070595185348
715,54.09836065573771,79.76190476190477,76.75675675675676,,70.20567405813308
716,54.09836065573771,79.52380952380952,76.75675675675676,,70.126308978768
717,54.09836065573771,79.76190476190477,76.21621621621621,,70.0254938779529
718,54.09836065573771,79.52380952380952,76.21621621621621,,69.94612879858782
719,54.20081967213115,80.0,76.75675675675676,,70.31919214296265
720,54.20081967213115,80.0,77.02702702702703,,70.40928223305274
721,54.20081967213115,79.76190476190477,77.02702702702703,,70.32991715368765
722,54.20081967213115,80.23809523809524,77.02702702702703,,70.48864731241781
723,54.20081967213115,80.23809523809524,76.75675675675676,,70.39855722232772
724,54.20081967213115,79.76190476190477,76.75675675675676,,70.23982706359756
725,54.20081967213115,79.76190476190477,76.75675675675676,,70.23982706359756
726,54.20081967213115,79.76190476190477,76.75675675675676,,70.23982706359756
727,54.20081967213115,79.76190476190477,76.75675675675676,,70.23982706359756
728,54.20081967213115,80.0,76.75675675675676,,70.31919214296265
729,54.09836065573771,79.76190476190477,76.75675675675676,,70.20567405813308
730,54.09836065573771,80.0,77.02702702702703,,70.37512922758825
731,54.09836065573771,80.23809523809524,76.75675675675676,,70.36440421686324
732,54.09836065573771,79.76190476190477,76.48648648648648,,70.115583968043
733,54.20081967213115,79.52380952380952,76.48648648648648,,70.07037189414238
734,54.20081967213115,80.0,76.48648648648648,,70.22910205287255
735,54.30327868852459,79.76190476190477,76.48648648648648,,70.18388997897195
736,54.40573770491803,79.76190476190477,76.75675675675676,,70.30813307452651
737,54.30327868852459,79.76190476190477,76.21621621621621,,70.09379988888186
738,54.40573770491803,79.52380952380952,76.48648648648648,,70.13867790507135
739,54.40573770491803,79.76190476190477,76.21621621621621,,70.12795289434634
740,54.50819672131148,80.0,76.21621621621621,,70.2414709791759
741,54.40573770491803,80.0,76.21621621621621,,70.20731797371143
742,54.50819672131148,79.76190476190477,76.21621621621621,,70.16210589981081
743,54.40573770491803,80.0,76.21621621621621,,70.20731797371143
744,54.50819672131148,79.76190476190477,76.21621621621621,,70.16210589981081
745,54.50819672131148,80.0,76.21621621621621,,70.2414709791759
746,54.50819672131148,79.04761904761905,76.21621621621621,,69.92401066171557
747,54.50819672131148,79.76190476190477,76.21621621621621,,70.16210589981081
748,54.50819672131148,79.76190476190477,76.21621621621621,,70.16210589981081
749,54.40573770491803,80.0,76.21621621621621,,70.20731797371143
750,54.40573770491803,79.76190476190477,76.21621621621621,,70.12795289434634
751,54.40573770491803,80.0,76.21621621621621,,70.20731797371143
752,54.40573770491803,79.76190476190477,76.21621621621621,,70.12795289434634
753,54.40573770491803,79.76190476190477,76.75675675675676,,70.30813307452651
754,54.40573770491803,80.0,76.21621621621621,,70.20731797371143
755,54.40573770491803,80.0,76.75675675675676,,70.3874981538916
756,54.50819672131148,80.47619047619048,76.21621621621621,,70.40020113790605
757,54.50819672131148,80.47619047619048,77.02702702702703,,70.67047140817634
758,54.61065573770492,80.95238095238095,76.48648648648648,,70.6831743921908
759,54.50819672131148,80.23809523809524,76.75675675675676,,70.50101623872116
760,54.50819672131148,80.23809523809524,76.75675675675676,,70.50101623872116
761,54.61065573770492,80.23809523809524,76.75675675675676,,70.53516924418564
762,54.61065573770492,80.23809523809524,77.02702702702703,,70.62525933427573
763,54.71311475409836,80.23809523809524,76.75675675675676,,70.56932224965011
764,54.61065573770492,80.71428571428572,77.02702702702703,,70.78398949300589
765,54.71311475409836,80.95238095238095,77.02702702702703,,70.89750757783544
766,54.61065573770492,80.47619047619048,77.83783783783784,,70.97489468391107
767,54.61065573770492,80.71428571428572,77.56756756756756,,70.96416967318606
768,54.61065573770492,80.71428571428572,77.83783783783784,,71.05425976327616
769,54.61065573770492,80.71428571428572,77.29729729729729,,70.87407958309598
770,54.61065573770492,80.71428571428572,77.02702702702703,,70.78398949300589
771,54.61065573770492,80.47619047619048,77.29729729729729,,70.7947145037309
772,54.61065573770492,80.47619047619048,76.75675675675676,,70.61453432355073
773,54.61065573770492,80.23809523809524,76.21621621621621,,70.35498906400545
774,54.61065573770492,80.23809523809524,76.21621621621621,,70.35498906400545
775,54.61065573770492,80.47619047619048,76.21621621621621,,70.43435414337053
776,54.61065573770492,80.23809523809524,76.48648648648648,,70.44507915409555
777,54.71311475409836,80.23809523809524,76.21621621621621,,70.38914206946994
778,54.71311475409836,80.47619047619048,76.21621621621621,,70.46850714883503
779,54.8155737704918,80.71428571428572,76.21621621621621,,70.58202523366458
780,54.8155737704918,80.71428571428572,76.21621621621621,,70.58202523366458
781,54.8155737704918,80.95238095238095,75.94594594594595,,70.57130022293957
782,54.8155737704918,80.23809523809524,75.4054054054054,,70.15302480466414
783,54.8155737704918,80.95238095238095,75.67567567567568,,70.48121013284948
784,54.8155737704918,80.71428571428572,75.4054054054054,,70.3117549633943
785,54.91803278688525,80.23809523809524,74.5945945945946,,69.91690753985836
786,54.91803278688525,80.0,75.67567567567568,,70.19790282085364
787,54.8155737704918,80.71428571428572,75.94594594594595,,70.4919351435745
788,54.91803278688525,80.47619047619048,75.13513513513513,,70.17645279940362
789,54.91803278688525,80.47619047619048,76.21621621621621,,70.53681315976398
790,54.91803278688525,80.71428571428572,76.21621621621621,,70.61617823912906
791,54.8155737704918,80.71428571428572,75.67567567567568,,70.4018450534844
792,54.8155737704918,80.71428571428572,75.13513513513513,,70.22166487330422
793,54.91803278688525,80.23809523809524,75.13513513513513,,70.09708772003854
794,54.8155737704918,80.71428571428572,75.67567567567568,,70.4018450534844
795,54.8155737704918,80.47619047619048,74.86486486486487,,70.05220970384904
796,54.8155737704918,80.71428571428572,75.4054054054054,,70.3117549633943
797,54.8155737704918,80.71428571428572,74.86486486486487,,70.13157478321413
798,54.8155737704918,80.0,74.32432432432432,,69.7132993649387
799,54.8155737704918,80.23809523809524,74.5945945945946,,69.88275453439388
800,54.8155737704918,80.0,74.5945945945946,,69.8033894550288
801,54.8155737704918,80.95238095238095,75.94594594594595,,70.57130022293957
802,54.8155737704918,80.23809523809524,74.5945945945946,,69.88275453439388
803,54.8155737704918,80.95238095238095,76.21621621621621,,70.66139031302966
804,54.8155737704918,81.19047619047619,75.94594594594595,,70.65066530230466
805,54.8155737704918,80.71428571428572,75.94594594594595,,70.4919351435745
806,54.71311475409836,80.71428571428572,75.67567567567568,,70.36769204801992
807,54.71311475409836,80.95238095238095,76.21621621621621,,70.62723730756517
808,54.71311475409836,80.95238095238095,75.94594594594595,,70.53714721747508
809,54.71311475409836,80.95238095238095,76.48648648648648,,70.71732739765527
810,54.71311475409836,80.47619047619048,75.94594594594595,,70.37841705874494
811,54.71311475409836,80.71428571428572,76.75675675675676,,70.72805240838028
812,54.71311475409836,80.71428571428572,76.75675675675676,,70.72805240838028
813,54.61065573770492,80.47619047619048,76.75675675675676,,70.61453432355073
814,54.71311475409836,80.95238095238095,76.48648648648648,,70.71732739765527
815,54.71311475409836,80.95238095238095,75.94594594594595,,70.53714721747508
816,54.71311475409836,80.95238095238095,76.21621621621621,,70.62723730756517
817,54.71311475409836,81.19047619047619,76.21621621621621,,70.70660238693024
818,54.61065573770492,80.71428571428572,77.02702702702703,,70.78398949300589
819,54.61065573770492,80.47619047619048,75.94594594594595,,70.34426405328044
820,54.50819672131148,80.23809523809524,76.48648648648648,,70.41092614863108
821,54.50819672131148,80.23809523809524,76.75675675675676,,70.50101623872116
822,54.50819672131148,80.23809523809524,76.48648648648648,,70.41092614863108
823,54.50819672131148,80.23809523809524,76.75675675675676,,70.50101623872116
824,54.40573770491803,80.0,76.75675675675676,,70.3874981538916
825,54.40573770491803,80.47619047619048,76.21621621621621,,70.36604813244158
826,54.40573770491803,80.71428571428572,75.94594594594595,,70.35532312171658
827,54.50819672131148,80.47619047619048,75.94594594594595,,70.31011104781597
828,54.61065573770492,80.95238095238095,76.21621621621621,,70.59308430210069
829,54.71311475409836,80.95238095238095,75.67567567567568,,70.447057127385
830,54.71311475409836,81.19047619047619,76.21621621621621,,70.70660238693024
831,54.8155737704918,81.19047619047619,76.21621621621621,,70.74075539239475
832,54.71311475409836,81.19047619047619,75.94594594594595,,70.61651229684016
833,54.71311475409836,80.95238095238095,76.48648648648648,,70.71732739765527
834,54.71311475409836,81.19047619047619,76.48648648648648,,70.79669247702034
835,54.8155737704918,80.95238095238095,75.94594594594595,,70.57130022293957
836,54.8155737704918,81.19047619047619,76.21621621621621,,70.74075539239475
837,54.8155737704918,80.95238095238095,75.94594594594595,,70.57130022293957
838,54.8155737704918,80.71428571428572,75.67567567567568,,70.4018450534844
839,54.71311475409836,80.95238095238095,75.4054054054054,,70.35696703729491
840,54.71311475409836,80.71428571428572,75.67567567567568,,70.36769204801992
841,54.8155737704918,80.71428571428572,75.4054054054054,,70.3117549633943
842,54.8155737704918,80.71428571428572,75.13513513513513,,70.22166487330422
843,54.8155737704918,80.95238095238095,75.13513513513513,,70.3010299526693
844,54.8155737704918,80.95238095238095,75.4054054054054,,70.39112004275938
845,54.8155737704918,80.95238095238095,75.67567567567568,,70.48121013284948
846,54.8155737704918,80.95238095238095,75.4054054054054,,70.39112004275938
847,54.8155737704918,81.19047619047619,75.4054054054054,,70.47048512212446
848,54.61065573770492,81.42857142857143,75.67567567567568,,70.57163428065068
849,54.61065573770492,81.19047619047619,75.94594594594595,,70.58235929137568
850,54.61065573770492,81.42857142857143,75.94594594594595,,70.66172437074077
851,54.71311475409836,81.19047619047619,75.67567567567568,,70.52642220675007
852,54.8155737704918,81.19047619047619,75.4054054054054,,70.47048512212446
853,54.71311475409836,80.95238095238095,75.13513513513513,,70.2668769472048
854,54.8155737704918,80.95238095238095,75.13513513513513,,70.3010299526693
855,54.8155737704918,80.71428571428572,74.86486486486487,,70.13157478321413
856,54.71311475409836,80.95238095238095,74.5945945945946,,70.08669676702463
857,54.8155737704918,80.47619047619048,74.05405405405405,,69.78193943357877
858,54.8155737704918,80.47619047619048,73.78378378378379,,69.69184934348868
859,54.8155737704918,80.47619047619048,74.05405405405405,,69.78193943357877
860,54.8155737704918,80.47619047619048,74.05405405405405,,69.78193943357877
861,54.8155737704918,80.47619047619048,74.05405405405405,,69.78193943357877
862,54.8155737704918,80.23809523809524,73.78378378378379,,69.61248426412361
863,54.71311475409836,80.47619047619048,74.86486486486487,,70.01805669838457
864,54.71311475409836,80.47619047619048,74.86486486486487,,70.01805669838457
865,54.71311475409836,80.95238095238095,74.86486486486487,,70.17678685711472
866,54.71311475409836,80.71428571428572,74.86486486486487,,70.09742177774966
867,54.71311475409836,80.23809523809524,74.05405405405405,,69.66842134874922
868,54.71311475409836,80.23809523809524,74.86486486486487,,69.9386916190195
869,54.8155737704918,80.0,74.5945945945946,,69.8033894550288
870,54.8155737704918,80.0,74.5945945945946,,69.8033894550288
871,54.8155737704918,80.0,74.05405405405405,,69.6232092748486
872,54.8155737704918,79.76190476190477,74.05405405405405,,69.54384419548354
873,54.8155737704918,80.0,74.05405405405405,,69.6232092748486
874,54.8155737704918,80.0,74.05405405405405,,69.6232092748486
875,54.8155737704918,80.0,74.32432432432432,,69.7132993649387
876,54.8155737704918,80.0,74.32432432432432,,69.7132993649387
877,54.8155737704918,80.0,74.5945945945946,,69.8033894550288
878,54.8155737704918,80.0,74.86486486486487,,69.8934795451189
879,54.8155737704918,80.0,74.5945945945946,,69.8033894550288
880,54.71311475409836,80.23809523809524,74.5945945945946,,69.84860152892941
881,54.71311475409836,80.47619047619048,74.5945945945946,,69.92796660829448
882,54.71311475409836,80.47619047619048,74.5945945945946,,69.92796660829448
883,54.71311475409836,80.0,74.5945945945946,,69.76923644956433
884,54.8155737704918,80.23809523809524,74.32432432432432,,69.79266444430378
885,54.8155737704918,80.23809523809524,74.32432432432432,,69.79266444430378
886,54.71311475409836,80.23809523809524,74.32432432432432,,69.7585114388393
887,54.71311475409836,80.23809523809524,74.86486486486487,,69.9386916190195
888,54.71311475409836,80.23809523809524,74.5945945945946,,69.84860152892941
889,54.71311475409836,80.47619047619048,74.5945945945946,,69.92796660829448
890,54.71311475409836,80.47619047619048,74.5945945945946,,69.92796660829448
891,54.71311475409836,80.23809523809524,74.32432432432432,,69.7585114388393
892,54.71311475409836,80.23809523809524,74.32432432432432,,69.7585114388393
893,54.71311475409836,80.23809523809524,74.32432432432432,,69.7585114388393
894,54.61065573770492,80.23809523809524,74.05405405405405,,69.63426834328475
895,54.61065573770492,80.0,74.5945945945946,,69.73508344409983
896,54.61065573770492,80.0,74.5945945945946,,69.73508344409983
897,54.61065573770492,80.0,75.13513513513513,,69.91526362428002
898,54.61065573770492,80.47619047619048,75.13513513513513,,70.07399378301018
899,54.71311475409836,80.23809523809524,74.32432432432432,,69.7585114388393
900,54.71311475409836,80.0,74.32432432432432,78.64077669902912,71.91955394436295
901,54.71311475409836,79.28571428571428,73.24324324324324,79.36893203883496,71.65275108047271
902,55.12295081967213,78.57142857142857,72.97297297297297,79.12621359223301,71.44839148907667
903,55.43032786885246,78.0952380952381,72.16216216216216,79.12621359223301,71.20348542962144
904,55.84016393442624,76.66666666666667,71.35135135135135,79.85436893203884,70.92813772112078
905,56.04508196721312,75.23809523809524,71.35135135135135,80.33980582524272,70.74358359547561
906,56.35245901639344,74.52380952380952,71.35135135135135,80.58252427184466,70.70253604084974
907,56.55737704918032,74.28571428571429,70.8108108108108,81.06796116504854,70.6804658276885
908,56.864754098360656,73.57142857142858,70.8108108108108,81.06796116504854,70.57873866141215
909,57.06967213114754,73.09523809523809,71.08108108108108,81.06796116504854,70.57848811812882
910,57.06967213114754,72.85714285714285,70.27027027027027,81.06796116504854,70.3162616059023
911,57.06967213114754,71.9047619047619,69.45945945945947,81.31067961165049,69.93614327675485
912,57.17213114754098,71.42857142857143,70.0,81.55339805825243,70.03852515859121
913,57.17213114754098,70.47619047619048,69.45945945945947,81.31067961165049,69.60461517371036
914,57.06967213114754,70.0,69.45945945945947,81.55339805825243,69.52063241221485
915,57.06967213114754,70.23809523809523,69.45945945945947,81.55339805825243,69.58015622173866
916,56.9672131147541,69.52380952380952,69.45945945945947,81.31067961165049,69.31529042741839
917,56.9672131147541,69.52380952380952,68.91891891891892,81.31067961165049,69.18015529228326
918,56.864754098360656,69.28571428571428,68.37837837837839,80.8252427184466,68.83852237022498
919,56.864754098360656,68.80952380952381,67.83783783783784,80.8252427184466,68.58433961604223
920,56.864754098360656,68.0952380952381,67.83783783783784,80.8252427184466,68.4057681874708
921,57.06967213114754,67.38095238095238,67.02702702702703,81.06796116504854,68.13640317604387
922,57.06967213114754,67.61904761904762,67.02702702702703,81.06796116504854,68.19592698556768
923,57.17213114754098,67.38095238095238,66.75675675675676,80.8252427184466,68.03377075092418
924,57.377049180327866,66.66666666666666,66.48648648648648,80.8252427184466,67.83886126298191
925,57.479508196721305,66.42857142857143,66.21621621621621,80.8252427184466,67.73738463998889
926,57.479508196721305,66.42857142857143,66.21621621621621,81.06796116504854,67.79806425163937
927,57.377049180327866,67.38095238095238,66.21621621621621,81.06796116504854,68.01054473563624
928,57.377049180327866,67.38095238095238,65.94594594594595,81.06796116504854,67.94297716806868
929,57.377049180327866,66.9047619047619,65.67567567567568,81.06796116504854,67.7563619814535
930,57.377049180327866,66.66666666666666,65.4054054054054,80.8252427184466,67.56859099271163
931,57.377049180327866,67.14285714285714,65.4054054054054,80.8252427184466,67.68763861175925
932,57.377049180327866,67.14285714285714,65.4054054054054,80.8252427184466,67.68763861175925
933,57.479508196721305,66.9047619047619,65.13513513513513,80.8252427184466,67.58616198876624
934,57.58196721311475,66.42857142857143,64.86486486486487,80.58252427184466,67.36448194459892
935,57.58196721311475,66.19047619047619,65.13513513513513,80.33980582524272,67.31184609099219
936,57.479508196721305,65.95238095238095,64.86486486486487,80.58252427184466,67.21981957145294
937,57.479508196721305,65.95238095238095,64.32432432432432,81.06796116504854,67.20604365961879
938,57.479508196721305,65.95238095238095,63.78378378378379,81.06796116504854,67.07090852448364
939,57.479508196721305,65.95238095238095,63.78378378378379,81.06796116504854,67.07090852448364
940,57.479508196721305,65.95238095238095,63.51351351351351,81.06796116504854,67.00334095691608
941,57.479508196721305,65.71428571428571,63.51351351351351,81.06796116504854,66.94381714739227
942,57.479508196721305,65.95238095238095,63.51351351351351,81.06796116504854,67.00334095691608
943,57.479508196721305,65.71428571428571,63.51351351351351,80.8252427184466,66.88313753574178
944,57.377049180327866,65.71428571428571,63.51351351351351,81.06796116504854,66.91820239329391
945,57.479508196721305,65.23809523809524,63.78378378378379,81.06796116504854,66.89233709591221
946,57.479508196721305,65.0,63.51351351351351,81.31067961165049,66.82592533047132
947,57.377049180327866,65.47619047619048,63.78378378378379,81.31067961165049,66.98692576298815
948,57.377049180327866,65.47619047619048,63.24324324324324,81.06796116504854,66.79111101620254
949,57.377049180327866,65.47619047619048,62.972972972972975,81.06796116504854,66.72354344863497
950,57.58196721311475,65.23809523809524,62.43243243243243,81.79611650485437,66.7621528471242
951,57.479508196721305,65.23809523809524,61.35135135135135,81.79611650485437,66.46626782275557
952,57.479508196721305,65.23809523809524,61.35135135135135,81.79611650485437,66.46626782275557
953,57.479508196721305,65.0,61.35135135135135,81.79611650485437,66.40674401323176
954,57.479508196721305,65.0,61.35135135135135,82.03883495145631,66.46742362488224
955,57.479508196721305,65.0,61.35135135135135,82.03883495145631,66.46742362488224
956,57.479508196721305,65.0,61.35135135135135,82.03883495145631,66.46742362488224
957,57.479508196721305,65.0,61.35135135135135,82.03883495145631,66.46742362488224
958,57.479508196721305,65.0,61.35135135135135,82.03883495145631,66.46742362488224
959,57.479508196721305,64.28571428571429,60.810810810810814,82.03883495145631,66.15371706117568
960,57.479508196721305,63.8095238095238,60.54054054054055,82.03883495145631,65.96710187456048
961,57.479508196721305,64.04761904761904,60.27027027027027,82.03883495145631,65.95905811651673
962,57.479508196721305,64.04761904761904,60.54054054054055,82.03883495145631,66.0266256840843
963,57.479508196721305,64.76190476190476,60.810810810810814,81.55339805825243,66.15140545692232
964,57.479508196721305,64.76190476190476,60.27027027027027,81.79611650485437,66.07694993343767
965,57.58196721311475,63.33333333333333,59.72972972972973,81.79611650485437,65.61028669525804
966,57.684426229508205,63.095238095238095,59.18918918918919,81.79611650485437,65.44124250469747
967,57.684426229508205,62.85714285714285,59.18918918918919,82.03883495145631,65.44239830682413
968,57.684426229508205,62.85714285714285,59.18918918918919,82.03883495145631,65.44239830682413
969,57.684426229508205,63.095238095238095,59.18918918918919,81.79611650485437,65.44124250469747
970,57.684426229508205,62.85714285714285,58.37837837837838,81.79611650485437,65.17901599247095
971,57.78688524590165,63.33333333333333,58.648648648648646,82.28155339805825,65.51260515648546
972,57.684426229508205,63.33333333333333,58.648648648648646,82.28155339805825,65.48699040238711
973,57.684426229508205,64.04761904761904,58.648648648648646,82.28155339805825,65.66556183095854
974,57.684426229508205,63.33333333333333,58.648648648648646,82.28155339805825,65.48699040238711
975,57.684426229508205,63.57142857142857,58.91891891891892,82.28155339805825,65.61408177947848
976,57.78688524590165,63.095238095238095,58.108108108108105,82.28155339805825,65.31794621182652
977,57.684426229508205,63.095238095238095,58.37837837837838,82.28155339805825,65.35989902529573
978,57.78688524590165,63.095238095238095,57.567567567567565,82.28155339805825,65.1828110766914
979,57.78688524590165,63.57142857142857,57.567567567567565,82.03883495145631,65.24117908408851
980,57.78688524590165,63.33333333333333,58.37837837837838,82.03883495145631,65.38435797726741
981,57.58196721311475,63.8095238095238,58.37837837837838,81.79611650485437,65.39149647646782
982,57.78688524590165,63.57142857142857,58.108108108108105,81.79611650485437,65.31563460757317
983,57.78688524590165,63.57142857142857,57.2972972972973,82.28155339805825,65.23429112817144
984,57.78688524590165,63.8095238095238,58.648648648648646,82.03883495145631,65.5709731638826
985,57.684426229508205,63.8095238095238,58.648648648648646,82.03883495145631,65.54535840978424
986,57.78688524590165,63.8095238095238,57.83783783783784,82.28155339805825,65.42895007283039
987,57.78688524590165,63.8095238095238,57.567567567567565,82.03883495145631,65.30070289361232
988,57.684426229508205,64.04761904761904,58.108108108108105,82.52427184466019,65.59110630747388
989,57.78688524590165,63.8095238095238,57.567567567567565,82.03883495145631,65.30070289361232
990,57.684426229508205,63.8095238095238,57.2972972972973,82.28155339805825,65.26820018359689
991,57.78688524590165,64.04761904761904,57.2972972972973,82.28155339805825,65.35333874721906
992,57.78688524590165,64.28571428571429,57.567567567567565,82.28155339805825,65.48043012431043
993,57.88934426229508,64.76190476190476,57.567567567567565,82.52427184466019,65.68577210910689
994,57.88934426229508,64.28571428571429,57.2972972972973,82.52427184466019,65.49915692249172
995,57.88934426229508,64.52380952380953,57.2972972972973,82.52427184466019,65.55868073201553
996,57.88934426229508,64.76190476190476,58.108108108108105,82.52427184466019,65.82090724424204
997,57.88934426229508,64.04761904761904,57.2972972972973,82.52427184466019,65.4396331129679
998,57.78688524590165,64.28571428571429,57.567567567567565,82.52427184466019,65.54110973596092
999,57.78688524590165,64.28571428571429,58.108108108108105,82.52427184466019,65.67624487109606
1000,57.78688524590165,64.04761904761904,57.567567567567565,82.52427184466019,65.4815859264371
1001,57.78688524590165,64.52380952380953,57.2972972972973,82.76699029126213,65.59374558956765
1002,57.78688524590165,64.52380952380953,57.567567567567565,82.76699029126213,65.66131315713521
1003,57.78688524590165,64.52380952380953,57.2972972972973,82.76699029126213,65.59374558956765
1004,57.88934426229508,64.52380952380953,57.567567567567565,82.76699029126213,65.68692791123358
1005,57.78688524590165,64.52380952380953,57.567567567567565,82.76699029126213,65.66131315713521
1006,57.88934426229508,64.28571428571429,57.567567567567565,82.76699029126213,65.62740410170977
1007,58.09426229508197,63.57142857142857,56.48648648648648,82.28155339805825,65.10843268776382
1008,58.09426229508197,63.095238095238095,55.94594594594594,82.28155339805825,64.85424993358106
1009,58.09426229508197,63.095238095238095,55.94594594594594,82.52427184466019,64.91492954523154
1010,57.99180327868852,63.57142857142857,56.21621621621622,82.28155339805825,65.01525036609789
1011,57.88934426229508,63.33333333333333,56.75675675675676,82.52427184466019,65.12592654926134
1012,57.88934426229508,63.57142857142857,57.2972972972973,82.52427184466019,65.32058549392029
1013,57.78688524590165,63.57142857142857,57.2972972972973,82.76699029126213,65.3556503514724
1014,57.78688524590165,63.57142857142857,57.02702702702703,82.76699029126213,65.28808278390484
1015,57.88934426229508,63.8095238095238,56.48648648648648,82.76699029126213,65.23808621239188
1016,57.88934426229508,63.8095238095238,56.48648648648648,82.76699029126213,65.23808621239188
1017,57.88934426229508,64.28571428571429,56.48648648648648,82.76699029126213,65.3571338314395
1018,57.88934426229508,64.04761904761904,57.2972972972973,82.76699029126213,65.50031272461838
1019,57.88934426229508,64.04761904761904,57.2972972972973,82.76699029126213,65.50031272461838
1020,57.88934426229508,64.04761904761904,57.02702702702703,82.76699029126213,65.43274515705082
1021,57.88934426229508,64.28571428571429,56.75675675675676,82.76699029126213,65.42470139900706
1022,57.99180327868852,64.04761904761904,56.75675675675676,82.76699029126213,65.39079234358161
1023,57.99180327868852,64.04761904761904,56.21621621621622,82.76699029126213,65.25565720844648
1024,57.99180327868852,64.04761904761904,57.02702702702703,82.76699029126213,65.45835991114917
1025,57.99180327868852,63.8095238095238,56.48648648648648,83.00970873786407,65.32438057814072
1026,57.99180327868852,63.8095238095238,56.75675675675676,83.00970873786407,65.39194814570828
1027,57.99180327868852,63.33333333333333,57.02702702702703,82.76699029126213,65.27978848257776
1028,57.99180327868852,63.57142857142857,56.75675675675676,83.00970873786407,65.33242433618447
1029,57.99180327868852,63.8095238095238,56.75675675675676,83.00970873786407,65.39194814570828
1030,57.88934426229508,64.52380952380953,57.02702702702703,83.00970873786407,65.61247238774892
1031,57.88934426229508,64.28571428571429,57.2972972972973,83.00970873786407,65.62051614579269
1032,57.88934426229508,64.28571428571429,57.2972972972973,82.76699029126213,65.5598365341422
1033,57.88934426229508,64.28571428571429,57.2972972972973,83.00970873786407,65.62051614579269
1034,57.88934426229508,64.52380952380953,57.567567567567565,83.00970873786407,65.74760752288407
1035,57.78688524590165,64.76190476190476,57.83783783783784,82.76699029126213,65.7884045342266
1036,57.88934426229508,64.52380952380953,57.567567567567565,83.00970873786407,65.74760752288407
1037,57.88934426229508,64.76190476190476,57.567567567567565,82.76699029126213,65.74645172075738
1038,57.78688524590165,64.76190476190476,57.567567567567565,83.00970873786407,65.7815165783095
1039,57.684426229508205,64.04761904761904,57.2972972972973,82.76699029126213,65.44908321642167
1040,57.684426229508205,64.04761904761904,57.02702702702703,82.76699029126213,65.3815156488541
1041,57.684426229508205,64.04761904761904,57.02702702702703,82.52427184466019,65.32083603720362
1042,57.684426229508205,64.04761904761904,57.2972972972973,82.76699029126213,65.44908321642167
1043,57.684426229508205,64.04761904761904,57.2972972972973,82.76699029126213,65.44908321642167
1044,57.99180327868852,63.8095238095238,57.02702702702703,82.52427184466019,65.33815648997489
1045,58.09426229508197,63.8095238095238,57.02702702702703,82.52427184466019,65.36377124407325
1046,57.88934426229508,63.57142857142857,57.02702702702703,82.76699029126213,65.3136975380032
1047,57.78688524590165,64.04761904761904,57.2972972972973,83.00970873786407,65.53537758217051
1048,57.88934426229508,64.04761904761904,57.2972972972973,83.00970873786407,65.56099233626887
1049,58.09426229508197,64.04761904761904,57.02702702702703,83.00970873786407,65.54465427689803
1050,58.09426229508197,63.8095238095238,57.02702702702703,83.00970873786407,65.48513046737422
1051,58.09426229508197,63.8095238095238,57.2972972972973,83.00970873786407,65.55269803494178
1052,57.99180327868852,64.04761904761904,57.2972972972973,83.00970873786407,65.58660709036724
1053,58.09426229508197,63.8095238095238,57.2972972972973,83.00970873786407,65.55269803494178
1054,58.19672131147541,63.8095238095238,57.2972972972973,82.76699029126213,65.51763317738965
1055,57.99180327868852,64.04761904761904,57.2972972972973,83.00970873786407,65.58660709036724
1056,58.19672131147541,63.8095238095238,57.2972972972973,82.76699029126213,65.51763317738965
1057,58.19672131147541,63.8095238095238,56.75675675675676,82.76699029126213,65.38249804225453
1058,58.19672131147541,63.8095238095238,56.48648648648648,82.76699029126213,65.31493047468696
1059,58.19672131147541,63.8095238095238,57.02702702702703,82.76699029126213,65.45006560982209
1060,58.19672131147541,63.8095238095238,56.75675675675676,82.52427184466019,65.32181843060404
1061,58.19672131147541,63.57142857142857,56.48648648648648,82.52427184466019,65.19472705351266
1062,58.19672131147541,63.57142857142857,56.75675675675676,82.52427184466019,65.26229462108023
1063,58.19672131147541,63.57142857142857,56.75675675675676,82.52427184466019,65.26229462108023
1064,58.09426229508197,63.57142857142857,56.75675675675676,82.52427184466019,65.23667986698187
1065,58.09426229508197,63.57142857142857,56.75675675675676,82.52427184466019,65.23667986698187
1066,58.09426229508197,63.33333333333333,56.75675675675676,82.28155339805825,65.11647644580758
1067,58.29918032786885,63.33333333333333,56.48648648648648,82.28155339805825,65.10013838643673
1068,58.19672131147541,63.33333333333333,57.02702702702703,82.28155339805825,65.2096587674735
1069,58.09426229508197,63.57142857142857,56.75675675675676,82.28155339805825,65.17600025533139
1070,58.09426229508197,63.57142857142857,56.75675675675676,82.28155339805825,65.17600025533139
1071,57.99180327868852,63.57142857142857,57.02702702702703,82.52427184466019,65.27863268045108
1072,57.99180327868852,63.57142857142857,57.02702702702703,82.76699029126213,65.33931229210157
1073,57.88934426229508,63.57142857142857,57.02702702702703,82.76699029126213,65.3136975380032
1074,57.99180327868852,63.8095238095238,57.2972972972973,82.76699029126213,65.46640366919294
1075,57.99180327868852,64.28571428571429,57.567567567567565,82.76699029126213,65.65301885580813
1076,57.88934426229508,64.76190476190476,57.567567567567565,83.00970873786407,65.80713133240786
1077,58.09426229508197,64.28571428571429,57.2972972972973,82.52427184466019,65.55038643068843
1078,58.19672131147541,64.76190476190476,57.2972972972973,82.76699029126213,65.7557284154849
1079,57.99180327868852,64.76190476190476,57.2972972972973,82.76699029126213,65.70449890728818
1080,57.99180327868852,64.76190476190476,57.2972972972973,82.76699029126213,65.70449890728818
1081,57.88934426229508,64.76190476190476,57.2972972972973,82.76699029126213,65.67888415318981
1082,57.99180327868852,64.28571428571429,57.02702702702703,82.52427184466019,65.45720410902251
1083,58.19672131147541,63.8095238095238,57.02702702702703,82.52427184466019,65.3893859981716
1084,57.99180327868852,63.8095238095238,57.02702702702703,82.52427184466019,65.33815648997489
1085,58.09426229508197,64.04761904761904,57.2972972972973,82.76699029126213,65.55154223281511
1086,58.09426229508197,64.28571428571429,57.02702702702703,82.76699029126213,65.54349847477135
1087,57.99180327868852,64.04761904761904,56.75675675675676,82.76699029126213,65.39079234358161
1088,57.99180327868852,64.04761904761904,57.02702702702703,82.76699029126213,65.45835991114917
1089,58.09426229508197,64.04761904761904,57.02702702702703,82.76699029126213,65.48397466524754
1090,58.19672131147541,64.04761904761904,56.75675675675676,82.52427184466019,65.38134224012785
1091,58.19672131147541,63.57142857142857,56.75675675675676,82.76699029126213,65.32297423273072
1092,58.19672131147541,63.8095238095238,56.48648648648648,82.52427184466019,65.25425086303648
1093,58.19672131147541,64.04761904761904,56.48648648648648,82.76699029126213,65.37445428421077
1094,58.19672131147541,63.8095238095238,55.67567567567567,82.52427184466019,65.05154816033377
1095,58.19672131147541,63.57142857142857,55.94594594594594,83.00970873786407,65.18095114167849
1096,58.29918032786885,63.57142857142857,55.67567567567567,83.00970873786407,65.1389983282093
1097,58.19672131147541,63.8095238095238,55.94594594594594,82.52427184466019,65.11911572790133
1098,58.19672131147541,63.8095238095238,55.94594594594594,82.52427184466019,65.11911572790133
1099,58.19672131147541,63.57142857142857,55.67567567567567,82.76699029126213,65.05270396246044
1100,58.19672131147541,63.8095238095238,55.67567567567567,82.76699029126213,65.11222777198425
1101,58.29918032786885,63.57142857142857,55.67567567567567,82.76699029126213,65.07831871655881
1102,58.29918032786885,63.8095238095238,55.4054054054054,82.76699029126213,65.07027495851504
1103,58.29918032786885,63.57142857142857,55.4054054054054,82.76699029126213,65.01075114899123
1104,58.29918032786885,63.57142857142857,55.13513513513514,82.76699029126213,64.94318358142367
1105,58.19672131147541,63.33333333333333,55.4054054054054,82.28155339805825,64.8042533620681
1106,58.19672131147541,63.57142857142857,55.4054054054054,82.52427184466019,64.92445678324239
1107,58.19672131147541,63.57142857142857,55.13513513513514,82.52427184466019,64.85688921567483
1108,58.19672131147541,62.85714285714285,55.13513513513514,82.28155339805825,64.61763817545291
1109,58.19672131147541,63.095238095238095,55.67567567567567,82.28155339805825,64.81229712011185
1110,58.19672131147541,62.61904761904762,55.4054054054054,82.03883495145631,64.56500232184618
1111,58.19672131147541,62.85714285714285,55.67567567567567,82.28155339805825,64.75277331058804
1112,58.19672131147541,63.095238095238095,54.59459459459459,82.28155339805825,64.54202684984159
1113,58.19672131147541,62.85714285714285,54.864864864864856,82.28155339805825,64.55007060788533
1114,57.99180327868852,62.85714285714285,55.67567567567567,82.52427184466019,64.76222341404181
1115,57.88934426229508,63.8095238095238,55.4054054054054,82.76699029126213,64.9678159421216
1116,57.78688524590165,63.8095238095238,55.13513513513514,82.52427184466019,64.8139540088052
1117,57.99180327868852,63.57142857142857,54.864864864864856,82.28155339805825,64.67741252826005
1118,57.88934426229508,63.095238095238095,55.4054054054054,82.28155339805825,64.6678852902492
1119,57.78688524590165,63.33333333333333,55.4054054054054,82.52427184466019,64.76247395732514
1120,57.78688524590165,64.04761904761904,55.4054054054054,82.76699029126213,65.00172499754706
1121,57.78688524590165,63.57142857142857,55.4054054054054,82.76699029126213,64.88267737849944
1122,57.88934426229508,63.8095238095238,55.13513513513514,82.76699029126213,64.90024837455404
1123,57.88934426229508,63.33333333333333,54.864864864864856,82.76699029126213,64.71363318793885
1124,57.78688524590165,63.57142857142857,55.13513513513514,82.76699029126213,64.81510981093187
1125,57.88934426229508,63.8095238095238,55.13513513513514,82.52427184466019,64.83956876290355
1126,57.78688524590165,64.04761904761904,55.94594594594594,82.76699029126213,65.13686013268219
1127,57.684426229508205,64.04761904761904,56.21621621621622,82.76699029126213,65.1788129461514
1128,57.684426229508205,64.04761904761904,56.48648648648648,82.76699029126213,65.24638051371896
1129,57.684426229508205,64.04761904761904,56.75675675675676,83.00970873786407,65.37462769293701
1130,57.684426229508205,64.52380952380953,57.2972972972973,83.25242718446601,65.68949005877026
1131,57.684426229508205,64.04761904761904,57.567567567567565,83.25242718446601,65.6380100072902
1132,57.684426229508205,63.8095238095238,57.567567567567565,83.00970873786407,65.51780658611591
1133,57.78688524590165,64.04761904761904,57.567567567567565,83.00970873786407,65.60294514973808
1134,57.78688524590165,63.57142857142857,57.567567567567565,83.00970873786407,65.48389753069046
1135,57.684426229508205,64.04761904761904,57.2972972972973,83.00970873786407,65.50976282807216
1136,57.58196721311475,63.8095238095238,57.02702702702703,83.00970873786407,65.35705669688241
1137,57.684426229508205,63.8095238095238,57.567567567567565,83.00970873786407,65.51780658611591
1138,57.684426229508205,64.28571428571429,57.83783783783784,83.25242718446601,65.76510138438158
1139,57.684426229508205,64.04761904761904,57.567567567567565,83.00970873786407,65.57733039563972
1140,57.58196721311475,63.33333333333333,57.567567567567565,83.00970873786407,65.37314421296993
1141,57.684426229508205,64.28571428571429,57.2972972972973,83.00970873786407,65.56928663759597
1142,57.684426229508205,64.52380952380953,57.2972972972973,83.49514563106796,65.75016967042075
1143,57.684426229508205,64.52380952380953,57.2972972972973,83.49514563106796,65.75016967042075
1144,57.684426229508205,64.52380952380953,57.2972972972973,83.49514563106796,65.75016967042075
1145,57.684426229508205,64.52380952380953,57.2972972972973,83.49514563106796,65.75016967042075
1146,57.78688524590165,64.28571428571429,57.2972972972973,83.00970873786407,65.59490139169432
1147,57.78688524590165,64.28571428571429,56.75675675675676,83.00970873786407,65.45976625655919
1148,57.78688524590165,64.52380952380953,57.02702702702703,83.25242718446601,65.64753724530105
1149,57.78688524590165,64.28571428571429,57.02702702702703,83.00970873786407,65.52733382412676
1150,57.78688524590165,64.52380952380953,57.2972972972973,83.49514563106796,65.7757844245191
1151,57.78688524590165,64.28571428571429,57.02702702702703,83.49514563106796,65.64869304742773
1152,57.78688524590165,64.52380952380953,56.75675675675676,83.49514563106796,65.64064928938397
1153,57.78688524590165,64.52380952380953,57.2972972972973,83.49514563106796,65.7757844245191
1154,57.78688524590165,64.52380952380953,57.2972972972973,83.49514563106796,65.7757844245191
1155,57.78688524590165,64.52380952380953,57.83783783783784,83.49514563106796,65.91091955965425
1156,57.684426229508205,64.52380952380953,57.567567567567565,83.49514563106796,65.81773723798831
1157,57.78688524590165,64.52380952380953,57.2972972972973,83.25242718446601,65.71510481286862
1158,57.78688524590165,64.52380952380953,57.02702702702703,83.25242718446601,65.64753724530105
1159,57.78688524590165,64.52380952380953,56.21621621621622,82.76699029126213,65.32347531929739
1160,57.78688524590165,64.76190476190476,56.48648648648648,83.25242718446601,65.57192591968973
1161,57.78688524590165,64.76190476190476,56.75675675675676,83.25242718446601,65.6394934872573
1162,57.78688524590165,64.52380952380953,57.02702702702703,83.25242718446601,65.64753724530105
1163,57.78688524590165,64.76190476190476,57.02702702702703,83.25242718446601,65.70706105482486
1164,57.78688524590165,64.76190476190476,56.75675675675676,83.25242718446601,65.6394934872573
1165,57.78688524590165,64.76190476190476,56.48648648648648,83.00970873786407,65.51124630803925
1166,57.78688524590165,64.52380952380953,56.48648648648648,83.00970873786407,65.45172249851544
1167,57.78688524590165,63.57142857142857,55.67567567567567,82.52427184466019,64.88956533441652
1168,57.78688524590165,63.57142857142857,55.13513513513514,82.76699029126213,64.81510981093187
1169,57.78688524590165,63.8095238095238,55.13513513513514,83.00970873786407,64.93531323210617
1170,57.88934426229508,64.04761904761904,55.13513513513514,83.00970873786407,65.02045179572833
1171,57.88934426229508,64.04761904761904,55.94594594594594,83.00970873786407,65.22315449843103
1172,57.99180327868852,64.28571428571429,55.4054054054054,83.00970873786407,65.17315792691807
1173,57.88934426229508,64.28571428571429,55.4054054054054,83.00970873786407,65.14754317281971
1174,57.78688524590165,64.76190476190476,55.13513513513514,83.00970873786407,65.17340847020141
1175,57.88934426229508,64.76190476190476,54.59459459459459,83.00970873786407,65.06388808916462
1176,57.99180327868852,64.76190476190476,54.864864864864856,83.25242718446601,65.21775002248104
1177,57.99180327868852,64.52380952380953,54.59459459459459,82.76699029126213,64.9692994220887
1178,57.99180327868852,64.52380952380953,54.59459459459459,82.76699029126213,64.9692994220887
1179,57.99180327868852,64.76190476190476,54.59459459459459,82.76699029126213,65.0288232316125
1180,57.99180327868852,64.28571428571429,54.054054054054056,82.76699029126213,64.77464047742976
1181,57.88934426229508,64.28571428571429,54.054054054054056,82.76699029126213,64.74902572333139
1182,57.88934426229508,64.28571428571429,54.054054054054056,82.76699029126213,64.74902572333139
1183,57.88934426229508,64.76190476190476,54.054054054054056,82.76699029126213,64.868073342379
1184,57.88934426229508,64.52380952380953,53.783783783783775,82.76699029126213,64.74098196528763
1185,57.88934426229508,64.28571428571429,53.24324324324324,82.76699029126213,64.54632302062869
1186,57.88934426229508,64.28571428571429,53.24324324324324,82.76699029126213,64.54632302062869
1187,57.88934426229508,64.52380952380953,53.24324324324324,82.76699029126213,64.6058468301525
1188,57.78688524590165,65.0,54.054054054054056,82.76699029126213,64.90198239780446
1189,57.78688524590165,64.76190476190476,53.783783783783775,82.76699029126213,64.77489102071308
1190,57.88934426229508,64.52380952380953,53.783783783783775,82.76699029126213,64.74098196528763
1191,57.99180327868852,64.52380952380953,53.783783783783775,82.76699029126213,64.76659671938599
1192,57.88934426229508,64.28571428571429,53.51351351351351,82.76699029126213,64.61389058819626
1193,57.78688524590165,64.28571428571429,54.054054054054056,82.76699029126213,64.72341096923303
1194,57.78688524590165,64.76190476190476,54.054054054054056,82.76699029126213,64.84245858828065
1195,57.88934426229508,64.04761904761904,54.054054054054056,82.76699029126213,64.68950191380758
1196,57.88934426229508,64.04761904761904,54.054054054054056,82.76699029126213,64.68950191380758
1197,57.88934426229508,64.04761904761904,54.054054054054056,82.76699029126213,64.68950191380758
1198,57.88934426229508,65.0,54.59459459459459,82.76699029126213,65.06273228703795
1199,57.88934426229508,65.0,55.13513513513514,82.76699029126213,65.19786742217309
