,Close
0,830.0
1,836.0
2,831.0
3,841.0
4,853.0
5,839.0
6,846.0
7,854.0
8,871.0
9,850.0
11,828.0
12,844.0
13,853.0
14,861.0
15,844.0
16,838.0
17,846.0
18,823.0
19,811.0
20,795.0
21,763.0
22,766.0
23,774.0
24,765.0
25,783.0
26,767.0
27,784.0
28,776.0
29,759.0
30,740.0
31,748.0
32,764.0
33,781.0
34,780.0
36,760.0
37,769.0
38,767.0
39,734.0
40,740.0
41,753.0
42,759.0
43,791.0
44,805.0
45,802.0
46,819.0
47,829.0
48,819.0
49,840.0
50,860.0
51,880.0
52,846.0
53,878.0
54,898.0
55,857.0
56,868.0
57,871.0
58,876.0
59,840.0
60,797.0
61,815.0
62,796.0
63,794.0
64,800.0
65,784.0
66,809.0
67,811.0
68,825.0
69,810.0
70,807.0
71,803.0
72,802.0
73,815.0
74,807.0
75,824.0
76,837.0
77,813.0
78,803.0
80,764.0
81,769.0
82,765.0
83,755.0
84,747.0
85,764.0
86,763.0
87,772.0
88,772.0
89,771.0
90,748.0
91,769.0
92,765.0
93,796.0
94,778.0
95,783.0
96,837.0
97,821.0
98,829.0
99,857.0
100,840.0
101,834.0
102,850.0
103,831.0
104,835.0
106,830.0
107,842.0
108,848.0
109,848.0
110,831.0
111,832.0
112,817.0
113,869.0
114,849.0
115,850.0
116,846.0
117,849.0
118,849.0
119,849.0
120,837.0
121,834.0
122,855.0
123,903.0
124,825.0
125,800.0
126,808.0
127,812.0
128,813.0
129,820.0
132,819.0
133,812.0
134,826.0
135,823.0
136,830.0
137,813.0
138,831.0
139,816.0
140,841.0
141,849.0
142,856.0
143,886.0
144,887.0
145,840.0
146,851.0
147,847.0
148,843.0
149,843.0
150,825.0
151,821.0
152,824.0
153,798.0
154,777.0
155,762.0
156,773.0
157,750.0
158,769.0
159,769.0
160,770.0
161,769.0
162,762.0
163,751.0
164,750.0
165,754.0
166,751.0
167,740.0
168,750.0
169,744.0
170,749.0
171,744.0
172,760.0
173,745.0
174,757.0
176,775.0
177,780.0
178,761.0
179,778.0
180,767.0
181,778.0
182,798.0
183,775.0
184,814.0
185,809.0
186,803.0
187,788.0
188,803.0
189,812.0
190,782.0
191,792.0
192,783.0
193,794.0
194,797.0
195,789.0
196,807.0
197,828.0
198,835.0
199,830.0
200,816.0
201,833.0
202,827.0
203,819.0
204,813.0
205,806.0
206,822.0
207,816.0
208,814.0
209,788.0
210,784.0
211,809.0
212,775.0
213,787.0
214,762.0
215,757.0
216,755.0
217,753.0
218,764.0
219,749.0
220,743.0
221,746.0
222,734.0
223,738.0
224,730.0
225,709.0
226,694.0
227,700.0
228,700.0
229,700.0
230,696.0
231,700.0
232,690.0
235,682.0
236,699.0
237,702.0
238,704.0
239,703.0
240,716.0
241,708.0
242,696.0
243,707.0
244,708.0
245,696.0
246,674.0
247,692.0
248,729.0
249,733.0
250,729.0
251,721.0
252,745.0
253,769.0
254,765.0
256,769.0
257,775.0
258,766.0
259,758.0
261,778.0
262,753.0
263,768.0
264,813.0
265,813.0
266,798.0
267,809.0
268,849.0
269,860.0
271,911.0
272,990.0
273,996.0
274,957.0
275,1005.0
276,1000.0
277,989.0
278,1004.0
279,1056.0
280,1045.0
281,1056.0
282,1020.0
283,1051.0
284,1048.0
285,1065.0
286,1086.0
287,1044.0
288,1005.0
289,1012.0
290,1037.0
291,1073.0
292,1070.0
293,1065.0
294,1137.0
296,1140.0
297,1189.0
298,1149.0
299,1160.0
300,1120.0
301,1130.0
302,1131.0
303,1116.0
304,1164.0
305,1131.0
306,1043.0
307,1064.0
308,1055.0
309,1070.0
310,1055.0
311,1047.0
312,1036.0
313,998.0
314,1028.0
315,1005.0
316,986.0
317,957.0
318,1024.0
319,1036.0
320,1063.0
321,1038.0
322,1047.0
323,1064.0
324,1073.0
325,1030.0
326,1015.0
327,1000.0
328,998.0
329,1011.0
330,981.0
331,968.0
332,1004.0
333,993.0
335,970.0
336,989.0
337,990.0
338,995.0
339,1010.0
340,1028.0
341,1017.0
342,1043.0
343,1052.0
344,1025.0
345,1010.0
346,999.0
347,992.0
348,1020.0
349,1014.0
350,1034.0
351,1089.0
352,1066.0
353,1096.0
354,1064.0
355,1074.0
356,1041.0
357,1092.0
358,1067.0
359,1103.0
360,1079.0
361,1068.0
362,1081.0
363,1060.0
364,1031.0
366,1003.0
367,964.0
368,936.0
369,943.0
370,930.0
371,952.0
372,945.0
373,904.0
374,937.0
375,930.0
376,909.0
377,926.0
378,926.0
379,915.0
380,937.0
381,925.0
382,895.0
383,927.0
384,910.0
385,917.0
386,935.0
387,946.0
388,957.0
389,974.0
390,974.0
391,961.0
393,973.0
394,970.0
395,937.0
396,878.0
397,902.0
398,881.0
399,902.0
400,887.0
401,898.0
402,905.0
403,951.0
404,956.0
405,943.0
406,940.0
407,943.0
408,940.0
409,920.0
410,934.0
411,957.0
412,937.0
413,946.0
414,956.0
415,1005.0
416,1003.0
417,1011.0
418,1032.0
419,1017.0
420,1012.0
421,1016.0
422,1028.0
423,1001.0
424,992.0
425,969.0
426,978.0
427,992.0
428,966.0
429,965.0
430,963.0
431,974.0
432,938.0
433,933.0
434,927.0
436,887.0
437,870.0
438,880.0
439,900.0
440,889.0
441,889.0
445,927.0
446,925.0
447,964.0
448,998.0
449,992.0
450,1008.0
451,993.0
452,1018.0
453,1066.0
454,1077.0
455,1096.0
456,1072.0
457,1086.0
458,1126.0
459,1114.0
460,1092.0
461,1055.0
462,1042.0
463,1052.0
464,1029.0
465,1020.0
466,1039.0
467,1066.0
468,1058.0
469,1026.0
470,1003.0
471,1011.0
472,1000.0
473,987.0
474,995.0
475,997.0
476,997.0
477,1017.0
478,1026.0
479,1006.0
480,993.0
481,990.0
482,1039.0
483,1099.0
484,1154.0
485,1157.0
486,1206.0
487,1200.0
488,1236.0
489,1285.0
490,1293.0
491,1289.0
492,1279.0
495,1325.0
496,1294.0
497,1298.0
498,1350.0
499,1355.0
500,1325.0
501,1276.0
502,1298.0
503,1300.0
504,1269.0
505,1247.0
506,1305.0
507,1293.0
508,1296.0
509,1334.0
510,1324.0
511,1302.0
512,1286.0
513,1281.0
514,1283.0
518,1309.0
519,1310.0
522,1296.0
523,1294.0
524,1386.0
525,1411.0
526,1389.0
527,1398.0
528,1371.0
529,1357.0
530,1301.0
531,1308.0
532,1337.0
533,1320.0
534,1286.0
536,1332.0
537,1360.0
538,1330.0
539,1347.0
540,1343.0
541,1343.0
542,1367.0
543,1344.0
544,1350.0
545,1400.0
546,1380.0
547,1392.0
548,1439.0
549,1454.0
550,1479.0
551,1476.0
552,1466.0
553,1450.0
554,1481.0
556,1447.0
557,1408.0
558,1409.0
559,1443.0
560,1464.0
561,1487.0
562,1465.0
563,1466.0
564,1515.0
565,1514.0
566,1499.0
567,1508.0
568,1552.0
569,1554.0
570,1582.0
571,1587.0
572,1588.0
573,1566.0
574,1559.0
575,1543.0
576,1536.0
577,1511.0
578,1510.0
579,1535.0
580,1488.0
581,1470.0
582,1504.0
583,1494.0
585,1504.0
586,1488.0
587,1479.0
588,1512.0
589,1559.0
590,1533.0
591,1516.0
592,1481.0
593,1493.0
594,1520.0
595,1508.0
596,1518.0
597,1581.0
598,1616.0
599,1581.0
600,1582.0
601,1596.0
602,1566.0
603,1540.0
604,1540.0
605,1510.0
606,1540.0
607,1495.0
608,1510.0
609,1500.0
610,1487.0
611,1487.0
612,1497.0
613,1524.0
614,1520.0
615,1557.0
616,1553.0
617,1532.0
618,1595.0
619,1588.0
620,1574.0
621,1591.0
622,1560.0
623,1563.0
624,1549.0
626,1565.0
627,1589.0
628,1608.0
629,1598.0
630,1577.0
631,1584.0
632,1566.0
633,1560.0
634,1549.0
635,1444.0
636,1462.0
637,1475.0
638,1470.0
639,1456.0
640,1474.0
641,1480.0
642,1496.0
643,1545.0
644,1598.0
645,1601.0
646,1612.0
647,1625.0
648,1638.0
649,1630.0
650,1650.0
651,1682.0
652,1697.0
655,1711.0
656,1755.0
657,1778.0
658,1808.0
659,1740.0
660,1798.0
661,1800.0
662,1773.0
663,1751.0
664,1799.0
665,1819.0
666,1773.0
667,1723.0
668,1796.0
669,1788.0
670,1759.0
671,1771.0
672,1787.0
673,1745.0
674,1702.0
675,1712.0
676,1728.0
677,1767.0
678,1754.0
679,1783.0
680,1786.0
681,1810.0
682,1827.0
683,1871.0
684,1860.0
685,1884.0
686,1907.0
687,1930.0
688,1956.0
689,1955.0
690,1937.0
691,1964.0
692,1983.0
693,2023.0
694,2012.0
696,1975.0
697,2008.0
698,2011.0
699,2045.0
700,2046.0
701,2023.0
702,2036.0
703,2054.0
704,2033.0
705,2050.0
706,2062.0
707,2075.0
708,2120.0
709,2113.0
710,2130.0
711,2120.0
712,2157.0
713,2152.0
714,2151.0
715,2191.0
716,2195.0
717,2200.0
718,2215.0
719,2224.0
720,2250.0
721,2268.0
722,2317.0
723,2374.0
724,2325.0
725,2338.0
726,2298.0
727,2212.0
728,2111.0
729,1910.0
730,1924.0
731,1994.0
732,2034.0
733,2025.0
734,2034.0
735,1979.0
736,1893.0
737,1927.0
738,1927.0
739,1901.0
740,1806.0
741,1809.0
742,1890.0
743,1914.0
744,1892.0
745,1854.0
746,1758.0
747,1722.0
748,1753.0
749,1753.0
750,1775.0
751,1790.0
752,1778.0
753,1780.0
754,1779.0
755,1760.0
756,1740.0
757,1750.0
760,1799.0
761,1855.0
762,1900.0
763,1955.0
764,2006.0
765,2097.0
766,2126.0
767,2055.0
768,2050.0
769,2060.0
770,2044.0
771,2077.0
772,2061.0
773,2074.0
774,2070.0
775,2051.0
776,2052.0
779,2018.0
780,2004.0
781,2021.0
783,2099.0
784,2145.0
785,2191.0
786,2189.0
787,2089.0
788,2160.0
789,2155.0
790,2077.0
791,2064.0
792,2077.0
793,2154.0
794,2151.0
796,2155.0
797,2165.0
798,2229.0
799,2187.0
800,2250.0
801,2301.0
802,2345.0
803,2386.0
804,2409.0
805,2379.0
806,2399.0
807,2380.0
808,2305.0
809,2380.0
810,2328.0
811,2296.0
812,2321.0
813,2293.0
814,2366.0
817,2316.0
818,2120.0
819,2125.0
820,2145.0
821,1992.0
822,2083.0
823,2071.0
824,2080.0
825,1985.0
826,2015.0
827,2058.0
828,2040.0
829,2083.0
830,2063.0
831,2050.0
832,2066.0
833,2035.0
834,2043.0
835,1976.0
836,2054.0
837,2023.0
838,2029.0
839,1991.0
840,1953.0
841,1939.0
842,1920.0
843,1911.0
844,1918.0
845,1960.0
846,1951.0
847,1979.0
848,1937.0
849,1995.0
850,1980.0
851,2031.0
852,2020.0
853,1963.0
854,1904.0
855,1912.0
856,1866.0
857,1895.0
858,1905.0
860,1921.0
861,2008.0
862,1970.0
863,2024.0
864,2079.0
865,2083.0
866,2089.0
867,2076.0
868,2078.0
869,2017.0
870,1960.0
871,1957.0
872,1904.0
873,1885.0
874,1885.0
875,1866.0
876,1802.0
877,1746.0
878,1720.0
879,1746.0
880,1689.0
881,1643.0
882,1630.0
883,1669.0
884,1677.0
886,1576.0
887,1584.0
888,1471.0
889,1493.0
890,1540.0
891,1530.0
892,1538.0
893,1501.0
894,1505.0
895,1520.0
896,1498.0
897,1513.0
898,1508.0
899,1481.0
900,1511.0
901,1575.0
902,1579.0
903,1505.0
904,1573.0
905,1582.0
906,1563.0
907,1604.0
908,1607.0
909,1650.0
910,1681.0
911,1675.0
912,1689.0
913,1667.0
915,1692.0
916,1697.0
917,1633.0
918,1579.0
919,1573.0
920,1534.0
921,1519.0
922,1555.0
923,1547.0
924,1466.0
925,1463.0
926,1427.0
927,1445.0
928,1448.0
929,1464.0
930,1432.0
931,1478.0
932,1485.0
933,1465.0
934,1465.0
935,1476.0
936,1469.0
937,1435.0
938,1462.0
939,1489.0
940,1513.0
941,1495.0
942,1515.0
943,1510.0
944,1487.0
945,1551.0
946,1550.0
947,1598.0
948,1659.0
949,1679.0
950,1728.0
951,1790.0
952,1753.0
953,1808.0
954,1820.0
956,1792.0
957,1729.0
958,1774.0
959,1770.0
960,1766.0
961,1738.0
962,1698.0
963,1588.0
964,1559.0
965,1562.0
966,1470.0
967,1515.0
968,1478.0
969,1519.0
970,1503.0
971,1603.0
972,1637.0
973,1663.0
974,1602.0
975,1605.0
976,1626.0
977,1563.0
978,1554.0
979,1560.0
980,1546.0
981,1549.0
982,1456.0
983,1466.0
984,1460.0
985,1490.0
986,1460.0
987,1480.0
988,1458.0
989,1367.0
990,1385.0
991,1407.0
992,1387.0
993,1409.0
994,1432.0
995,1420.0
996,1411.0
997,1431.0
998,1429.0
999,1440.0
1000,1422.0
1001,1442.0
1002,1471.0
1003,1466.0
1004,1499.0
1005,1448.0
1006,1469.0
1007,1526.0
1008,1558.0
1009,1589.0
1010,1555.0
1011,1533.0
1012,1563.0
1013,1553.0
1014,1504.0
1015,1492.0
1016,1441.0
1017,1446.0
1020,1547.0
1021,1535.0
1022,1571.0
1023,1600.0
1024,1585.0
1025,1613.0
1026,1730.0
1027,1698.0
1028,1661.0
1029,1644.0
1030,1637.0
1031,1573.0
1032,1590.0
1033,1583.0
1034,1572.0
1035,1551.0
1036,1544.0
1037,1559.0
1040,1548.0
1041,1537.0
1042,1515.0
1045,1474.0
1046,1550.0
1047,1642.0
1048,1611.0
1049,1671.0
1050,1665.0
1051,1641.0
1052,1608.0
1053,1605.0
1054,1597.0
1056,1589.0
1057,1632.0
1058,1678.0
1059,1609.0
1060,1604.0
1061,1589.0
1062,1525.0
1063,1537.0
1064,1520.0
1065,1530.0
1066,1600.0
1067,1581.0
1068,1600.0
1069,1543.0
1070,1510.0
1071,1530.0
1072,1519.0
1073,1542.0
1074,1536.0
1076,1539.0
1077,1526.0
1078,1466.0
1079,1450.0
1080,1447.0
1081,1484.0
1082,1512.0
1083,1576.0
1084,1570.0
1085,1552.0
1086,1520.0
1087,1483.0
1088,1467.0
1089,1451.0
1090,1452.0
1091,1438.0
1092,1379.0
1093,1396.0
1094,1402.0
1095,1428.0
1096,1444.0
1097,1431.0
1098,1451.0
1099,1441.0
1100,1493.0
1101,1479.0
1102,1483.0
1103,1462.0
1104,1478.0
1105,1471.0
1106,1496.0
1107,1549.0
1108,1517.0
1109,1418.0
1110,1436.0
1111,1432.0
1112,1400.0
1113,1402.0
1115,1382.0
1116,1375.0
1117,1380.0
1118,1366.0
1119,1336.0
1120,1376.0
1121,1332.0
1122,1335.0
1123,1328.0
1124,1356.0
1125,1396.0
1126,1378.0
1127,1400.0
1128,1407.0
1129,1413.0
1130,1377.0
1131,1387.0
1132,1354.0
1133,1357.0
1134,1352.0
1135,1354.0
1136,1354.0
1137,1354.0
1138,1339.0
1139,1322.0
1140,1314.0
1141,1320.0
1142,1327.0
1143,1416.0
1144,1382.0
1145,1368.0
1146,1396.0
1147,1383.0
1148,1437.0
1149,1465.0
1151,1423.0
1152,1342.0
1153,1346.0
1154,1334.0
1155,1333.0
1156,1357.0
1157,1361.0
1158,1347.0
1160,1324.0
1161,1337.0
1162,1355.0
1163,1350.0
1164,1335.0
1165,1343.0
1166,1336.0
1167,1339.0
1168,1329.0
1169,1360.0
1170,1378.0
1171,1380.0
1172,1336.0
1173,1328.0
1174,1312.0
1176,1338.0
1177,1414.0
1178,1420.0
1179,1417.0
1180,1440.0
1181,1442.0
1182,1498.0
1183,1541.0
1184,1528.0
1185,1566.0
1186,1550.0
1187,1604.0
1188,1622.0
1189,1620.0
1190,1594.0
1191,1604.0
1192,1658.0
1193,1663.0
1194,1645.0
1195,1692.0
1196,1723.0
1197,1727.0
1198,1703.0
1199,1610.0
1200,1615.0
1201,1653.0
1202,1581.0
1203,1616.0
1204,1627.0
1205,1574.0
1206,1577.0
1207,1608.0
1208,1698.0
1209,1713.0
1210,1734.0
1211,1679.0
1212,1658.0
1213,1685.0
1214,1700.0
1215,1709.0
1216,1682.0
1217,1591.0
1218,1584.0
1219,1567.0
1221,1475.0
1222,1484.0
1223,1472.0
1224,1455.0
1225,1436.0
1226,1461.0
1227,1460.0
1228,1453.0
1229,1461.0
1230,1474.0
1231,1492.0
1232,1526.0
1233,1522.0
1234,1458.0
1235,1455.0
1236,1445.0
1237,1449.0
1238,1453.0
1239,1450.0
1240,1424.0
1241,1424.0
1242,1406.0
1243,1391.0
1244,1425.0
1245,1460.0
1246,1440.0
1247,1435.0
1248,1457.0
1249,1447.0
1250,1456.0
1251,1440.0
1252,1427.0
1253,1434.0
1254,1448.0
1255,1449.0
1256,1457.0
1257,1470.0
1258,1485.0
1259,1469.0
1260,1453.0
1261,1453.0
1262,1460.0
1263,1568.0
1264,1633.0
1265,1792.0
1266,1806.0
1267,1701.0
1268,1740.0
1269,1694.0
1270,1751.0
1271,1689.0
1272,1616.0
1273,1611.0
1274,1602.0
1275,1566.0
1276,1593.0
1277,1610.0
1280,1595.0
1281,1661.0
1282,1690.0
1283,1672.0
1284,1745.0
1285,1754.0
1286,1737.0
1287,1660.0
1288,1648.0
1289,1660.0
1290,1647.0
1291,1613.0
1292,1682.0
1293,1654.0
1294,1600.0
1295,1591.0
1296,1572.0
1297,1587.0
1298,1552.0
1300,1564.0
1301,1561.0
1302,1539.0
1303,1547.0
1305,1527.0
1306,1523.0
1307,1526.0
1308,1514.0
1309,1473.0
1310,1466.0
1311,1468.0
1312,1486.0
1313,1505.0
1314,1500.0
1316,1496.0
1317,1499.0
1318,1498.0
1319,1486.0
1320,1526.0
1321,1527.0
1322,1575.0
1323,1577.0
1324,1562.0
1325,1525.0
1326,1561.0
1327,1603.0
1328,1594.0
1329,1576.0
1330,1615.0
1331,1594.0
1332,1534.0
1333,1559.0
1334,1550.0
1335,1543.0
1336,1570.0
1337,1565.0
1338,1596.0
1339,1603.0
1341,1592.0
1342,1610.0
1343,1641.0
1344,1635.0
1345,1715.0
1346,1735.0
1347,1703.0
1348,1710.0
1349,1740.0
1350,1756.0
1351,1749.0
1352,1723.0
1353,1740.0
1354,1791.0
1355,1773.0
1356,1785.0
1357,1829.0
1358,1830.0
1359,1844.0
1360,1733.0
1361,1731.0
1362,1588.0
1363,1584.0
1365,1570.0
1366,1581.0
1367,1579.0
1368,1613.0
1369,1571.0
1370,1588.0
1371,1555.0
1372,1555.0
1373,1552.0
1374,1565.0
1375,1540.0
1376,1555.0
1377,1555.0
1378,1515.0
1379,1495.0
1380,1494.0
1381,1516.0
1382,1529.0
1383,1505.0
1384,1473.0
1385,1453.0
1386,1443.0
1387,1467.0
1388,1455.0
1389,1459.0
1390,1475.0
1391,1462.0
1392,1468.0
1393,1452.0
1394,1456.0
1395,1461.0
1396,1469.0
1397,1463.0
1398,1444.0
1399,1402.0
1400,1451.0
1401,1438.0
1402,1453.0
1403,1446.0
1404,1440.0
1405,1459.0
1406,1436.0
1407,1429.0
1408,1415.0
1409,1412.0
1411,1422.0
1412,1394.0
1413,1420.0
1414,1429.0
1415,1421.0
1416,1435.0
1417,1431.0
1418,1421.0
1419,1407.0
1420,1413.0
1421,1484.0
1422,1545.0
1423,1526.0
1424,1534.0
1425,1523.0
1426,1537.0
1427,1561.0
1428,1565.0
1429,1517.0
1430,1530.0
1431,1499.0
1432,1485.0
1433,1440.0
1434,1439.0
1436,1418.0
1437,1391.0
1438,1372.0
1439,1378.0
1440,1392.0
1441,1398.0
1442,1389.0
1443,1394.0
1444,1405.0
1445,1439.0
1446,1425.0
1447,1404.0
1448,1407.0
1449,1407.0
1450,1420.0
1451,1437.0
1452,1458.0
1453,1453.0
1454,1479.0
1455,1482.0
1456,1498.0
1457,1491.0
1458,1479.0
1459,1455.0
1460,1430.0
1461,1402.0
1462,1399.0
1463,1356.0
1464,1343.0
1465,1337.0
1466,1341.0
1467,1318.0
1468,1348.0
1469,1349.0
1470,1368.0
1471,1360.0
1472,1367.0
1473,1349.0
1474,1374.0
1475,1365.0
1476,1352.0
1477,1350.0
1478,1442.0
1479,1496.0
1481,1480.0
1482,1489.0
1483,1519.0
1484,1476.0
1485,1428.0
1486,1390.0
1487,1368.0
1488,1355.0
1489,1385.0
1490,1371.0
1491,1375.0
1492,1352.0
1493,1342.0
1494,1350.0
1495,1335.0
1496,1351.0
1497,1373.0
1498,1434.0
1499,1413.0
1500,1401.0
1501,1383.0
1502,1388.0
1503,1392.0
1504,1367.0
1505,1356.0
1506,1356.0
1507,1349.0
1508,1369.0
1509,1408.0
1510,1367.0
1511,1386.0
1512,1392.0
1513,1367.0
1514,1366.0
1515,1408.0
1516,1403.0
1517,1418.0
1518,1415.0
1519,1382.0
1520,1351.0
1521,1368.0
1522,1369.0
1523,1376.0
1524,1344.0
1525,1322.0
1526,1334.0
1527,1341.0
1528,1349.0
1529,1321.0
1530,1327.0
1531,1337.0
1532,1352.0
1533,1357.0
1534,1425.0
1535,1414.0
1536,1425.0
1537,1410.0
1540,1409.0
1541,1403.0
1542,1408.0
1543,1460.0
1544,1473.0
1545,1433.0
1546,1418.0
1547,1438.0
1548,1454.0
1549,1457.0
1550,1484.0
1551,1485.0
1552,1465.0
1553,1468.0
1554,1461.0
1555,1439.0
1556,1448.0
1557,1450.0
1558,1478.0
1559,1463.0
1561,1445.0
1562,1469.0
1563,1501.0
1564,1504.0
1566,1546.0
1567,1544.0
1568,1519.0
1569,1551.0
1570,1505.0
1571,1519.0
1572,1518.0
1573,1527.0
1574,1518.0
1576,1571.0
1577,1598.0
1578,1553.0
1579,1548.0
1580,1531.0
1581,1451.0
1582,1465.0
1583,1485.0
1584,1455.0
1585,1477.0
1586,1484.0
1587,1467.0
1588,1453.0
1589,1474.0
1590,1476.0
1591,1517.0
1592,1522.0
1593,1520.0
1594,1520.0
1595,1491.0
1596,1508.0
1597,1495.0
1598,1487.0
1599,1485.0
1601,1444.0
1602,1476.0
1603,1448.0
1604,1447.0
1605,1424.0
1606,1450.0
1607,1434.0
1608,1425.0
1609,1437.0
1610,1445.0
1611,1435.0
1612,1475.0
1613,1475.0
1614,1454.0
1615,1428.0
1616,1424.0
1617,1469.0
1618,1461.0
1619,1510.0
1620,1489.0
1621,1504.0
1622,1505.0
1623,1487.0
1624,1490.0
1625,1484.0
1626,1482.0
1627,1487.0
1628,1509.0
1629,1489.0
1630,1501.0
1631,1488.0
1632,1503.0
1633,1496.0
1634,1494.0
1635,1436.0
1636,1427.0
1637,1431.0
1638,1418.0
1640,1447.0
1641,1447.0
1642,1459.0
1643,1456.0
1644,1447.0
1645,1468.0
1646,1497.0
1647,1507.0
1648,1488.0
1649,1501.0
1650,1523.0
1651,1515.0
1652,1506.0
1653,1498.0
1654,1512.0
1655,1517.0
1656,1558.0
1657,1556.0
1658,1566.0
1659,1552.0
1660,1490.0
1661,1553.0
1662,1540.0
1663,1550.0
1664,1529.0
1665,1515.0
1666,1501.0
1667,1479.0
1668,1472.0
1669,1461.0
1671,1459.0
1672,1473.0
1673,1476.0
1674,1461.0
1675,1474.0
1676,1460.0
1677,1473.0
1678,1461.0
1679,1476.0
1680,1471.0
1681,1478.0
1682,1498.0
1683,1527.0
1684,1525.0
1685,1527.0
1686,1527.0
1687,1537.0
1688,1537.0
1689,1551.0
1690,1561.0
1691,1568.0
1692,1608.0
1693,1646.0
1694,1646.0
1697,1708.0
1698,1705.0
1699,1724.0
1700,1729.0
1701,1705.0
1702,1692.0
1703,1691.0
1704,1703.0
1705,1558.0
1706,1497.0
1707,1503.0
1708,1514.0
1709,1502.0
1710,1483.0
1711,1484.0
1712,1479.0
1713,1489.0
1714,1492.0
1715,1486.0
1716,1487.0
1717,1487.0
1718,1523.0
1719,1504.0
1720,1522.0
1721,1537.0
1722,1555.0
1723,1557.0
1724,1559.0
1725,1520.0
1726,1524.0
1727,1541.0
1728,1500.0
1729,1481.0
1730,1483.0
1731,1460.0
1732,1470.0
1733,1464.0
1734,1446.0
1735,1393.0
1736,1403.0
1737,1406.0
1738,1420.0
1739,1441.0
1741,1442.0
1742,1415.0
1743,1425.0
1744,1415.0
1745,1413.0
1746,1412.0
1747,1434.0
1748,1431.0
1749,1473.0
1750,1420.0
1751,1435.0
1752,1467.0
1753,1529.0
1754,1499.0
1755,1493.0
1756,1489.0
1757,1502.0
1758,1467.0
1759,1472.0
1760,1463.0
1761,1449.0
1762,1448.0
1763,1475.0
1764,1451.0
1765,1437.0
1766,1432.0
1767,1422.0
1768,1413.0
1769,1416.0
1770,1406.0
1771,1444.0
1772,1419.0
1773,1443.0
1774,1434.0
1775,1464.0
1776,1458.0
1777,1458.0
1778,1489.0
1779,1470.0
1780,1486.0
1781,1484.0
1782,1463.0
1783,1490.0
1784,1484.0
1785,1493.0
1786,1516.0
1787,1528.0
1788,1530.0
1789,1509.0
1790,1500.0
1791,1473.0
1792,1513.0
1793,1468.0
1794,1470.0
1795,1437.0
1796,1410.0
1797,1425.0
1800,1434.0
1801,1463.0
1802,1465.0
1803,1483.0
1804,1480.0
1805,1468.0
1806,1491.0
1807,1499.0
1808,1564.0
1809,1597.0
1810,1605.0
1811,1597.0
1812,1622.0
1813,1680.0
1814,1650.0
1815,1657.0
1816,1691.0
1817,1628.0
1818,1645.0
1819,1627.0
1821,1621.0
1822,1637.0
1823,1634.0
1824,1635.0
1827,1684.0
1828,1659.0
1829,1607.0
1830,1589.0
1831,1588.0
1832,1617.0
1833,1628.0
1834,1631.0
1836,1606.0
1837,1616.0
1838,1603.0
1839,1594.0
1840,1589.0
1841,1615.0
1842,1599.0
1843,1602.0
1844,1578.0
1845,1602.0
1846,1616.0
1847,1617.0
1848,1641.0
1849,1631.0
1850,1634.0
1851,1653.0
1852,1697.0
1853,1727.0
1854,1717.0
1855,1721.0
1856,1728.0
1857,1714.0
1858,1765.0
1859,1770.0
1860,1745.0
1861,1763.0
1862,1737.0
1863,1762.0
1864,1738.0
1865,1723.0
1866,1720.0
1867,1796.0
1868,1795.0
1869,1769.0
1870,1710.0
1871,1740.0
1872,1761.0
1873,1778.0
1874,1775.0
1875,1789.0
1876,1741.0
1877,1757.0
1878,1790.0
1879,1778.0
1880,1864.0
1881,1894.0
1882,1901.0
1883,1920.0
1884,1926.0
1885,1893.0
1886,1925.0
1887,1941.0
1888,1953.0
1889,1835.0
1890,1866.0
1891,1902.0
1892,1913.0
1893,1883.0
1894,1883.0
1895,1900.0
1896,1882.0
1897,1885.0
1898,1903.0
1899,1956.0
1900,1942.0
1901,1852.0
1902,1887.0
1903,1873.0
1904,1840.0
1905,1845.0
1906,1823.0
1907,1822.0
1908,1815.0
1909,1851.0
1910,1880.0
1911,1901.0
1912,1883.0
1913,1883.0
1914,1910.0
1915,1949.0
1916,1942.0
1917,1950.0
1918,1958.0
1919,1931.0
1920,1900.0
1921,1894.0
1922,1947.0
1923,1949.0
1924,1923.0
1925,1972.0
1926,1943.0
1927,1928.0
1928,1903.0
1929,1878.0
1930,1883.0
1931,1883.0
1932,1856.0
1933,1881.0
1934,1875.0
1935,1845.0
1936,1822.0
1937,1839.0
1938,1836.0
1939,1837.0
1940,1903.0
1941,1904.0
1942,1959.0
1943,1948.0
1944,1925.0
1945,1935.0
1946,1958.0
1947,1952.0
1948,2022.0
1949,2022.0
1950,2002.0
1951,2054.0
1952,2043.0
1954,2116.0
1955,2128.0
1956,2096.0
1957,2025.0
1958,2065.0
1959,2081.0
1960,2080.0
1961,1995.0
1962,2094.0
1963,2097.0
1964,2114.0
1965,2099.0
1966,2067.0
1967,2100.0
1968,2059.0
1969,2003.0
1970,1931.0
1971,1931.0
1972,1942.0
1973,1917.0
1974,1914.0
1975,1893.0
1976,1866.0
1977,1827.0
1978,1871.0
1979,1826.0
1980,1827.0
1981,1863.0
1982,1853.0
1983,1872.0
1984,1787.0
1985,1775.0
1986,1773.0
1987,1793.0
1988,1774.0
1989,1823.0
1990,1841.0
1991,1822.0
1992,1812.0
1993,1825.0
1994,1815.0
1995,1868.0
1996,1821.0
1997,1841.0
1998,1874.0
1999,1877.0
2000,1916.0
2001,1876.0
2002,1867.0
2003,1857.0
2004,1837.0
2005,1864.0
2006,1873.0
2007,1900.0
2008,1971.0
2009,1983.0
2010,2011.0
2011,2042.0
2012,2046.0
2013,2031.0
2014,2036.0
2015,2030.0
2016,1917.0
2017,1876.0
2018,1875.0
2019,1858.0
2020,1816.0
2021,1823.0
2022,1835.0
2023,1855.0
2024,1838.0
2025,1859.0
2026,1870.0
2027,1875.0
2028,1883.0
2029,1879.0
2030,1841.0
2031,1852.0
2032,1838.0
2033,1826.0
2034,1911.0
2035,1951.0
2036,1945.0
2037,1945.0
2038,1974.0
2039,1970.0
2040,1937.0
2041,1942.0
2042,1941.0
2043,1945.0
2044,1921.0
2045,1877.0
2046,1879.0
2047,1882.0
2048,1885.0
2049,1905.0
2050,1885.0
2051,1937.0
2052,1916.0
2054,1901.0
2055,1903.0
2056,1902.0
2057,1967.0
2058,1978.0
2059,2054.0
2060,2113.0
2061,2134.0
2062,2152.0
2063,2152.0
2064,2216.0
2065,2205.0
2066,2246.0
2067,2201.0
2068,2082.0
2069,2086.0
2070,2114.0
2071,2132.0
2072,2092.0
2073,2086.0
2075,2034.0
2076,2066.0
2077,2057.0
2078,2035.0
2079,2097.0
2080,2120.0
2081,2098.0
2082,2131.0
2083,2156.0
2084,2151.0
2085,2166.0
2086,2162.0
2087,2202.0
2088,2186.0
2089,2154.0
2090,2171.0
2091,2141.0
2092,2131.0
2093,2138.0
2094,2192.0
2095,2212.0
2096,2213.0
2097,2235.0
2098,2288.0
2099,2326.0
2100,2326.0
2101,2346.0
2102,2338.0
2103,2354.0
2104,2334.0
2105,2378.0
2106,2386.0
2107,2421.0
2108,2454.0
2109,2467.0
2110,2496.0
2111,2489.0
2112,2456.0
2113,2485.0
2114,2562.0
2115,2587.0
2116,2622.0
2117,2717.0
2118,2800.0
2119,2754.0
2120,2772.0
2121,2752.0
2122,2760.0
2123,2725.0
2124,2713.0
2125,2698.0
2126,2766.0
2127,2768.0
2128,2922.0
2129,2904.0
2130,2730.0
2131,2604.0
2132,2533.0
2133,2299.0
2134,2265.0
2135,2398.0
2136,2423.0
2137,2432.0
2138,2363.0
2139,2321.0
2140,2282.0
2141,2230.0
2142,2247.0
2143,2264.0
2144,2315.0
2145,2288.0
2146,2376.0
2147,2469.0
2148,2541.0
2149,2550.0
2150,2640.0
2151,2686.0
2152,2776.0
2153,2700.0
2154,2721.0
2155,2837.0
2156,2867.0
2157,2859.0
2158,2853.0
2159,2864.0
2160,2870.0
2161,2882.0
2162,2721.0
2163,2740.0
2164,2690.0
2165,2781.0
2166,2777.0
2167,2800.0
2168,2875.0
2169,2880.0
2170,2703.0
2171,2774.0
2172,2629.0
2173,2676.0
2174,2611.0
2175,2603.0
2176,2586.0
2177,2574.0
2178,2577.0
2179,2590.0
2180,2622.0
2181,2730.0
2182,2723.0
2183,2790.0
2184,2807.0
2185,2796.0
2186,2792.0
2187,2878.0
2188,2870.0
2189,2858.0
2190,2917.0
2191,2971.0
2192,2973.0
2193,3003.0
2194,2998.0
2195,3068.0
2196,3163.0
2197,3204.0
2198,3191.0
2199,3230.0
2200,3200.0
2201,3237.0
2202,3275.0
2203,3245.0
2204,3360.0
2205,3333.0
2207,2950.0
2208,3000.0
2209,2966.0
2210,2982.0
2211,2983.0
2212,3005.0
2213,3043.0
2214,3109.0
2215,2926.0
2216,2799.0
2217,2825.0
2218,2782.0
2219,2754.0
2220,2744.0
2221,2813.0
2222,2795.0
2223,2835.0
2224,2808.0
2225,2858.0
2226,2996.0
2227,2783.0
2228,2718.0
2229,2756.0
2230,2785.0
2231,2688.0
2232,2670.0
2233,2693.0
2234,2691.0
2235,2657.0
2236,2597.0
2237,2609.0
2238,2676.0
2239,2658.0
2240,2824.0
2241,2790.0
2242,2837.0
2243,2874.0
2244,2976.0
2245,2840.0
2246,2864.0
2247,2667.0
2248,2671.0
2249,2664.0
2250,2653.0
2251,2562.0
2252,2562.0
2253,2588.0
2254,2550.0
2255,2550.0
2256,2597.0
2257,2570.0
2258,2547.0
2259,2656.0
2260,2690.0
2261,2726.0
2262,2702.0
2263,2757.0
2264,2740.0
2265,2743.0
2266,2557.0
2267,2558.0
2268,2511.0
2269,2451.0
2270,2469.0
2271,2400.0
2272,2422.0
2273,2342.0
2274,2330.0
2275,2244.0
2276,2277.0
2277,2307.0
2278,2201.0
2279,2124.0
2280,2122.0
2281,2085.0
2282,2037.0
2283,1996.0
2284,1990.0
2285,1977.0
2286,1956.0
2287,1966.0
2288,2137.0
2289,2084.0
2290,2053.0
2291,1969.0
2292,1999.0
2293,1973.0
2294,1913.0
2295,1936.0
2296,1939.0
2297,1940.0
2298,1912.0
2299,1927.0
2300,2040.0
2301,2117.0
2302,2192.0
2303,2183.0
2304,2179.0
2305,2170.0
2306,2213.0
2307,2256.0
2308,2311.0
2310,2210.0
2311,2251.0
2312,2223.0
2313,2249.0
2314,2214.0
2315,2289.0
2316,2257.0
2317,2382.0
2318,2400.0
2319,2418.0
2320,2582.0
2321,2569.0
2322,2616.0
2323,2672.0
2324,2595.0
2325,2562.0
2326,2651.0
2328,2626.0
2329,2551.0
2330,2529.0
2332,2540.0
2333,2555.0
2334,2568.0
2335,2596.0
2336,2616.0
2337,2585.0
2338,2506.0
2339,2485.0
2340,2398.0
2341,2367.0
2342,2463.0
2343,2470.0
2344,2602.0
2345,2580.0
2346,2661.0
2347,2667.0
2348,2745.0
2349,2792.0
2350,2801.0
2351,2771.0
2352,2720.0
2353,2746.0
2354,2728.0
2355,2765.0
2356,2828.0
2357,2832.0
2358,2718.0
2359,2714.0
2360,2644.0
2361,2752.0
2362,2693.0
2363,2643.0
2364,2655.0
2365,2528.0
2366,2406.0
2367,2389.0
2368,2500.0
2369,2492.0
2370,2508.0
2371,2288.0
2372,2305.0
2373,2345.0
2374,2316.0
2375,2323.0
2376,2263.0
2377,2242.0
2378,2331.0
2379,2337.0
2380,2378.0
2381,2420.0
2382,2396.0
2383,2451.0
2384,2591.0
2385,2585.0
2386,2593.0
2387,2609.0
2388,2586.0
2389,2592.0
2390,2573.0
2391,2576.0
2392,2605.0
2393,2618.0
2394,2701.0
2395,2787.0
2396,2548.0
2397,2664.0
2398,2548.0
2399,2555.0
2400,2561.0
2401,2464.0
2402,2425.0
2403,2339.0
2404,2402.0
2405,2354.0
2406,2410.0
2407,2370.0
2408,2440.0
2409,2429.0
2410,2368.0
2411,2380.0
2412,2379.0
2413,2345.0
2414,2301.0
2415,2300.0
2416,2347.0
2417,2341.0
2418,2435.0
2419,2488.0
2420,2449.0
2421,2353.0
2422,2302.0
2423,2310.0
2424,2338.0
2425,2297.0
2426,2313.0
2427,2361.0
2428,2380.0
2429,2420.0
2430,2414.0
2431,2509.0
2432,2583.0
2433,2588.0
2434,2641.0
2435,2671.0
2436,2734.0
2437,2708.0
2438,2707.0
2439,2699.0
2440,2768.0
2441,2763.0
2442,2813.0
2443,2761.0
2444,2601.0
2445,2623.0
2446,2514.0
2447,2538.0
2448,2505.0
2449,2453.0
2450,2474.0
2451,2486.0
2452,2526.0
2453,2525.0
2454,2525.0
2455,2487.0
2456,2477.0
2457,2477.0
2458,2448.0
2459,2442.0
2460,2509.0
2461,2619.0
2462,2625.0
2463,2636.0
2464,2700.0
2465,2690.0
2466,2647.0
2467,2762.0
2468,2868.0
2469,2875.0
2470,2752.0
2471,2883.0
2472,2907.0
2473,2870.0
2474,2879.0
2475,2803.0
2476,2898.0
2477,2892.0
2478,2935.0
2479,2945.0
2480,2862.0
2481,2810.0
2482,2837.0
2483,2899.0
2484,2824.0
2485,2862.0
2486,2899.0
2487,2820.0
2488,2722.0
2489,2744.0
2490,2868.0
2491,2908.0
2492,2949.0
2493,2911.0
2494,2998.0
2495,2938.0
2496,2796.0
2497,2780.0
2498,2772.0
2499,2804.0
2500,2923.0
2501,2898.0
2502,2896.0
2503,2940.0
2504,3016.0
2505,3045.0
2506,3055.0
2507,3011.0
2508,3048.0
2509,3074.0
2510,3074.0
2511,3112.0
2512,3076.0
2513,3170.0
2514,3155.0
2515,3066.0
2516,3083.0
2517,3085.0
2518,3056.0
2519,3140.0
2520,3092.0
2521,3001.0
2522,3240.0
2523,3211.0
2524,3242.0
2525,3244.0
2526,3243.0
2527,3068.0
2528,3096.0
2529,3149.0
2530,3267.0
2531,3273.0
2532,3305.0
2533,3333.0
2534,3384.0
2535,3392.0
2536,3365.0
2537,3354.0
2538,3347.0
2539,3328.0
2540,3355.0
2541,3297.0
2542,3250.0
2543,3274.0
2544,3272.0
2545,3218.0
2546,3186.0
2547,3162.0
2548,3089.0
2549,3152.0
2550,3073.0
2551,3073.0
2552,3092.0
2553,3086.0
2554,3199.0
2555,3141.0
2556,3245.0
2557,3242.0
2558,3205.0
2559,3278.0
2561,3214.0
2562,3315.0
2563,3317.0
2564,3378.0
2565,3361.0
2566,3379.0
2567,3368.0
2568,3417.0
2569,3423.0
2570,3409.0
2571,3401.0
2572,3355.0
2573,3498.0
2574,3424.0
2575,3251.0
2576,3251.0
2577,3265.0
2578,3251.0
2580,3230.0
2581,3237.0
2582,3247.0
2583,3289.0
2584,3256.0
2585,3321.0
2586,3292.0
2587,3309.0
2588,3296.0
2589,3343.0
2590,3342.0
2591,3389.0
2592,3392.0
2593,3400.0
2594,3461.0
2595,3422.0
2596,3431.0
2597,3425.0
2598,3406.0
2599,3363.0
2600,3268.0
2601,3260.0
2602,3184.0
2603,3152.0
2604,3132.0
2605,3144.0
2606,3090.0
2607,2972.0
2608,3019.0
2609,3003.0
2610,3012.0
2611,3089.0
2612,3093.0
2613,3153.0
2614,3079.0
2615,3071.0
2616,3098.0
2617,3074.0
2618,2931.0
2619,2955.0
2620,2917.0
2621,2917.0
2622,2855.0
2623,2819.0
2624,2813.0
2625,2812.0
2626,2855.0
2627,2827.0
2628,2787.0
2629,2838.0
2630,2844.0
2631,2910.0
2632,2853.0
2633,2835.0
2634,2905.0
2635,2893.0
2636,2834.0
2637,2873.0
2638,2895.0
2639,2833.0
2640,2820.0
2641,2854.0
2642,2925.0
2643,2969.0
2644,2969.0
2645,2990.0
2646,2953.0
2647,2913.0
2648,2855.0
2649,2861.0
2650,2856.0
2651,2919.0
2652,2868.0
2653,2890.0
2654,2876.0
2655,2965.0
2656,2942.0
2657,3031.0
2658,3073.0
2659,3125.0
2660,3182.0
2661,3219.0
2662,3195.0
2663,3184.0
2664,3198.0
2665,3229.0
2666,3220.0
2667,3159.0
2668,3190.0
2669,3190.0
2670,3000.0
2671,3061.0
2672,2955.0
2673,2959.0
2674,2900.0
2675,2812.0
2676,2814.0
2677,2849.0
2678,2830.0
2679,2839.0
2680,2895.0
2681,2915.0
2682,2922.0
2683,2904.0
2684,2973.0
2685,2965.0
2686,2990.0
2687,3042.0
2688,3048.0
2689,2919.0
2690,2927.0
2691,2962.0
2692,2972.0
2693,2919.0
2694,2919.0
2695,2953.0
2696,2933.0
2697,2911.0
2698,2914.0
2699,2932.0
2700,2959.0
2701,3032.0
2702,3040.0
2703,3084.0
2704,3092.0
2705,3103.0
2706,2948.0
2707,2894.0
2708,2969.0
2709,2921.0
2710,2938.0
2711,2941.0
2712,2939.0
2713,2963.0
2714,2962.0
2715,3026.0
2716,3134.0
2717,3067.0
2718,3165.0
2719,2981.0
2720,2977.0
2721,2935.0
2722,2916.0
2723,2966.0
2724,2973.0
2725,2980.0
2726,3010.0
2727,3046.0
2728,3091.0
2729,3082.0
2730,3058.0
2731,3118.0
2732,3113.0
2733,3006.0
2734,3012.0
2735,2906.0
2736,2854.0
2737,2876.0
2738,2854.0
2739,2838.0
2740,2838.0
2741,2839.0
2742,2849.0
2743,2790.0
2744,2798.0
2745,2777.0
2746,2719.0
2747,2710.0
2748,2675.0
2749,2672.0
2750,2698.0
2751,2707.0
2752,2691.0
2753,2727.0
2754,2669.0
2755,2684.0
2756,2642.0
2757,2595.0
2758,2562.0
2759,2641.0
2760,2655.0
2761,2739.0
2762,2746.0
2763,2716.0
2764,2779.0
2765,2762.0
2766,2780.0
2767,2794.0
2768,2839.0
2769,2817.0
2770,2865.0
2771,2814.0
2772,2783.0
2773,2736.0
2774,2714.0
2775,2744.0
2776,2740.0
2777,2803.0
2778,2853.0
2779,2850.0
2780,2867.0
2781,2880.0
2782,2805.0
2783,2794.0
2784,2750.0
2785,2777.0
2786,2817.0
2787,2846.0
2788,2930.0
2789,2889.0
2790,2883.0
2791,2845.0
2792,2797.0
2793,2759.0
2794,2805.0
2795,2764.0
2796,2756.0
2797,2734.0
2798,2794.0
2799,2857.0
2800,2826.0
2801,2834.0
2802,2735.0
2803,2761.0
2804,2724.0
2805,2784.0
2806,2896.0
2807,2826.0
2808,2811.0
2809,2775.0
2810,2765.0
2812,2721.0
2813,2772.0
2814,2726.0
2815,2836.0
2816,2905.0
2817,3048.0
2818,3068.0
2819,3015.0
2820,2971.0
2821,2857.0
2822,2861.0
2823,2912.0
2824,2950.0
2825,3003.0
2826,2951.0
2827,2958.0
2828,2975.0
2829,2970.0
2830,3020.0
2831,3040.0
2832,3065.0
2833,3065.0
2834,3000.0
2835,3035.0
2837,2932.0
2838,2852.0
2839,2830.0
2840,2850.0
2841,2881.0
2842,2934.0
2843,2959.0
2844,2952.0
2845,3019.0
2846,3036.0
2847,3100.0
2848,3178.0
2849,3184.0
2850,3312.0
2851,3335.0
2852,3352.0
2853,3358.0
2854,3277.0
2855,3352.0
2856,3313.0
2857,3352.0
2858,3358.0
2859,3251.0
2860,3223.0
2861,3239.0
2862,3272.0
2863,3397.0
2864,3374.0
2865,3400.0
2866,3410.0
2867,3463.0
2868,3482.0
2869,3546.0
2870,3633.0
2871,3661.0
2872,3684.0
2873,3698.0
2874,3757.0
2875,3660.0
2876,3701.0
2877,3774.0
2878,3697.0
2879,3721.0
2880,3703.0
2881,3585.0
2882,3490.0
2883,3460.0
2884,3431.0
2885,3294.0
2886,3233.0
2887,3282.0
2888,3127.0
2889,3189.0
2890,3263.0
2891,3251.0
2892,3203.0
2893,3242.0
2894,3248.0
2895,3057.0
2896,2987.0
2897,2952.0
2898,3011.0
2899,3020.0
2900,2975.0
2901,2999.0
2902,2987.0
2903,2974.0
2904,3022.0
2905,3053.0
2906,3066.0
2907,3125.0
2908,3239.0
2909,3127.0
2910,3117.0
2911,3131.0
2912,3130.0
2913,3128.0
2914,3131.0
2915,3206.0
2916,3330.0
2917,3390.0
2918,3353.0
2919,3271.0
2920,3236.0
2921,3087.0
2922,3137.0
2923,3143.0
2924,3135.0
2925,3115.0
2926,3035.0
2927,3000.0
2928,3006.0
2929,2980.0
2930,2995.0
2931,2979.0
2932,2902.0
2933,2865.0
2934,2884.0
2935,2962.0
2936,3010.0
2937,2969.0
2938,2999.0
2939,2953.0
2940,2904.0
2941,2878.0
2942,2863.0
2943,2891.0
2944,2927.0
2945,2980.0
2946,2997.0
2947,3001.0
2948,3014.0
2949,2987.0
2950,2914.0
2951,2917.0
2952,2967.0
2953,3027.0
2954,3040.0
2955,2986.0
2956,2958.0
2957,2995.0
2958,3018.0
2959,3114.0
2960,3170.0
2961,3137.0
2962,3228.0
2963,3202.0
2964,3194.0
2965,3099.0
2966,3058.0
2967,3076.0
2968,3180.0
2969,3166.0
2970,3168.0
2971,3159.0
2972,3164.0
2973,3183.0
2974,3172.0
2975,3065.0
2976,2996.0
2977,3015.0
2978,3036.0
2979,2974.0
2980,2974.0
2981,2955.0
2982,2933.0
2983,2916.0
2984,2905.0
2985,2936.0
2986,2909.0
2987,2906.0
2988,2847.0
2989,2856.0
2990,2879.0
2991,2902.0
2992,2961.0
2993,3017.0
2994,2985.0
2995,2998.0
2996,3043.0
2997,3137.0
2998,3080.0
2999,3008.0
3000,3059.0
3001,3120.0
3002,3087.0
3003,3098.0
3004,3060.0
3005,3092.0
3006,2977.0
3007,2946.0
3008,2909.0
3009,2868.0
3010,2851.0
3011,2848.0
3012,2793.0
3013,2784.0
3014,2792.0
3015,2716.0
3016,2730.0
3017,2727.0
3018,2680.0
3019,2634.0
3020,2678.0
3021,2721.0
3022,2664.0
3023,2694.0
3024,2608.0
3025,2575.0
3026,2592.0
3027,2622.0
3028,2660.0
3029,2652.0
3030,2656.0
3031,2604.0
3032,2633.0
3033,2630.0
3034,2671.0
3035,2622.0
3036,2571.0
3037,2603.0
3038,2562.0
3039,2566.0
3040,2627.0
3041,2636.0
3042,2693.0
3043,2756.0
3044,2748.0
3045,2696.0
3046,2600.0
3047,2665.0
3048,2720.0
3049,2697.0
3050,2728.0
3051,2663.0
3052,2570.0
3053,2504.0
3054,2489.0
3055,2444.0
3056,2253.0
3057,2291.0
3058,2374.0
3059,2308.0
3060,2264.0
3061,2250.0
3062,2246.0
3064,2221.0
3065,2177.0
3066,2162.0
3067,2079.0
3068,2030.0
3069,2035.0
3070,2000.0
3071,1974.0
3072,1968.0
3073,1936.0
3074,2021.0
3075,2101.0
3076,2023.0
3077,2151.0
3078,2101.0
3079,2070.0
3080,2185.0
3081,2244.0
3082,2221.0
3083,2218.0
3084,2216.0
3085,2133.0
3086,2083.0
3087,2109.0
3088,2115.0
3089,2075.0
3090,2028.0
3091,2028.0
3092,2170.0
3093,2333.0
3094,2350.0
3095,2326.0
3096,2269.0
3097,2270.0
3098,2265.0
3099,2320.0
3100,2259.0
3101,2269.0
3102,2413.0
3103,2422.0
3104,2452.0
3105,2406.0
3106,2280.0
3107,2291.0
3108,2225.0
3109,2225.0
3110,2300.0
3111,2263.0
3112,2273.0
3113,2263.0
3114,2236.0
3115,2156.0
3116,2199.0
3117,2270.0
3118,2392.0
3119,2453.0
3120,2389.0
3121,2456.0
3122,2457.0
3123,2371.0
3124,2370.0
3125,2413.0
3126,2414.0
3127,2383.0
3128,2392.0
3129,2358.0
3130,2314.0
3131,2316.0
3132,2310.0
3133,2439.0
3134,2440.0
3135,2415.0
3136,2392.0
3137,2340.0
3138,2254.0
3139,2256.0
3140,2289.0
3141,2372.0
3142,2359.0
3143,2285.0
3144,2307.0
3145,2331.0
3146,2356.0
3147,2295.0
3148,2223.0
3149,2219.0
3150,2187.0
3151,2143.0
3152,2083.0
3153,2085.0
3154,2108.0
3155,2064.0
3156,2103.0
3157,2160.0
3158,2248.0
3159,2300.0
3160,2319.0
3161,2283.0
3162,2258.0
3163,2299.0
3164,2245.0
3165,2325.0
3166,2302.0
3167,2327.0
3168,2364.0
3169,2263.0
3170,2359.0
3171,2372.0
3172,2332.0
3173,2312.0
3174,2378.0
3175,2356.0
3176,2364.0
3177,2390.0
3178,2372.0
3179,2321.0
3180,2278.0
3181,2292.0
3182,2224.0
3183,2273.0
3184,2238.0
3185,2179.0
3186,2124.0
3187,2105.0
3188,2110.0
3189,2110.0
3190,2070.0
3191,2083.0
3192,2063.0
3193,2094.0
3194,2163.0
3195,2203.0
3196,2226.0
3197,2200.0
3198,2197.0
3199,2249.0
3200,2257.0
3201,2225.0
3202,2219.0
3203,2174.0
3204,2230.0
3205,2167.0
3206,2130.0
3207,2094.0
3208,2087.0
3209,2149.0
3210,2226.0
3211,2226.0
3212,2289.0
3213,2282.0
3215,2318.0
3216,2245.0
3217,2312.0
3218,2300.0
3219,2286.0
3220,2184.0
3221,2210.0
3222,2197.0
3223,2195.0
3224,2204.0
3225,2230.0
3226,2229.0
3227,2238.0
3228,2209.0
3229,2230.0
3230,2316.0
3231,2330.0
3232,2341.0
3233,2376.0
3234,2401.0
3235,2369.0
3236,2398.0
3237,2398.0
3238,2447.0
3239,2463.0
3240,2463.0
3241,2446.0
3242,2388.0
3243,2430.0
3244,2429.0
3245,2424.0
3246,2487.0
3247,2465.0
3248,2473.0
3249,2420.0
3250,2425.0
3251,2437.0
3252,2518.0
3253,2614.0
3254,2619.0
3255,2642.0
3256,2656.0
3257,2591.0
3258,2702.0
3259,2744.0
3260,2724.0
3261,2696.0
3262,2674.0
3263,2676.0
3264,2660.0
3265,2642.0
3266,2584.0
3267,2532.0
3268,2538.0
3269,2519.0
3270,2521.0
3271,2446.0
3272,2483.0
3273,2469.0
3274,2482.0
3275,2516.0
3276,2450.0
3277,2475.0
3278,2416.0
3279,2395.0
3280,2382.0
3281,2381.0
3282,2417.0
3283,2372.0
3284,2351.0
3285,2366.0
3286,2354.0
3287,2418.0
3288,2385.0
3289,2438.0
3290,2489.0
3291,2516.0
3292,2498.0
3293,2399.0
3294,2402.0
3295,2383.0
3296,2388.0
3297,2420.0
3298,2447.0
3299,2444.0
3300,2462.0
3301,2399.0
3302,2337.0
3303,2358.0
3304,2381.0
3305,2395.0
3306,2468.0
3307,2502.0
3308,2457.0
3309,2481.0
3310,2506.0
3311,2531.0
3313,2538.0
3314,2502.0
3315,2508.0
3316,2526.0
3317,2538.0
3318,2562.0
3319,2491.0
3320,2460.0
3321,2473.0
3322,2471.0
3323,2429.0
3324,2434.0
3325,2490.0
3326,2452.0
3327,2435.0
3328,2425.0
3329,2397.0
3330,2358.0
3331,2328.0
3332,2312.0
3334,2263.0
3335,2255.0
3336,2249.0
3337,2236.0
3338,2259.0
3339,2256.0
3340,2220.0
3341,2267.0
3342,2215.0
3343,2223.0
3344,2269.0
3345,2256.0
3346,2267.0
3347,2270.0
3348,2256.0
3349,2300.0
3350,2285.0
3351,2213.0
3352,2215.0
3353,2195.0
3354,2173.0
3355,2161.0
3356,2195.0
3357,2179.0
3358,2205.0
3359,2205.0
3360,2192.0
3361,2246.0
3362,2223.0
3363,2238.0
3364,2232.0
3365,2174.0
3366,2179.0
3367,2143.0
3368,2129.0
3369,2141.0
3370,2129.0
3371,2127.0
3372,2143.0
3373,2161.0
3374,2144.0
3375,2126.0
3376,2142.0
3377,2146.0
3378,2082.0
3379,2055.0
3380,2076.0
3381,2046.0
3382,2064.0
3383,2119.0
3384,2129.0
3385,2159.0
3386,2148.0
3387,2130.0
3388,2115.0
3389,2088.0
3390,2099.0
3391,2152.0
3392,2166.0
3393,2159.0
3394,2130.0
3395,2146.0
3396,2150.0
3397,2170.0
3399,2184.0
3400,2171.0
3401,2150.0
3402,2141.0
3403,2132.0
3404,2185.0
3405,2219.0
3406,2214.0
3407,2234.0
3408,2261.0
3409,2243.0
3410,2294.0
3411,2299.0
3412,2310.0
3413,2319.0
3414,2299.0
3415,2316.0
3416,2322.0
3417,2359.0
3418,2364.0
3419,2335.0
3420,2368.0
3421,2415.0
3422,2414.0
3423,2404.0
3424,2390.0
3425,2384.0
3426,2379.0
3427,2336.0
3428,2298.0
3429,2315.0
3430,2342.0
3431,2333.0
3432,2294.0
3433,2300.0
3434,2301.0
3435,2345.0
3436,2317.0
3437,2283.0
3438,2246.0
3439,2205.0
3440,2210.0
3441,2211.0
3442,2191.0
3443,2246.0
3444,2283.0
3445,2308.0
3446,2363.0
3447,2364.0
3448,2360.0
3449,2355.0
3450,2372.0
3451,2308.0
3452,2246.0
3453,2221.0
3454,2259.0
3455,2236.0
3456,2172.0
3457,2171.0
3458,2169.0
3459,2191.0
3460,2180.0
3461,2178.0
3462,2194.0
3463,2201.0
3464,2203.0
3466,2214.0
3467,2179.0
3468,2191.0
3469,2183.0
3470,2244.0
3471,2241.0
3472,2226.0
3473,2294.0
3474,2300.0
3475,2347.0
3476,2364.0
3477,2348.0
3478,2359.0
3479,2360.0
3480,2347.0
3481,2333.0
3482,2280.0
3483,2287.0
3484,2298.0
3485,2301.0
3486,2291.0
3487,2364.0
3488,2374.0
3489,2442.0
3490,2466.0
3491,2463.0
3492,2473.0
3493,2428.0
3494,2456.0
3495,2436.0
3496,2445.0
3497,2464.0
3498,2477.0
3499,2420.0
3500,2420.0
3501,2427.0
3502,2447.0
3503,2420.0
3504,2463.0
3505,2456.0
3506,2413.0
3507,2397.0
3508,2475.0
3509,2546.0
3510,2544.0
3511,2526.0
3512,2544.0
3513,2543.0
3514,2563.0
3515,2576.0
3516,2636.0
3517,2614.0
3518,2623.0
3519,2630.0
3520,2608.0
3521,2610.0
3522,2603.0
3523,2573.0
3524,2597.0
3525,2639.0
3526,2640.0
3527,2634.0
3528,2632.0
3529,2585.0
3530,2611.0
3531,2699.0
3532,2718.0
3533,2703.0
3534,2729.0
3535,2746.0
3536,2713.0
3537,2760.0
3538,2747.0
3539,2767.0
3540,2721.0
3541,2730.0
3542,2769.0
3543,2714.0
3544,2686.0
3545,2713.0
3546,2684.0
3547,2659.0
3548,2660.0
3549,2677.0
3550,2651.0
3551,2654.0
3552,2736.0
3553,2730.0
3554,2676.0
3555,2647.0
3556,2586.0
3557,2607.0
3558,2647.0
3559,2661.0
3560,2736.0
3561,2780.0
3562,2795.0
3563,2810.0
3564,2796.0
3565,2800.0
3566,2808.0
3567,2773.0
3568,2770.0
3570,2821.0
3571,2816.0
3572,2777.0
3573,2762.0
3574,2813.0
3575,2761.0
3576,2783.0
3577,2765.0
3578,2797.0
3579,2783.0
3580,2792.0
3581,2771.0
3582,2770.0
3583,2791.0
3584,2819.0
3585,2808.0
3587,2783.0
3588,2785.0
3589,2712.0
3590,2709.0
3591,2636.0
3592,2699.0
3593,2667.0
3594,2675.0
3595,2700.0
3596,2684.0
3597,2712.0
3598,2712.0
3599,2752.0
3600,2748.0
3601,2753.0
3602,2700.0
3603,2679.0
3604,2697.0
3605,2791.0
3606,2792.0
3607,2889.0
3608,2905.0
3609,2918.0
3610,2912.0
3611,2911.0
3612,2914.0
3613,2877.0
3614,2884.0
3615,2886.0
3616,2922.0
3617,2910.0
3618,2915.0
3619,2941.0
3620,2929.0
3621,2934.0
3622,2928.0
3623,2909.0
3624,2950.0
3625,2929.0
3626,2935.0
3627,2899.0
3628,2909.0
3629,2933.0
3630,2935.0
3631,2894.0
3632,2923.0
3633,2938.0
3634,2938.0
3635,2966.0
3636,2974.0
3637,3000.0
3638,2954.0
3639,3011.0
3640,2997.0
3641,3030.0
3642,3014.0
3643,3025.0
3644,2974.0
3645,2957.0
3646,2940.0
3647,2949.0
3648,2963.0
3649,2955.0
3650,2983.0
3651,2955.0
3652,2943.0
3653,2917.0
3654,2917.0
3655,2966.0
3656,2959.0
3657,2992.0
3658,3011.0
3659,2970.0
3660,2987.0
3661,2979.0
3662,2951.0
3663,2956.0
3664,3001.0
3665,2987.0
3666,2993.0
3667,2997.0
3668,2968.0
3669,2945.0
3670,2935.0
3671,2940.0
3672,2974.0
3673,2916.0
3674,2910.0
3675,2921.0
3676,2913.0
3677,2892.0
3678,2883.0
3679,2853.0
3680,2858.0
3681,2894.0
3682,2885.0
3683,2907.0
3684,2917.0
3685,2930.0
3686,2968.0
3687,2981.0
3688,3001.0
3689,3022.0
3690,3031.0
3691,3029.0
3692,3046.0
3693,3071.0
3694,3069.0
3695,3070.0
3696,3088.0
3697,3092.0
3698,3079.0
3699,3077.0
3700,3087.0
3701,3120.0
3702,3085.0
3703,3122.0
3704,3126.0
3705,3136.0
3706,3141.0
3707,3140.0
3708,3117.0
3709,3096.0
3710,3056.0
3711,3076.0
3712,3055.0
3713,3140.0
3714,3143.0
3715,3135.0
3716,3136.0
3718,3117.0
3719,3134.0
3720,3113.0
3721,3118.0
3722,3127.0
3723,3120.0
3724,3143.0
3725,3105.0
3726,3064.0
3727,3082.0
3728,3128.0
3729,3131.0
3730,3185.0
3731,3198.0
3732,3194.0
3733,3165.0
3734,3177.0
3735,3205.0
3736,3219.0
3737,3207.0
3738,3195.0
3739,3195.0
3740,3219.0
3741,3232.0
3742,3228.0
3743,3222.0
3744,3222.0
3745,3219.0
3746,3215.0
3747,3227.0
3748,3259.0
3749,3199.0
3750,3221.0
3751,3198.0
3752,3196.0
3753,3221.0
3754,3220.0
3755,3216.0
3756,3218.0
3757,3219.0
3758,3155.0
3759,3136.0
3760,3131.0
3761,3111.0
3762,3082.0
3763,3071.0
3764,3058.0
3765,3040.0
3766,3074.0
3767,3097.0
3768,3070.0
3769,3153.0
3770,3192.0
3771,3259.0
3772,3328.0
3773,3297.0
3774,3371.0
3775,3333.0
3776,3311.0
3777,3311.0
3778,3300.0
3779,3172.0
3780,3090.0
3781,3056.0
3782,3079.0
3783,3051.0
3784,3038.0
3785,3057.0
3786,3157.0
3787,3059.0
3788,3102.0
3789,3153.0
3790,3086.0
3791,3118.0
3792,3120.0
3793,3110.0
3794,3113.0
3795,3120.0
3796,3050.0
3797,2970.0
3798,2923.0
3799,2937.0
3800,2946.0
3801,2899.0
3802,2861.0
3803,2881.0
3804,2871.0
3805,2869.0
3806,2889.0
3807,2895.0
3808,2920.0
3809,2851.0
3810,2798.0
3811,2847.0
3812,2836.0
3813,2845.0
3814,2871.0
3815,2879.0
3816,2867.0
3817,2911.0
3818,2863.0
3819,2908.0
3821,2933.0
3822,2896.0
3823,2889.0
3824,2902.0
3825,2929.0
3826,2937.0
3827,2986.0
3828,2975.0
3829,2888.0
3830,2891.0
3831,2910.0
3832,2914.0
3833,2915.0
3834,2965.0
3835,2980.0
3836,2986.0
3837,2966.0
3839,2941.0
3840,2964.0
3841,2972.0
3842,2910.0
3843,2927.0
3844,2944.0
3845,2902.0
3846,2912.0
3847,2986.0
3848,2968.0
3849,2994.0
3850,2991.0
3851,2992.0
3852,2977.0
3853,2942.0
3854,2925.0
3855,2852.0
3856,2801.0
3857,2755.0
3858,2737.0
3859,2743.0
3860,2715.0
3861,2686.0
3862,2693.0
3863,2672.0
3864,2691.0
3865,2724.0
3866,2743.0
3867,2775.0
3868,2867.0
3869,2863.0
3870,2879.0
3871,2955.0
3872,2969.0
3873,2990.0
3874,3027.0
3875,3025.0
3876,3027.0
3877,3054.0
3878,3082.0
3879,3024.0
3880,3051.0
3881,3102.0
3882,3086.0
3883,3100.0
3884,3087.0
3885,3075.0
3886,3023.0
3887,3000.0
3888,2979.0
3889,2940.0
3890,2922.0
3891,2902.0
3892,2869.0
3893,2788.0
3894,2758.0
3895,2715.0
3896,2790.0
3897,2757.0
3898,2783.0
3899,2786.0
3900,2760.0
3901,2744.0
3902,2695.0
3903,2699.0
3904,2748.0
3905,2768.0
3906,2800.0
3907,2785.0
3908,2807.0
3909,2792.0
3910,2781.0
3911,2799.0
3912,2848.0
3913,2817.0
3914,2870.0
3915,2839.0
3916,2779.0
3917,2773.0
3918,2772.0
3919,2806.0
3920,2889.0
3921,2918.0
3922,2924.0
3923,2948.0
3924,2943.0
3925,2877.0
3926,2875.0
3927,2936.0
3928,2889.0
3929,2899.0
3930,2922.0
3931,2951.0
3932,2982.0
3933,3001.0
3934,3088.0
3935,3133.0
3936,3140.0
3937,3145.0
3938,3125.0
3939,3163.0
3940,3153.0
3941,3150.0
3942,3134.0
3943,3118.0
3944,3085.0
3945,3053.0
3946,3112.0
3947,3125.0
3948,3115.0
3949,3116.0
3950,3117.0
3951,3107.0
3952,3128.0
3953,3094.0
3954,3140.0
3955,3207.0
3956,3234.0
3957,3228.0
3958,3300.0
3959,3270.0
3960,3290.0
3961,3262.0
3962,3291.0
3963,3274.0
3964,3328.0
3965,3336.0
3966,3275.0
3967,3282.0
3968,3294.0
3969,3285.0
3970,3257.0
3971,3254.0
3972,3286.0
3973,3302.0
3974,3309.0
3975,3377.0
3976,3356.0
3977,3358.0
3978,3346.0
3979,3353.0
3980,3336.0
3981,3277.0
3982,3241.0
3983,3181.0
3984,3193.0
3985,3204.0
3986,3217.0
3987,3221.0
3988,3209.0
3989,3166.0
3990,3165.0
3991,3120.0
3992,3057.0
3993,3107.0
3994,3095.0
3995,3082.0
3996,3035.0
3997,3042.0
3998,3039.0
3999,3032.0
4000,3085.0
4001,3120.0
4002,3142.0
4003,3077.0
4004,3087.0
4005,3113.0
4006,3097.0
4007,3112.0
4008,3115.0
4009,3102.0
4010,3145.0
4011,3117.0
4012,3114.0
4013,3168.0
4014,3224.0
4015,3274.0
4016,3276.0
4017,3248.0
4018,3280.0
4019,3218.0
4020,3267.0
4021,3282.0
4022,3311.0
4023,3311.0
4024,3312.0
4025,3315.0
4026,3293.0
4027,3276.0
4028,3242.0
4029,3182.0
4030,3114.0
4031,3105.0
4032,3095.0
4033,3092.0
4034,3092.0
4035,3079.0
4036,3060.0
4037,3049.0
4038,3074.0
4039,3125.0
4040,3109.0
4041,3104.0
4042,3119.0
4043,3169.0
4044,3202.0
4045,3146.0
4046,3140.0
4047,3125.0
4048,3174.0
4049,3197.0
4050,3219.0
4051,3215.0
4052,3259.0
4053,3295.0
4054,3297.0
4055,3235.0
4056,3263.0
4057,3237.0
4058,3209.0
4059,3268.0
4060,3307.0
4061,3309.0
4062,3346.0
4063,3369.0
4064,3354.0
4065,3329.0
4066,3366.0
4067,3366.0
4068,3304.0
4069,3329.0
4070,3301.0
4071,3308.0
4072,3327.0
4073,3328.0
4074,3312.0
4075,3365.0
4076,3369.0
4077,3410.0
4078,3309.0
4079,3369.0
4080,3344.0
4081,3348.0
4082,3369.0
4083,3328.0
4084,3291.0
4085,3253.0
4086,3252.0
4087,3239.0
4088,3197.0
4089,3260.0
4090,3210.0
4091,3194.0
4092,3211.0
4093,3229.0
4094,3211.0
4095,3124.0
4096,3059.0
4097,2981.0
4098,2963.0
4099,3017.0
4100,2902.0
4101,2860.0
4102,2892.0
4103,2857.0
4104,2905.0
4106,2934.0
4107,2810.0
4108,2855.0
4109,2872.0
4110,2819.0
4111,2829.0
4112,2764.0
4113,2791.0
4114,2761.0
4115,2868.0
4116,2761.0
4117,2837.0
4118,2764.0
4119,2772.0
4120,2858.0
4121,2837.0
4122,2825.0
4123,2766.0
4124,2827.0
4126,2793.0
4127,2878.0
4128,2886.0
4129,2836.0
4130,2855.0
4131,2872.0
4132,2925.0
4133,2939.0
4134,2882.0
4135,2949.0
4136,2923.0
4137,2940.0
4138,2942.0
4139,3001.0
4140,2994.0
4141,2954.0
4142,3006.0
4143,3031.0
4144,3031.0
4145,3043.0
4146,2999.0
4147,3040.0
4148,3116.0
4149,3118.0
4150,3072.0
4151,3035.0
4152,2963.0
4153,2962.0
4154,2970.0
4155,2970.0
4156,2974.0
4157,2950.0
4158,2881.0
4159,2871.0
4160,2882.0
4161,2900.0
4162,2850.0
4163,2872.0
4164,2906.0
4165,2932.0
4166,2918.0
4167,2953.0
4168,2941.0
4169,2995.0
4170,3043.0
4171,3060.0
4172,3061.0
4173,3137.0
4174,3113.0
4175,3181.0
4176,3170.0
4177,3157.0
4178,3207.0
4179,3189.0
4180,3178.0
4181,3159.0
4182,3131.0
4183,3047.0
4184,3059.0
4185,3081.0
4186,3045.0
4187,3018.0
4188,2961.0
4189,2927.0
4190,2899.0
4191,2931.0
4192,2893.0
4193,2912.0
4194,2959.0
4195,2953.0
4196,2924.0
4197,2916.0
4198,3005.0
4199,3059.0
4200,3046.0
4201,3057.0
4202,3031.0
4203,3063.0
4204,3088.0
4205,3113.0
4206,3116.0
4207,3135.0
4208,3147.0
4209,3145.0
4210,3160.0
4211,3059.0
4212,3106.0
4213,3170.0
4214,3195.0
4215,3205.0
4216,3235.0
4217,3070.0
4218,3034.0
4219,3050.0
4220,3078.0
4221,3004.0
4222,3034.0
4223,3104.0
4224,3119.0
4225,3149.0
4226,3136.0
4227,3138.0
4228,3153.0
4229,3182.0
4230,3197.0
4231,3065.0
4232,3085.0
4233,2998.0
4234,2969.0
4235,2902.0
4236,2886.0
4237,2854.0
4238,2851.0
4239,2857.0
4240,2850.0
4241,2835.0
4242,2926.0
4243,2896.0
4244,2993.0
4245,2991.0
4246,3021.0
4247,3031.0
4248,2976.0
4249,3020.0
4250,3002.0
4251,2993.0
4252,3030.0
4253,3041.0
4254,3055.0
4255,3109.0
4256,3095.0
4257,2983.0
4258,3039.0
4259,3015.0
4260,3025.0
4261,3012.0
4262,2945.0
4263,2913.0
4264,2921.0
4265,2920.0
4266,2923.0
4267,2948.0
4268,2934.0
4269,2898.0
4270,2794.0
4271,2830.0
4272,2822.0
4273,2849.0
4274,2872.0
4275,2803.0
4276,2872.0
4277,2866.0
4278,2877.0
4279,2920.0
4280,2852.0
4281,2845.0
4282,2868.0
4283,2825.0
4284,2728.0
4285,2761.0
4286,2793.0
4287,2815.0
4288,2836.0
4289,2787.0
4290,2785.0
4291,2665.0
4292,2643.0
4293,2696.0
4294,2718.0
4295,2690.0
4296,2698.0
4297,2724.0
4298,2717.0
4299,2725.0
4300,2705.0
4301,2735.0
4302,2769.0
4303,2732.0
4304,2756.0
4305,2735.0
4306,2696.0
4307,2709.0
4308,2705.0
4309,2581.0
4310,2491.0
4311,2501.0
4312,2474.0
4313,2450.0
4314,2392.0
4315,2378.0
4316,2412.0
4317,2426.0
4318,2432.0
4319,2438.0
4320,2439.0
4321,2438.0
4322,2419.0
4323,2403.0
4324,2405.0
4325,2387.0
4326,2397.0
4327,2388.0
4328,2356.0
4329,2347.0
4330,2283.0
4331,2262.0
4332,2163.0
4333,2233.0
4334,2282.0
4335,2308.0
4336,2242.0
4337,2238.0
4338,2303.0
4339,2256.0
4340,2279.0
4341,2189.0
4342,2264.0
4343,2237.0
4344,2205.0
4345,2165.0
4346,2126.0
4347,2166.0
4348,2237.0
4349,2262.0
4350,2261.0
4351,2184.0
4352,2207.0
4353,2127.0
4354,2230.0
4355,2213.0
4356,2235.0
4357,2233.0
4358,2164.0
4359,2140.0
4360,2165.0
4361,2201.0
4362,2192.0
4363,2132.0
4364,2095.0
4365,2078.0
4366,2103.0
4367,2109.0
4368,2084.0
4369,2072.0
4370,2047.0
4371,2005.0
4372,1993.0
4373,1974.0
4374,1939.0
4375,1889.0
4376,1929.0
4377,2022.0
4378,2072.0
4379,2034.0
4380,2030.0
4381,2028.0
4382,2067.0
4383,2028.0
4384,2016.0
4385,1943.0
4386,1931.0
4387,1962.0
4388,1989.0
4389,1968.0
4390,1950.0
4391,1945.0
4392,1931.0
4393,1967.0
4394,2050.0
4395,2091.0
4396,2048.0
4397,2027.0
4398,2013.0
4399,2116.0
4400,2154.0
4401,2165.0
4402,2176.0
4403,2131.0
4404,2150.0
4405,2129.0
4406,2086.0
4407,2096.0
4408,2095.0
4409,2107.0
4410,2110.0
4411,2111.0
4412,2087.0
4413,2006.0
4414,1955.0
4415,1972.0
4416,1941.0
4417,1879.0
4418,1911.0
4419,1928.0
4420,1894.0
4421,1812.0
4422,1859.0
4423,1825.0
4424,1871.0
4425,1883.0
4426,1876.0
4427,1844.0
4428,1812.0
4429,1805.0
4430,1780.0
4431,1839.0
4432,1866.0
4433,1955.0
4434,1990.0
4435,1984.0
4436,1982.0
4437,2045.0
4438,2070.0
4439,2034.0
4440,2054.0
4441,2084.0
4442,2028.0
4443,2035.0
4444,2021.0
4445,1894.0
4446,1877.0
4447,1911.0
4448,2037.0
4449,2048.0
4450,2024.0
4451,2001.0
4452,1988.0
4453,1975.0
4454,1963.0
4455,1963.0
4456,2020.0
4457,2059.0
4458,2022.0
4459,2040.0
4460,2026.0
4461,1975.0
4462,1898.0
4463,1878.0
4464,1813.0
4465,1793.0
4466,1843.0
4467,1809.0
4468,1827.0
4469,1835.0
4470,1822.0
4471,1903.0
4473,1910.0
4474,1890.0
4475,1835.0
4476,1801.0
4477,1780.0
4478,1782.0
4479,1833.0
4480,1876.0
4481,1910.0
4482,1911.0
4483,1944.0
4484,1956.0
4485,1968.0
4486,1968.0
4487,1926.0
4488,1912.0
4489,2013.0
4490,2060.0
4491,2060.0
4492,2023.0
4493,2055.0
4494,2061.0
4495,1994.0
4496,2029.0
4497,2018.0
4498,2002.0
4499,1967.0
4500,1990.0
4501,1923.0
4502,1865.0
4503,1844.0
4504,1904.0
4505,1922.0
4506,1930.0
4507,1923.0
4508,1908.0
4509,1924.0
4510,1962.0
4511,2015.0
4512,1977.0
4513,1949.0
4514,1966.0
4515,1987.0
4516,1974.0
4517,1954.0
4518,1945.0
4519,1972.0
4520,1973.0
4521,1999.0
4522,2038.0
4523,2021.0
4524,2009.0
4525,1975.0
4526,1965.0
4527,1998.0
4528,2021.0
4529,1983.0
4530,1972.0
4531,1971.0
4532,2015.0
4533,1980.0
4534,2043.0
4535,2037.0
4536,2082.0
4537,2078.0
4538,2084.0
4539,2085.0
4540,2008.0
4541,2045.0
4542,2097.0
4543,2090.0
4544,2087.0
4545,2044.0
4546,2064.0
4547,2067.0
4548,2145.0
4549,2138.0
4550,2124.0
4551,2084.0
4552,2079.0
4553,2127.0
4554,2115.0
4555,2118.0
4556,2094.0
4557,2123.0
4558,2052.0
4559,2061.0
4560,2117.0
4561,2163.0
4562,2216.0
4563,2198.0
4564,2223.0
4565,2208.0
4566,2149.0
4567,2133.0
4568,2131.0
4569,2126.0
4570,2084.0
4571,2102.0
4572,2119.0
4574,2065.0
4575,2047.0
4576,2096.0
4577,2048.0
4578,2040.0
4579,2002.0
4580,1929.0
4581,1911.0
4582,1885.0
4583,1892.0
4584,1917.0
4585,1872.0
4586,1893.0
4587,1893.0
4588,1877.0
4589,1922.0
4590,1912.0
4591,1931.0
4592,1907.0
4593,1809.0
4594,1856.0
4595,1866.0
4596,1911.0
4597,1892.0
4598,1936.0
4599,1907.0
4600,1905.0
4601,1895.0
4602,1914.0
4603,1899.0
4604,1941.0
4605,1928.0
4606,1914.0
4607,1932.0
4608,1985.0
4609,1984.0
4610,1931.0
4611,1938.0
4612,1929.0
4613,1955.0
4614,1960.0
4615,1986.0
4616,1946.0
4617,1970.0
4618,1996.0
4619,2017.0
4620,2059.0
4621,2045.0
4622,2041.0
4623,2013.0
4624,2034.0
4625,2031.0
4626,1970.0
4627,1999.0
4628,2055.0
4629,2137.0
4630,2138.0
4631,2146.0
4632,2172.0
4633,2156.0
4634,2204.0
4635,2224.0
4636,2239.0
4637,2240.0
4638,2270.0
4639,2320.0
4640,2459.0
4641,2454.0
4642,2456.0
4643,2506.0
4644,2478.0
4645,2565.0
4646,2551.0
4647,2575.0
4648,2536.0
4649,2522.0
4650,2445.0
4651,2480.0
4652,2524.0
4653,2535.0
4654,2615.0
4655,2629.0
4656,2554.0
4657,2597.0
4658,2556.0
4659,2635.0
4660,2498.0
4661,2475.0
4662,2508.0
4663,2453.0
4664,2502.0
4665,2489.0
4666,2547.0
4667,2542.0
4668,2564.0
4669,2702.0
4670,2728.0
4671,2824.0
4672,2831.0
4673,2749.0
4674,2746.0
4675,2835.0
4676,2856.0
4677,2822.0
4678,2851.0
4679,2845.0
4680,2914.0
4681,2835.0
4682,2863.0
4683,2799.0
4684,2870.0
4685,2794.0
4686,2774.0
4687,2758.0
4688,2801.0
4689,2775.0
4690,2670.0
4691,2730.0
4692,2639.0
4693,2678.0
4694,2615.0
4695,2589.0
4696,2618.0
4697,2603.0
4698,2556.0
4699,2497.0
4700,2529.0
4701,2454.0
4702,2458.0
4703,2351.0
4704,2289.0
4705,2296.0
4706,2274.0
4707,2393.0
4708,2372.0
4709,2413.0
4710,2380.0
4711,2450.0
4712,2552.0
4713,2509.0
4714,2468.0
4715,2568.0
4716,2509.0
4717,2484.0
4718,2433.0
4719,2431.0
4720,2339.0
4721,2418.0
4722,2476.0
4723,2465.0
4725,2446.0
4726,2459.0
4727,2443.0
4728,2501.0
4729,2484.0
4730,2489.0
4731,2517.0
4732,2410.0
4733,2395.0
4734,2337.0
4735,2292.0
4736,2322.0
4737,2299.0
4738,2257.0
4739,2245.0
4740,2315.0
4741,2233.0
4742,2239.0
4743,2170.0
4744,2070.0
4745,2072.0
4746,2046.0
4747,2122.0
4748,2103.0
4749,2111.0
4750,2081.0
4751,2086.0
4752,2121.0
4753,2108.0
4754,2083.0
4755,2104.0
4756,2115.0
4757,2198.0
4758,2269.0
4759,2310.0
4760,2349.0
4761,2374.0
4762,2321.0
4763,2295.0
4764,2336.0
4765,2262.0
4766,2323.0
4767,2335.0
4768,2314.0
4769,2310.0
4770,2288.0
4771,2329.0
4772,2283.0
4773,2355.0
4774,2314.0
4775,2219.0
4776,2236.0
4777,2242.0
4778,2195.0
4779,2201.0
4780,2167.0
4781,2235.0
4782,2195.0
4783,2151.0
4784,2114.0
4785,2057.0
4786,1990.0
4787,2086.0
4788,2019.0
4789,2010.0
4790,2024.0
4791,2086.0
4792,2119.0
4793,2088.0
4794,2097.0
4795,2160.0
4796,2141.0
4797,2194.0
4798,2226.0
4799,2145.0
4800,2162.0
4801,2220.0
4802,2187.0
4803,2137.0
4804,2209.0
4805,2251.0
4806,2195.0
4807,2215.0
4808,2234.0
4809,2264.0
4810,2267.0
4811,2312.0
4812,2379.0
4813,2383.0
4814,2265.0
4815,2250.0
4816,2209.0
4817,2211.0
4818,2158.0
4819,2166.0
4820,2193.0
4821,2155.0
4822,2144.0
4823,2084.0
4825,2057.0
4826,2086.0
4827,2062.0
4828,2106.0
4829,2144.0
4830,2144.0
4831,2105.0
4832,2078.0
4833,2175.0
4834,2156.0
4835,2066.0
4836,2112.0
4837,2200.0
4838,2237.0
4839,2230.0
4840,2271.0
4841,2317.0
4842,2271.0
4843,2271.0
4845,2429.0
4846,2373.0
4847,2408.0
4848,2416.0
4849,2394.0
4850,2400.0
4851,2361.0
4852,2410.0
4853,2382.0
4854,2351.0
4855,2369.0
4856,2356.0
4857,2341.0
4858,2274.0
4859,2322.0
4860,2335.0
4861,2307.0
4862,2246.0
4863,2245.0
4864,2256.0
4865,2225.0
4866,2250.0
4867,2215.0
4868,2176.0
4869,2168.0
4870,2168.0
4871,2228.0
4872,2219.0
4873,2257.0
4874,2221.0
4875,2196.0
4876,2224.0
4877,2227.0
4878,2248.0
4879,2232.0
4880,2307.0
4881,2340.0
4882,2298.0
4883,2256.0
4884,2269.0
4885,2247.0
4886,2267.0
4887,2304.0
4888,2238.0
4889,2218.0
4890,2157.0
4891,2158.0
4892,2246.0
4893,2183.0
4894,2199.0
4895,2189.0
4896,2204.0
4897,2203.0
4898,2201.0
4899,2197.0
4900,2196.0
4901,2202.0
4902,2143.0
4903,2132.0
4904,2159.0
4905,2216.0
4906,2237.0
4907,2248.0
4908,2257.0
4909,2280.0
4910,2327.0
4911,2356.0
4912,2376.0
4913,2415.0
4914,2413.0
4915,2430.0
4916,2446.0
4917,2443.0
4918,2388.0
4919,2424.0
4920,2406.0
4921,2364.0
4922,2420.0
4923,2380.0
4924,2346.0
4925,2304.0
4926,2260.0
4927,2294.0
4928,2344.0
4929,2392.0
4930,2368.0
4931,2314.0
4932,2373.0
4933,2378.0
4934,2333.0
4935,2291.0
4936,2295.0
4937,2326.0
4938,2330.0
4939,2304.0
4940,2310.0
4941,2338.0
4942,2372.0
4943,2353.0
4944,2387.0
4945,2446.0
4946,2413.0
4947,2426.0
4948,2467.0
4949,2450.0
4950,2438.0
4951,2428.0
4952,2400.0
4953,2351.0
4954,2360.0
4955,2401.0
4956,2427.0
4957,2478.0
4958,2544.0
4959,2539.0
4960,2568.0
4961,2527.0
4962,2502.0
4963,2500.0
4964,2529.0
4965,2538.0
4966,2471.0
4967,2527.0
4968,2512.0
4969,2489.0
4970,2486.0
4971,2478.0
4972,2450.0
4973,2526.0
4974,2497.0
4976,2488.0
4977,2602.0
4978,2547.0
4979,2534.0
4980,2516.0
4981,2528.0
4982,2445.0
4983,2454.0
4984,2424.0
4985,2440.0
4986,2467.0
4987,2532.0
4988,2475.0
4989,2463.0
4990,2434.0
4991,2389.0
4992,2383.0
4993,2379.0
4994,2345.0
4995,2329.0
4996,2320.0
4997,2308.0
4998,2252.0
4999,2224.0
5000,2205.0
5001,2195.0
5002,2194.0
5003,2153.0
5004,2143.0
5005,2134.0
5006,2111.0
5007,2126.0
5008,2149.0
5009,2191.0
5010,2200.0
5011,2208.0
5012,2197.0
5013,2206.0
5014,2198.0
5015,2124.0
5016,2161.0
5017,2184.0
5018,2208.0
5019,2184.0
5020,2216.0
5021,2235.0
5022,2218.0
5023,2235.0
5024,2244.0
5025,2296.0
5026,2383.0
5027,2394.0
5028,2401.0
5029,2468.0
5030,2473.0
5031,2454.0
5032,2439.0
5033,2469.0
5034,2505.0
5035,2490.0
5036,2442.0
5037,2453.0
5038,2482.0
5039,2520.0
5040,2475.0
5041,2422.0
5042,2448.0
5043,2407.0
5044,2460.0
5045,2506.0
5046,2449.0
5047,2522.0
5048,2515.0
5049,2488.0
5050,2486.0
5051,2474.0
5052,2448.0
5053,2457.0
5054,2463.0
5055,2435.0
5056,2463.0
5057,2485.0
5058,2454.0
5059,2403.0
5060,2478.0
5061,2486.0
5062,2484.0
5063,2444.0
5064,2440.0
5065,2503.0
5066,2533.0
5067,2633.0
5068,2675.0
5069,2761.0
5070,2766.0
5071,2742.0
5072,2694.0
5073,2682.0
5074,2696.0
5075,2666.0
5076,2647.0
5077,2705.0
5078,2646.0
5080,2604.0
5081,2631.0
5082,2612.0
5083,2645.0
5084,2652.0
5085,2646.0
5086,2673.0
5087,2656.0
5088,2609.0
5089,2660.0
5090,2545.0
5091,2534.0
5092,2506.0
5093,2435.0
5094,2417.0
5095,2427.0
5097,2405.0
5098,2497.0
5099,2463.0
5100,2540.0
5101,2532.0
5102,2519.0
5103,2484.0
5104,2533.0
5105,2501.0
5106,2554.0
5107,2589.0
5108,2583.0
5109,2655.0
5110,2689.0
5111,2712.0
5112,2797.0
5113,2818.0
5114,2803.0
5115,2771.0
5116,2733.0
5117,2734.0
5118,2703.0
5119,2727.0
5120,2801.0
5121,2777.0
5122,2734.0
5123,2757.0
5124,2790.0
5125,2849.0
5126,2900.0
5127,2940.0
5128,2918.0
5129,2904.0
5130,2988.0
5131,2904.0
5132,2900.0
5133,2925.0
5134,2939.0
5135,2922.0
5136,2883.0
5137,2888.0
5138,2828.0
5139,2833.0
5140,2760.0
5141,2748.0
5142,2740.0
5143,2713.0
5144,2684.0
5145,2702.0
5146,2686.0
5147,2718.0
5148,2766.0
5149,2636.0
5150,2482.0
5151,2388.0
5152,2318.0
5153,2284.0
5154,2216.0
5155,2230.0
5156,2257.0
5157,2275.0
5158,2248.0
5159,2255.0
5160,2257.0
5161,2265.0
5162,2249.0
5163,2227.0
5164,2285.0
5165,2264.0
5166,2366.0
5167,2410.0
5168,2379.0
5169,2305.0
5170,2253.0
5171,2265.0
5172,2205.0
5173,2235.0
5174,2379.0
5175,2338.0
5176,2298.0
5177,2355.0
5178,2343.0
5179,2341.0
5180,2348.0
5181,2360.0
5182,2395.0
5183,2432.0
5184,2420.0
5185,2405.0
5186,2396.0
5187,2381.0
5188,2399.0
5189,2418.0
5190,2481.0
5191,2420.0
5192,2474.0
5193,2413.0
5194,2399.0
5195,2404.0
5196,2435.0
5197,2401.0
5198,2340.0
5199,2394.0
5200,2394.0
5201,2363.0
5202,2429.0
5203,2454.0
5204,2493.0
5205,2402.0
5206,2395.0
5207,2396.0
5208,2398.0
5209,2413.0
5210,2484.0
5211,2470.0
5212,2362.0
5213,2396.0
5214,2355.0
5215,2360.0
5216,2379.0
5217,2419.0
5218,2387.0
5219,2405.0
5220,2425.0
5221,2441.0
5222,2521.0
5223,2352.0
5224,2313.0
5225,2251.0
5226,2209.0
5227,2214.0
5228,2187.0
5229,2217.0
5230,2221.0
5231,2267.0
5232,2278.0
5233,2311.0
5234,2273.0
5235,2253.0
5236,2279.0
5237,2160.0
5238,2219.0
5239,2176.0
5240,2205.0
5241,2202.0
5242,2224.0
5243,2286.0
5244,2291.0
5245,2341.0
5246,2344.0
5247,2400.0
5248,2469.0
5249,2449.0
5250,2481.0
5251,2510.0
5252,2546.0
5253,2495.0
5254,2458.0
5255,2479.0
5256,2487.0
5257,2436.0
5258,2421.0
5259,2476.0
5260,2446.0
5261,2440.0
5262,2459.0
5263,2509.0
5264,2537.0
5265,2526.0
5266,2589.0
5267,2692.0
5268,2723.0
5269,2735.0
5270,2750.0
5271,2703.0
5272,2664.0
5273,2624.0
5274,2631.0
5275,2606.0
5276,2620.0
5277,2628.0
5278,2766.0
5279,2602.0
5280,2600.0
5281,2641.0
5282,2629.0
5283,2556.0
5284,2580.0
5285,2599.0
5286,2568.0
5287,2587.0
5288,2588.0
5289,2546.0
5290,2508.0
5291,2482.0
5292,2459.0
5293,2437.0
5294,2452.0
5295,2473.0
5296,2432.0
5297,2444.0
5298,2381.0
5299,2391.0
5300,2343.0
5301,2361.0
5302,2425.0
5303,2382.0
5304,2427.0
5305,2474.0
5306,2479.0
5307,2497.0
5308,2452.0
5309,2376.0
5310,2339.0
5311,2293.0
5312,2257.0
5313,2290.0
5314,2276.0
5315,2312.0
5316,2333.0
5317,2390.0
5318,2339.0
5319,2353.0
5320,2340.0
5321,2365.0
5322,2653.0
5323,2768.0
5324,2831.0
5325,2915.0
5326,2962.0
5327,3022.0
5328,3054.0
5329,2993.0
5331,3008.0
5332,2960.0
5333,2907.0
5334,2897.0
5335,2878.0
5336,2836.0
5337,2700.0
5338,2674.0
5339,2692.0
5340,2747.0
5341,2713.0
5342,2665.0
5343,2517.0
5344,2541.0
5345,2506.0
5346,2555.0
5347,2535.0
5348,2557.0
5350,2560.0
5351,2507.0
5352,2597.0
5353,2603.0
5354,2552.0
5355,2514.0
5356,2486.0
5357,2547.0
5358,2516.0
5359,2480.0
5360,2498.0
5361,2499.0
5362,2500.0
5363,2527.0
5364,2590.0
5365,2569.0
5366,2550.0
5367,2529.0
5368,2508.0
5369,2545.0
5370,2504.0
5371,2510.0
5372,2531.0
5373,2547.0
5374,2599.0
5375,2527.0
5376,2532.0
5377,2587.0
5378,2577.0
5379,2581.0
5380,2677.0
5381,2449.0
5382,2503.0
5383,2498.0
5384,2447.0
5385,2552.0
5386,2535.0
5387,2582.0
5388,2596.0
5389,2650.0
5390,2705.0
5391,2701.0
5392,2736.0
5393,2742.0
5394,2754.0
5395,2785.0
5396,2706.0
5397,2693.0
5398,2713.0
5399,2733.0
5400,2753.0
5401,2574.0
5402,2590.0
5403,2512.0
5404,2521.0
5405,2542.0
5406,2493.0
5407,2505.0
5408,2447.0
5409,2435.0
5410,2456.0
5411,2458.0
5412,2436.0
5413,2347.0
5414,2348.0
5415,2392.0
5416,2336.0
5417,2406.0
5418,2389.0
5419,2355.0
5420,2354.0
5421,2367.0
5422,2408.0
5423,2421.0
5424,2413.0
5425,2408.0
5426,2437.0
5427,2379.0
5428,2399.0
5429,2402.0
5430,2410.0
5431,2447.0
5432,2438.0
5433,2432.0
5434,2459.0
5435,2342.0
5436,2328.0
5437,2283.0
5438,2354.0
5439,2372.0
5440,2422.0
5441,2473.0
5442,2425.0
5443,2476.0
5444,2461.0
5445,2474.0
5446,2539.0
5447,2504.0
5448,2469.0
5449,2444.0
5450,2456.0
5451,2389.0
5452,2380.0
5453,2422.0
5454,2430.0
5455,2412.0
5456,2431.0
5457,2426.0
5458,2415.0
5459,2409.0
5460,2350.0
5461,2375.0
5462,2348.0
5463,2383.0
5464,2350.0
5465,2396.0
5466,2373.0
5467,2347.0
5468,2311.0
5469,2302.0
5470,2308.0
5471,2326.0
5472,2297.0
5473,2315.0
5474,2351.0
5475,2351.0
5476,2361.0
5477,2360.0
5478,2325.0
5479,2290.0
5480,2269.0
