Unnamed: 0,Price
1987-05-15,18.579999999999995
1987-05-22,18.54
1987-05-29,18.599999999999994
1987-06-05,18.700000000000006
1987-06-12,18.75
1987-06-19,19.01
1987-06-26,18.910000000000004
1987-07-03,19.160000000000004
1987-07-10,19.57
1987-07-17,20.200000000000006
1987-07-24,20.19
1987-07-31,19.86
1987-08-07,20.160000000000007
1987-08-14,19.41
1987-08-21,18.5
1987-08-28,17.919999999999995
1987-09-04,18.35
1987-09-11,17.93
1987-09-18,18.389999999999997
1987-09-25,18.5
1987-10-02,18.56
1987-10-09,18.639999999999983
1987-10-16,18.69
1987-10-23,18.98
1987-10-30,18.79
1987-11-06,18.150000000000013
1987-11-13,17.740000000000006
1987-11-20,17.46999999999999
1987-11-27,17.779999999999994
1987-12-04,17.800000000000004
1987-12-11,17.609999999999996
1987-12-18,15.910000000000002
1987-12-25,16.609999999999992
1988-01-01,17.459999999999994
1988-01-08,17.449999999999996
1988-01-15,16.44
1988-01-22,16.910000000000007
1988-01-29,16.239999999999995
1988-02-05,16.14
1988-02-12,16.179999999999993
1988-02-19,15.639999999999995
1988-02-26,15.160000000000004
1988-03-04,14.14
1988-03-11,14.21
1988-03-18,14.479999999999997
1988-03-25,15.379999999999995
1988-04-01,15.630000000000004
1988-04-08,15.489999999999998
1988-04-15,16.549999999999994
1988-04-22,17.090000000000007
1988-04-29,17.039999999999996
1988-05-06,16.160000000000004
1988-05-13,16.449999999999996
1988-05-20,16.459999999999994
1988-05-27,16.23
1988-06-03,16.309999999999995
1988-06-10,16.179999999999993
1988-06-17,15.599999999999996
1988-06-24,15.089999999999993
1988-07-01,14.49
1988-07-08,14.619999999999996
1988-07-15,14.219999999999995
1988-07-22,15.370000000000005
1988-07-29,15.619999999999996
1988-08-05,15.060000000000002
1988-08-12,15.219999999999995
1988-08-19,14.809999999999992
1988-08-26,14.759999999999994
1988-09-02,14.300000000000004
1988-09-09,13.350000000000003
1988-09-16,13.350000000000003
1988-09-23,13.089999999999996
1988-09-30,12.569999999999991
1988-10-07,11.42
1988-10-14,12.55
1988-10-21,13.36
1988-10-28,12.259999999999994
1988-11-04,12.48
1988-11-11,12.819999999999997
1988-11-18,12.569999999999991
1988-11-25,13.299999999999995
1988-12-02,14.610000000000005
1988-12-09,14.759999999999994
1988-12-16,15.379999999999995
1988-12-23,15.309999999999995
1988-12-30,16.11999999999999
1989-01-06,16.589999999999996
1989-01-13,16.979999999999997
1989-01-20,17.899999999999988
1989-01-27,17.330000000000005
1989-02-03,16.670000000000005
1989-02-10,16.570000000000007
1989-02-17,16.879999999999995
1989-02-24,17.139999999999993
1989-03-03,17.439999999999998
1989-03-10,17.650000000000006
1989-03-17,18.809999999999995
1989-03-24,19.59
1989-03-31,19.910000000000004
1989-04-07,19.559999999999995
1989-04-14,19.8
1989-04-21,21.09
1989-04-28,20.84
1989-05-05,19.279999999999998
1989-05-12,19.04
1989-05-19,18.9
1989-05-26,17.82
1989-06-02,18.05
1989-06-09,18.189999999999998
1989-06-16,16.899999999999995
1989-06-23,17.24
1989-06-30,18.18
1989-07-07,18.38000000000001
1989-07-14,17.720000000000006
1989-07-21,17.95
1989-07-28,16.7
1989-08-04,16.239999999999995
1989-08-11,16.540000000000006
1989-08-18,16.930000000000007
1989-08-25,17.02
1989-09-01,17.15
1989-09-08,17.659999999999993
1989-09-15,17.939999999999987
1989-09-22,17.829999999999995
1989-09-29,17.720000000000006
1989-10-06,18.590000000000003
1989-10-13,18.9
1989-10-20,19.37
1989-10-27,18.75
1989-11-03,19.07
1989-11-10,18.93
1989-11-17,18.72
1989-11-24,18.590000000000003
1989-12-01,18.40999999999999
1989-12-08,19.24
1989-12-15,19.62
1989-12-22,20.22
1989-12-29,20.930000000000003
1990-01-05,22.370000000000005
1990-01-12,21.67
1990-01-19,21.05
1990-01-26,20.49
1990-02-02,20.65
1990-02-09,20.26
1990-02-16,19.82
1990-02-23,19.45
1990-03-02,19.17
1990-03-09,18.94
1990-03-16,18.40999999999999
1990-03-23,17.810000000000006
1990-03-30,18.040000000000006
1990-04-06,17.800000000000004
1990-04-13,15.889999999999995
1990-04-20,15.88
1990-04-27,16.64999999999999
1990-05-04,16.169999999999998
1990-05-11,16.340000000000007
1990-05-18,17.24
1990-05-25,16.11999999999999
1990-06-01,15.550000000000002
1990-06-08,14.93
1990-06-15,15.009999999999994
1990-06-22,14.899999999999997
1990-06-29,15.519999999999992
1990-07-06,15.39
1990-07-13,15.829999999999991
1990-07-20,17.769999999999996
1990-07-27,18.910000000000004
1990-08-03,20.899999999999995
1990-08-10,26.39999999999999
1990-08-17,27.18
1990-08-24,30.480000000000004
1990-08-31,27.64999999999999
1990-09-07,31.09000000000001
1990-09-14,32.00999999999999
1990-09-21,35.71000000000001
1990-09-28,40.790000000000006
1990-10-05,37.63999999999998
1990-10-12,40.27000000000001
1990-10-19,36.28
1990-10-26,30.629999999999992
1990-11-02,35.029999999999994
1990-11-09,34.12999999999998
1990-11-16,32.23999999999999
1990-11-23,31.00999999999999
1990-11-30,33.98
1990-12-07,29.719999999999995
1990-12-14,28.06000000000001
1990-12-21,27.67
1990-12-28,27.47
1991-01-04,26.07000000000001
1991-01-11,25.33000000000001
1991-01-18,25.860000000000007
1991-01-25,20.769999999999992
1991-02-01,20.719999999999995
1991-02-08,20.629999999999985
1991-02-15,20.439999999999998
1991-02-22,18.13
1991-03-01,18.66
1991-03-08,19.77000000000001
1991-03-15,19.279999999999998
1991-03-22,18.800000000000004
1991-03-29,18.28
1991-04-05,17.95
1991-04-12,19.17
1991-04-19,19.709999999999997
1991-04-26,19.629999999999992
1991-05-03,19.719999999999995
1991-05-10,19.809999999999988
1991-05-17,18.9
1991-05-24,18.81999999999999
1991-05-31,18.870000000000008
1991-06-07,18.55000000000001
1991-06-14,17.859999999999996
1991-06-21,18.06000000000001
1991-06-28,18.2
1991-07-05,18.55000000000001
1991-07-12,19.24
1991-07-19,20.02
1991-07-26,19.660000000000007
1991-08-02,19.57
1991-08-09,19.52
1991-08-16,19.389999999999983
1991-08-23,20.090000000000003
1991-08-30,20.17
1991-09-06,20.34
1991-09-13,20.080000000000005
1991-09-20,20.47
1991-09-27,20.94
1991-10-04,21.489999999999995
1991-10-11,22.10999999999999
1991-10-18,22.75
1991-10-25,22.540000000000006
1991-11-01,22.04999999999999
1991-11-08,22.18
1991-11-15,21.360000000000007
1991-11-22,20.759999999999994
1991-11-29,19.850000000000005
1991-12-06,19.24
1991-12-13,18.45
1991-12-20,18.31000000000001
1991-12-27,17.73
1992-01-03,18.18
1992-01-10,17.769999999999996
1992-01-17,18.37
1992-01-24,18.11
1992-01-31,18.28
1992-02-07,18.47
1992-02-14,18.579999999999995
1992-02-21,17.740000000000006
1992-02-28,17.420000000000012
1992-03-06,17.28
1992-03-13,17.399999999999995
1992-03-20,17.73
1992-03-27,17.75
1992-04-03,18.52000000000001
1992-04-10,19.01
1992-04-17,18.86
1992-04-24,18.86
1992-05-01,19.37
1992-05-08,19.76
1992-05-15,19.789999999999992
1992-05-22,19.489999999999995
1992-05-29,20.680000000000003
1992-06-05,21.08
1992-06-12,21.21
1992-06-19,21.16
1992-06-26,21.31
1992-07-03,20.62
1992-07-10,19.95
1992-07-17,20.02
1992-07-24,20.26
1992-07-31,20.58
1992-08-07,19.879999999999995
1992-08-14,19.68
1992-08-21,19.789999999999992
1992-08-28,19.62
1992-09-04,19.90000000000001
1992-09-11,20.28
1992-09-18,20.45
1992-09-25,20.349999999999994
1992-10-02,20.26
1992-10-09,20.330000000000005
1992-10-16,20.759999999999994
1992-10-23,20.37
1992-10-30,19.549999999999997
1992-11-06,19.19
1992-11-13,19.25
1992-11-20,19.279999999999998
1992-11-27,19.12
1992-12-04,18.57
1992-12-11,18.12
1992-12-18,18.040000000000006
1992-12-25,18.230000000000004
1993-01-01,17.869999999999994
1993-01-08,17.51
1993-01-15,17.05
1993-01-22,16.979999999999997
1993-01-29,18.0
1993-02-05,18.579999999999995
1993-02-12,18.45
1993-02-19,18.05
1993-02-26,18.809999999999995
1993-03-05,19.15
1993-03-12,19.02000000000001
1993-03-19,18.66
1993-03-26,18.42
1993-04-02,18.73
1993-04-09,18.71
1993-04-16,18.67
1993-04-23,18.56
1993-04-30,18.67
1993-05-07,18.97
1993-05-14,18.759999999999994
1993-05-21,18.150000000000013
1993-05-28,18.25
1993-06-04,18.34
1993-06-11,18.06000000000001
1993-06-18,17.309999999999995
1993-06-25,17.199999999999992
1993-07-02,17.15
1993-07-09,16.8
1993-07-16,16.66
1993-07-23,16.68
1993-07-30,16.95
1993-08-06,16.6
1993-08-13,16.609999999999992
1993-08-20,16.719999999999995
1993-08-27,16.849999999999998
1993-09-03,16.529999999999998
1993-09-10,15.779999999999992
1993-09-17,15.469999999999995
1993-09-24,16.029999999999994
1993-10-01,16.719999999999995
1993-10-08,16.899999999999995
1993-10-15,16.95999999999999
1993-10-22,16.609999999999992
1993-10-29,15.86
1993-11-05,15.759999999999994
1993-11-12,15.219999999999995
1993-11-19,15.359999999999996
1993-11-26,14.87
1993-12-03,14.160000000000004
1993-12-10,13.730000000000002
1993-12-17,13.989999999999997
1993-12-24,13.520000000000003
1993-12-31,13.170000000000002
1994-01-07,14.179999999999994
1994-01-14,14.0
1994-01-21,14.219999999999995
1994-01-28,14.640000000000002
1994-02-04,15.13
1994-02-11,13.909999999999991
1994-02-18,13.180000000000003
1994-02-25,13.239999999999998
1994-03-04,13.5
1994-03-11,13.299999999999995
1994-03-18,14.179999999999994
1994-03-25,14.589999999999998
1994-04-01,13.400000000000002
1994-04-08,14.34
1994-04-15,15.009999999999994
1994-04-22,15.56
1994-04-29,15.840000000000002
1994-05-06,16.0
1994-05-13,16.289999999999992
1994-05-20,16.080000000000002
1994-05-27,16.349999999999998
1994-06-03,16.269999999999996
1994-06-10,16.05999999999999
1994-06-17,16.670000000000005
1994-06-24,17.439999999999998
1994-07-01,17.34
1994-07-08,17.06
1994-07-15,18.08999999999999
1994-07-22,17.420000000000012
1994-07-29,17.82
1994-08-05,18.44
1994-08-12,17.51
1994-08-19,16.430000000000007
1994-08-26,15.589999999999993
1994-09-02,15.930000000000009
1994-09-09,15.910000000000002
1994-09-16,15.45
1994-09-23,15.850000000000003
1994-09-30,16.349999999999998
1994-10-07,16.719999999999995
1994-10-14,16.069999999999997
1994-10-21,16.20999999999999
1994-10-28,16.819999999999993
1994-11-04,17.580000000000002
1994-11-11,17.459999999999994
1994-11-18,16.8
1994-11-25,17.06
1994-12-02,16.849999999999998
1994-12-09,16.0
1994-12-16,15.719999999999995
1994-12-23,15.619999999999996
1994-12-30,16.189999999999998
1995-01-06,16.069999999999997
1995-01-13,16.23
1995-01-20,16.879999999999995
1995-01-27,16.849999999999998
1995-02-03,16.989999999999995
1995-02-10,16.96999999999999
1995-02-17,17.1
1995-02-24,17.18
1995-03-03,16.930000000000007
1995-03-10,16.7
1995-03-17,16.41
1995-03-24,17.17
1995-03-31,17.939999999999987
1995-04-07,18.239999999999995
1995-04-14,18.37
1995-04-21,18.9
1995-04-28,19.07
1995-05-05,18.809999999999995
1995-05-12,18.26
1995-05-19,18.42
1995-05-26,18.239999999999995
1995-06-02,17.650000000000006
1995-06-09,17.98
1995-06-16,17.759999999999994
1995-06-23,16.670000000000005
1995-06-30,16.639999999999993
1995-07-07,16.110000000000007
1995-07-14,15.920000000000003
1995-07-21,15.649999999999991
1995-07-28,15.75
1995-08-04,16.019999999999992
1995-08-11,16.069999999999997
1995-08-18,15.889999999999995
1995-08-25,16.289999999999992
1995-09-01,16.220000000000002
1995-09-08,16.690000000000012
1995-09-15,16.939999999999998
1995-09-22,16.88999999999999
1995-09-29,16.36999999999999
1995-10-06,16.23
1995-10-13,15.98
1995-10-20,15.96
1995-10-27,16.11999999999999
1995-11-03,16.64999999999999
1995-11-10,16.790000000000006
1995-11-17,16.75
1995-11-24,16.819999999999993
1995-12-01,17.209999999999994
1995-12-08,17.53
1995-12-15,17.779999999999994
1995-12-22,18.14
1995-12-29,18.72
1996-01-05,19.18
1996-01-12,18.53
1996-01-19,17.609999999999996
1996-01-26,17.189999999999994
1996-02-02,16.639999999999993
1996-02-09,16.989999999999995
1996-02-16,17.98
1996-02-23,18.79
1996-03-01,18.77
1996-03-08,18.84
1996-03-15,19.3
1996-03-22,20.55
1996-03-29,20.98
1996-04-05,20.94
1996-04-12,22.67000000000001
1996-04-19,20.52
1996-04-26,20.28
1996-05-03,19.469999999999995
1996-05-10,19.629999999999992
1996-05-17,19.059999999999988
1996-05-24,19.19999999999999
1996-05-31,18.67
1996-06-07,18.31000000000001
1996-06-14,18.160000000000004
1996-06-21,18.56
1996-06-28,18.800000000000004
1996-07-05,19.62
1996-07-12,19.8
1996-07-19,19.93000000000001
1996-07-26,19.3
1996-08-02,19.07
1996-08-09,19.73
1996-08-16,20.950000000000006
1996-08-23,21.15
1996-08-30,20.78
1996-09-06,22.18
1996-09-13,23.08
1996-09-20,22.10999999999999
1996-09-27,22.850000000000005
1996-10-04,23.59000000000001
1996-10-11,24.18
1996-10-18,24.770000000000003
1996-10-25,24.7
1996-11-01,23.2
1996-11-08,21.989999999999995
1996-11-15,22.88000000000001
1996-11-22,23.210000000000004
1996-11-29,23.05
1996-12-06,24.18
1996-12-13,23.27
1996-12-20,23.97
1996-12-27,23.57
1997-01-03,24.119999999999997
1997-01-10,24.670000000000005
1997-01-17,23.23000000000001
1997-01-24,22.9
1997-01-31,22.98
1997-02-07,22.529999999999998
1997-02-14,20.83
1997-02-21,20.54
1997-02-28,19.829999999999995
1997-03-07,19.360000000000014
1997-03-14,19.1
1997-03-21,19.51
1997-03-28,18.73
1997-04-04,17.840000000000007
1997-04-11,17.139999999999993
1997-04-18,17.330000000000005
1997-04-25,17.759999999999994
1997-05-02,18.08
1997-05-09,18.06000000000001
1997-05-16,19.42
1997-05-23,19.910000000000004
1997-05-30,19.15
1997-06-06,18.300000000000004
1997-06-13,16.879999999999995
1997-06-20,17.269999999999992
1997-06-27,17.740000000000006
1997-07-04,18.40999999999999
1997-07-11,18.17
1997-07-18,18.26
1997-07-25,18.57
1997-08-01,18.959999999999997
1997-08-08,19.17
1997-08-15,18.629999999999992
1997-08-22,18.599999999999994
1997-08-29,17.829999999999995
1997-09-05,18.1
1997-09-12,18.11
1997-09-19,18.22
1997-09-26,18.829999999999995
1997-10-03,20.14
1997-10-10,20.75
1997-10-17,19.549999999999997
1997-10-24,19.559999999999995
1997-10-31,19.270000000000007
1997-11-07,19.14
1997-11-14,19.59
1997-11-21,19.19999999999999
1997-11-28,18.850000000000005
1997-12-05,17.919999999999995
1997-12-12,17.32
1997-12-19,17.039999999999996
1997-12-26,17.06
1998-01-02,16.0
1998-01-09,15.379999999999995
1998-01-16,14.920000000000002
1998-01-23,14.719999999999995
1998-01-30,15.610000000000005
1998-02-06,14.920000000000002
1998-02-13,14.36
1998-02-20,13.68
1998-02-27,13.319999999999991
1998-03-06,13.129999999999995
1998-03-13,12.31
1998-03-20,11.95
1998-03-27,14.610000000000005
1998-04-03,13.79
1998-04-10,12.989999999999997
1998-04-17,13.55
1998-04-24,13.64
1998-05-01,14.0
1998-05-08,13.950000000000005
1998-05-15,14.39
1998-05-22,14.56
1998-05-29,14.45
1998-06-05,13.629999999999995
1998-06-12,12.459999999999996
1998-06-19,10.920000000000003
1998-06-26,11.959999999999996
1998-07-03,11.870000000000005
1998-07-10,11.660000000000002
1998-07-17,12.04
1998-07-24,12.12
1998-07-31,12.609999999999996
1998-08-07,12.100000000000003
1998-08-14,11.389999999999995
1998-08-21,12.0
1998-08-28,12.159999999999998
1998-09-04,12.420000000000003
1998-09-11,12.609999999999996
1998-09-18,12.920000000000003
1998-09-25,14.549999999999995
1998-10-02,14.43
1998-10-09,13.609999999999996
1998-10-16,12.45
1998-10-23,11.74
1998-10-30,12.349999999999998
1998-11-06,11.9
1998-11-13,11.36
1998-11-20,10.559999999999995
1998-11-27,10.559999999999995
1998-12-04,9.85
1998-12-11,9.440000000000005
1998-12-18,9.89
1998-12-25,9.78
1999-01-01,10.41
1999-01-08,10.940000000000005
1999-01-15,11.36
1999-01-22,11.04
1999-01-29,11.109999999999998
1999-02-05,10.52
1999-02-12,9.88
1999-02-19,10.07
1999-02-26,10.58
1999-03-05,10.79
1999-03-12,11.670000000000003
1999-03-19,12.75
1999-03-26,13.570000000000007
1999-04-02,14.619999999999996
1999-04-09,14.129999999999995
1999-04-16,14.700000000000005
1999-04-23,16.069999999999997
1999-04-30,16.179999999999993
1999-05-07,16.48
1999-05-14,15.219999999999995
1999-05-21,14.549999999999995
1999-05-28,14.899999999999997
1999-06-04,14.49
1999-06-11,16.130000000000006
1999-06-18,16.11999999999999
1999-06-25,16.029999999999994
1999-07-02,16.879999999999995
1999-07-09,18.619999999999997
1999-07-16,19.25
1999-07-23,19.279999999999998
1999-07-30,19.76
1999-08-06,19.439999999999987
1999-08-13,20.209999999999987
1999-08-20,20.799999999999997
1999-08-27,20.25
1999-09-03,20.899999999999995
1999-09-10,21.940000000000005
1999-09-17,23.08
1999-09-24,23.02000000000001
1999-10-01,23.25
1999-10-08,22.41999999999999
1999-10-15,21.77999999999999
1999-10-22,21.789999999999992
1999-10-29,21.82
1999-11-05,22.219999999999995
1999-11-12,24.770000000000003
1999-11-19,25.189999999999998
1999-11-26,25.82
1999-12-03,25.35
1999-12-10,25.73999999999999
1999-12-17,25.44000000000001
1999-12-24,25.40999999999999
1999-12-31,25.28
2000-01-07,23.64
2000-01-14,24.34
2000-01-21,26.379999999999985
2000-01-28,26.98999999999999
2000-02-04,27.32999999999999
2000-02-11,27.63000000000001
2000-02-18,27.809999999999995
2000-02-25,27.75999999999999
2000-03-03,29.49000000000001
2000-03-10,30.3
2000-03-17,28.39
2000-03-24,25.47000000000001
2000-03-31,24.33
2000-04-07,23.28
2000-04-14,21.65999999999999
2000-04-21,22.99
2000-04-28,23.28
2000-05-05,24.959999999999997
2000-05-12,26.89999999999999
2000-05-19,28.669999999999995
2000-05-26,29.049999999999997
2000-06-02,29.64
2000-06-09,28.669999999999995
2000-06-16,29.80999999999999
2000-06-23,29.77999999999999
2000-06-30,31.03
2000-07-07,30.9
2000-07-14,30.529999999999998
2000-07-21,27.95
2000-07-28,26.01999999999999
2000-08-04,26.48
2000-08-11,28.34
2000-08-18,30.07
2000-08-25,31.770000000000003
2000-09-01,34.31999999999999
2000-09-08,36.43
2000-09-15,33.260000000000005
2000-09-22,33.09
2000-09-29,29.41
2000-10-06,29.829999999999995
2000-10-13,31.83
2000-10-20,30.97
2000-10-27,31.35000000000001
2000-11-03,30.9
2000-11-10,31.59
2000-11-17,33.32
2000-11-24,33.46
2000-12-01,32.52999999999999
2000-12-08,28.28
2000-12-15,25.939999999999998
2000-12-22,23.48
2000-12-29,22.480000000000004
2001-01-05,24.050000000000004
2001-01-12,25.02000000000001
2001-01-19,25.369999999999997
2001-01-26,27.15
2001-02-02,27.189999999999987
2001-02-09,29.619999999999987
2001-02-16,27.63000000000001
2001-02-23,26.29
2001-03-02,25.259999999999994
2001-03-09,25.93
2001-03-16,24.33
2001-03-23,23.48
2001-03-30,24.04
2001-04-06,24.0
2001-04-13,26.0
2001-04-20,26.270000000000003
2001-04-27,26.05
2001-05-04,27.28
2001-05-11,27.770000000000003
2001-05-18,28.34
2001-05-25,29.31
2001-06-01,28.860000000000007
2001-06-08,28.870000000000008
2001-06-15,28.870000000000008
2001-06-22,26.819999999999983
2001-06-29,26.63000000000001
2001-07-06,25.89999999999999
2001-07-13,24.47
2001-07-20,23.47
2001-07-27,24.68999999999999
2001-08-03,24.83000000000001
2001-08-10,25.6
2001-08-17,25.40999999999999
2001-08-24,25.48000000000001
2001-08-31,26.569999999999983
2001-09-07,26.639999999999983
2001-09-14,28.47
2001-09-21,26.41000000000001
2001-09-28,20.950000000000006
2001-10-05,21.11
2001-10-12,20.910000000000004
2001-10-19,19.879999999999995
2001-10-26,20.46
2001-11-02,19.719999999999995
2001-11-09,19.310000000000013
2001-11-16,18.42
2001-11-23,18.57
2001-11-30,18.800000000000004
2001-12-07,18.99
2001-12-14,18.019999999999992
2001-12-21,18.74
2001-12-28,19.1
2002-01-04,20.29
2002-01-11,20.42
2002-01-18,18.52000000000001
2002-01-25,18.77
2002-02-01,19.3
2002-02-08,19.910000000000004
2002-02-15,20.989999999999995
2002-02-22,20.02
2002-03-01,20.6
2002-03-08,22.270000000000003
2002-03-15,23.41999999999999
2002-03-22,24.43
2002-03-29,25.03
2002-04-05,26.42
2002-04-12,24.889999999999983
2002-04-19,24.889999999999983
2002-04-26,26.24000000000001
2002-05-03,26.41000000000001
2002-05-10,26.15000000000001
2002-05-17,26.350000000000005
2002-05-24,24.61
2002-05-31,24.0
2002-06-07,22.99
2002-06-14,23.2
2002-06-21,24.550000000000004
2002-06-28,25.16
2002-07-05,25.63000000000001
2002-07-12,25.549999999999997
2002-07-19,26.280000000000005
2002-07-26,25.450000000000006
2002-08-02,25.68000000000001
2002-08-09,25.52
2002-08-16,26.44
2002-08-23,27.58
2002-08-30,27.52999999999999
2002-09-06,27.45
2002-09-13,28.51000000000001
2002-09-20,28.32000000000001
2002-09-27,29.16999999999998
2002-10-04,28.889999999999983
2002-10-11,28.17
2002-10-18,28.450000000000006
2002-10-25,26.620000000000008
2002-11-01,25.549999999999997
2002-11-08,24.29999999999999
2002-11-15,23.4
2002-11-22,24.160000000000004
2002-11-29,25.189999999999998
2002-12-06,25.91000000000001
2002-12-13,26.84
2002-12-20,29.559999999999995
2002-12-27,31.00999999999999
2003-01-03,30.97
2003-01-10,30.36999999999998
2003-01-17,31.47999999999999
2003-01-24,31.80999999999999
2003-01-31,31.199999999999992
2003-02-07,31.57999999999999
2003-02-14,32.78999999999999
2003-02-21,33.0
2003-02-28,33.71999999999999
2003-03-07,34.11
2003-03-14,33.71999999999999
2003-03-21,28.18
2003-03-28,26.950000000000006
2003-04-04,26.93
2003-04-11,24.959999999999997
2003-04-18,24.919999999999995
2003-04-25,24.66
2003-05-02,23.55
2003-05-09,24.31000000000001
2003-05-16,26.21
2003-05-23,27.189999999999987
2003-05-30,26.56
2003-06-06,27.91999999999999
2003-06-13,28.379999999999995
2003-06-20,26.88000000000001
2003-06-27,27.189999999999987
2003-07-04,28.4
2003-07-11,28.42
2003-07-18,28.74
2003-07-25,28.020000000000003
2003-08-01,28.519999999999985
2003-08-08,30.189999999999998
2003-08-15,29.6
2003-08-22,29.700000000000006
2003-08-29,30.120000000000005
2003-09-05,28.16
2003-09-12,27.57
2003-09-19,25.89999999999999
2003-09-26,26.49
2003-10-03,28.379999999999995
2003-10-10,29.88000000000001
2003-10-17,31.0
2003-10-24,29.66000000000001
2003-10-31,28.46
2003-11-07,28.049999999999983
2003-11-14,29.01000000000001
2003-11-21,29.61
2003-11-28,28.34
2003-12-05,28.93
2003-12-12,30.17
2003-12-19,30.870000000000008
2003-12-26,28.84
2004-01-02,29.77999999999999
2004-01-09,31.5
2004-01-16,31.70000000000001
2004-01-23,31.88000000000001
2004-01-30,30.39000000000001
2004-02-06,29.66000000000001
2004-02-13,30.120000000000005
2004-02-20,31.39000000000001
2004-02-27,32.27000000000001
2004-03-05,33.73000000000001
2004-03-12,33.36
2004-03-19,34.56
2004-03-26,33.59
2004-04-02,32.22999999999999
2004-04-09,32.75
2004-04-16,33.95000000000001
2004-04-23,33.7
2004-04-30,34.63999999999999
2004-05-07,36.37999999999999
2004-05-14,37.61999999999999
2004-05-21,38.43000000000001
2004-05-28,37.95
2004-06-04,37.25
2004-06-11,35.33999999999999
2004-06-18,35.09
2004-06-25,34.71000000000001
2004-07-02,34.0
2004-07-09,36.51
2004-07-16,37.760000000000026
2004-07-23,39.04999999999999
2004-07-30,40.66000000000001
2004-08-06,42.00999999999999
2004-08-13,43.16
2004-08-20,44.55999999999999
2004-08-27,42.229999999999976
2004-09-03,41.0
2004-09-10,40.60000000000001
2004-09-17,41.54999999999996
2004-09-24,45.3
2004-10-01,47.10999999999998
2004-10-08,48.09000000000001
2004-10-15,50.96000000000002
2004-10-22,50.5
2004-10-29,50.14999999999999
2004-11-05,45.78000000000001
2004-11-12,42.83000000000001
2004-11-19,40.62999999999999
2004-11-26,42.78
2004-12-03,41.31
2004-12-10,37.60000000000001
2004-12-17,39.98
2004-12-24,41.15
2004-12-31,39.78999999999999
2005-01-07,42.07000000000001
2005-01-14,44.59000000000001
2005-01-21,45.08000000000001
2005-01-28,45.82000000000003
2005-02-04,44.03999999999999
2005-02-11,43.28999999999999
2005-02-18,45.21999999999999
2005-02-25,48.23
2005-03-04,51.33000000000001
2005-03-11,53.09000000000002
2005-03-18,54.85
2005-03-25,53.76000000000001
2005-04-01,52.22999999999998
2005-04-08,53.78999999999999
2005-04-15,50.43
2005-04-22,51.23000000000002
2005-04-29,51.63999999999999
2005-05-06,50.05
2005-05-13,48.69999999999999
2005-05-20,46.98
2005-05-27,48.58999999999998
2005-06-03,50.46
2005-06-10,51.89999999999999
2005-06-17,54.16999999999999
2005-06-24,56.94999999999998
2005-07-01,56.69000000000002
2005-07-08,57.97999999999998
2005-07-15,57.43000000000002
2005-07-22,56.39000000000002
2005-07-29,58.5
2005-08-05,60.41999999999998
2005-08-12,64.45999999999998
2005-08-19,64.22999999999999
2005-08-26,65.68000000000004
2005-09-02,66.08999999999999
2005-09-09,63.240000000000016
2005-09-16,61.22000000000001
2005-09-23,63.62999999999999
2005-09-30,62.15999999999999
2005-10-07,58.92999999999999
2005-10-14,58.58999999999998
2005-10-21,58.15
2005-10-28,58.5
2005-11-04,58.74
2005-11-11,56.78999999999999
2005-11-18,53.77000000000002
2005-11-25,53.56999999999997
2005-12-02,53.59000000000001
2005-12-09,56.06999999999998
2005-12-16,58.75
2005-12-23,56.35999999999999
2005-12-30,57.38
2006-01-06,61.72000000000001
2006-01-13,62.18000000000001
2006-01-20,63.53999999999999
2006-01-27,63.76999999999998
2006-02-03,64.0
2006-02-10,61.23000000000001
2006-02-17,58.040000000000006
2006-02-24,59.39
2006-03-03,61.05999999999999
2006-03-10,59.5
2006-03-17,62.42000000000001
2006-03-24,61.60999999999995
2006-03-31,64.76000000000002
2006-04-07,66.92999999999999
2006-04-14,68.91000000000001
2006-04-21,72.54
2006-04-28,72.83999999999997
2006-05-05,72.92000000000002
2006-05-12,70.43999999999998
2006-05-19,67.83999999999996
2006-05-26,68.47
2006-06-02,68.75
2006-06-09,67.89
2006-06-16,66.16999999999999
2006-06-23,68.33
2006-06-30,71.81999999999995
2006-07-07,73.45
2006-07-14,73.98999999999997
2006-07-21,73.51999999999998
2006-07-28,73.53000000000002
2006-08-04,76.31999999999998
2006-08-11,76.97999999999998
2006-08-18,72.35000000000002
2006-08-25,71.92
2006-09-01,68.35
2006-09-08,65.76
2006-09-15,61.37999999999999
2006-09-22,60.23000000000004
2006-09-29,58.75999999999999
2006-10-06,57.149999999999984
2006-10-13,58.33000000000001
2006-10-20,58.51
2006-10-27,57.72999999999999
2006-11-03,56.48
2006-11-10,58.02000000000002
2006-11-17,57.85
2006-11-24,59.2
2006-12-01,62.58999999999999
2006-12-08,63.62999999999999
2006-12-15,62.55999999999999
2006-12-22,62.44000000000001
2006-12-29,59.68999999999999
2007-01-05,55.62999999999997
2007-01-12,51.790000000000006
2007-01-19,51.39999999999999
2007-01-26,54.87000000000001
2007-02-02,55.920000000000016
2007-02-09,57.90000000000001
2007-02-16,55.540000000000006
2007-02-23,58.16000000000001
2007-03-02,60.62000000000001
2007-03-09,60.35
2007-03-16,60.87000000000001
2007-03-23,61.09
2007-03-30,66.10000000000001
2007-04-06,68.54999999999998
2007-04-13,68.2
2007-04-20,66.21
2007-04-27,67.39
2007-05-04,66.03999999999999
2007-05-11,63.91
2007-05-18,67.55000000000003
2007-05-25,70.64999999999998
2007-06-01,68.45000000000002
2007-06-08,71.23
2007-06-15,69.88999999999997
2007-06-22,71.77999999999999
2007-06-29,71.76
2007-07-06,74.79000000000002
2007-07-13,77.75999999999998
2007-07-20,78.23999999999998
2007-07-27,76.65999999999998
2007-08-03,76.33999999999997
2007-08-10,70.69999999999997
2007-08-17,70.08999999999996
2007-08-24,68.44000000000001
2007-08-31,70.55000000000003
2007-09-07,75.06000000000004
2007-09-14,76.89000000000001
2007-09-21,78.16999999999999
2007-09-28,78.15000000000002
2007-10-05,77.97999999999998
2007-10-12,78.85
2007-10-19,84.29
2007-10-26,83.72
2007-11-02,90.41999999999996
2007-11-09,93.53999999999998
2007-11-16,90.74
2007-11-23,94.00999999999996
2007-11-30,92.16
2007-12-07,89.09000000000002
2007-12-14,90.24000000000004
2007-12-21,90.81999999999996
2007-12-28,94.39
2008-01-04,96.5
2008-01-11,94.40000000000003
2008-01-18,90.02999999999999
2008-01-25,88.45999999999998
2008-02-01,91.77
2008-02-08,89.87999999999997
2008-02-15,94.98
2008-02-22,97.12999999999997
2008-02-29,99.09999999999998
2008-03-07,101.9
2008-03-14,107.69
2008-03-21,103.05
2008-03-28,102.05000000000004
2008-04-04,100.87999999999997
2008-04-11,106.6
2008-04-18,110.42
2008-04-25,114.34
2008-05-02,111.98
2008-05-09,119.84
2008-05-16,122.58000000000004
2008-05-23,126.47
2008-05-30,128.76
2008-06-06,126.33
2008-06-13,134.12
2008-06-20,132.07999999999996
2008-06-27,135.54
2008-07-04,141.07
2008-07-11,137.42999999999995
2008-07-18,135.04999999999998
2008-07-25,126.7
2008-08-01,124.43
2008-08-08,116.55999999999996
2008-08-15,110.15999999999998
2008-08-22,111.65999999999995
2008-08-29,112.4
2008-09-05,103.69
2008-09-12,97.28
2008-09-19,89.34999999999998
2008-09-26,100.90999999999998
2008-10-03,91.90000000000002
2008-10-10,80.97999999999998
2008-10-17,69.28
2008-10-24,64.39999999999999
2008-10-31,60.60999999999998
2008-11-07,59.42999999999999
2008-11-14,53.27000000000002
2008-11-21,47.79
2008-11-28,48.53000000000002
2008-12-05,43.69999999999999
2008-12-12,41.010000000000026
2008-12-19,41.71
2008-12-26,35.38000000000001
2009-01-02,37.04000000000002
2009-01-09,45.25
2009-01-16,42.38000000000001
2009-01-23,41.67
2009-01-30,44.2
2009-02-06,43.64
2009-02-13,45.59000000000001
2009-02-20,40.91000000000001
2009-02-27,42.67999999999999
2009-03-06,43.85999999999999
2009-03-13,43.97999999999999
2009-03-20,46.42999999999997
2009-03-27,51.46
2009-04-03,48.490000000000016
2009-04-10,51.47999999999998
2009-04-17,51.59000000000001
2009-04-24,48.97000000000001
2009-05-01,49.91999999999999
2009-05-08,54.82999999999999
2009-05-15,56.39000000000002
2009-05-22,57.88999999999999
2009-05-29,62.20000000000001
2009-06-05,67.17
2009-06-12,69.88000000000001
2009-06-19,69.68000000000005
2009-06-26,67.58
2009-07-03,68.03000000000002
2009-07-10,60.39000000000001
2009-07-17,61.10999999999999
2009-07-24,66.55999999999997
2009-07-31,68.6
2009-08-07,73.98999999999997
2009-08-14,72.89999999999998
2009-08-21,71.51999999999998
2009-08-28,72.33000000000001
2009-09-04,67.60000000000002
2009-09-11,69.16999999999999
2009-09-18,68.85
2009-09-25,66.95999999999997
2009-10-02,65.90000000000002
2009-10-09,67.87
2009-10-16,72.29
2009-10-23,77.24000000000005
2009-10-30,76.06999999999998
2009-11-06,76.59999999999998
2009-11-13,76.25
2009-11-20,77.03999999999998
2009-11-27,76.51999999999997
2009-12-04,77.77999999999999
2009-12-11,73.14000000000004
2009-12-18,71.8
2009-12-25,73.34999999999995
2010-01-01,77.18999999999997
2010-01-08,79.81999999999995
2010-01-15,78.30999999999997
2010-01-22,74.27999999999999
2010-01-29,71.88000000000002
2010-02-05,72.54
2010-02-12,70.84999999999998
2010-02-19,75.80000000000003
2010-02-26,76.23000000000003
2010-03-05,77.86000000000001
2010-03-12,79.36000000000001
2010-03-19,79.05000000000003
2010-03-26,78.37999999999997
2010-04-02,80.59
2010-04-09,83.88000000000002
2010-04-16,85.23
2010-04-23,84.61
2010-04-30,85.98
2010-05-07,82.5
2010-05-14,78.31999999999995
2010-05-21,72.16999999999997
2010-05-28,70.79000000000003
2010-06-04,72.70999999999997
2010-06-11,72.75999999999998
2010-06-18,76.22
2010-06-25,76.64000000000001
2010-07-02,73.85999999999999
2010-07-09,73.94999999999997
2010-07-16,75.7
2010-07-23,76.64000000000001
2010-07-30,77.24000000000005
2010-08-06,82.68999999999997
2010-08-13,78.20999999999997
2010-08-20,74.94000000000003
2010-08-27,72.82000000000002
2010-09-03,75.40999999999998
2010-09-10,77.16999999999999
2010-09-17,78.43999999999997
2010-09-24,78.37999999999997
2010-10-01,79.81999999999995
2010-10-08,83.86999999999995
2010-10-15,83.10999999999997
2010-10-22,81.42999999999998
2010-10-29,82.25
2010-11-05,85.6
2010-11-12,87.42999999999998
2010-11-19,83.93999999999997
2010-11-26,83.51000000000003
2010-12-03,88.10000000000002
2010-12-10,90.25
2010-12-17,90.91
2010-12-24,92.89999999999998
2010-12-31,93.16999999999996
2011-01-07,94.72
2011-01-14,97.08999999999996
2011-01-21,97.34000000000002
2011-01-28,96.61999999999996
2011-02-04,100.36000000000004
2011-02-11,99.90000000000002
2011-02-18,102.81
2011-02-25,110.48999999999998
2011-03-04,114.53
2011-03-11,114.45000000000005
2011-03-18,112.67
2011-03-25,115.40999999999998
2011-04-01,116.48999999999997
2011-04-08,123.03000000000006
2011-04-15,123.57
2011-04-22,122.74
2011-04-29,125.35999999999996
2011-05-06,119.56
2011-05-13,114.53
2011-05-20,112.01999999999998
2011-05-27,113.41000000000004
2011-06-03,115.68
2011-06-10,117.73000000000005
2011-06-17,116.78999999999998
2011-06-24,110.18
2011-07-01,109.03
2011-07-08,115.39
2011-07-15,117.71999999999998
2011-07-22,118.2
2011-07-29,117.69999999999992
2011-08-05,112.64999999999996
2011-08-12,105.29999999999998
2011-08-19,109.53999999999996
2011-08-26,111.05999999999992
2011-09-02,116.11000000000004
2011-09-09,115.97
2011-09-16,114.98
2011-09-23,111.98
2011-09-30,107.69
2011-10-07,104.03000000000004
2011-10-14,111.58999999999996
2011-10-21,111.47000000000004
2011-10-28,111.33000000000006
2011-11-04,109.84
2011-11-11,114.68
2011-11-18,110.69
2011-11-25,106.67000000000004
2011-12-02,110.05
2011-12-09,109.30999999999996
2011-12-16,106.26000000000006
2011-12-23,107.71999999999998
2011-12-30,107.51
2012-01-06,112.51000000000003
2012-01-13,111.78
2012-01-20,109.6
2012-01-27,109.18
2012-02-03,111.2
2012-02-10,117.21000000000004
2012-02-17,119.78999999999996
2012-02-24,123.33999999999996
2012-03-02,124.88
2012-03-09,126.62000000000002
2012-03-16,126.22
2012-03-23,124.35
2012-03-30,124.43
2012-04-06,124.18000000000002
2012-04-13,120.86999999999998
2012-04-20,117.17999999999996
2012-04-27,118.09999999999992
2012-05-04,116.67
2012-05-11,111.78
2012-05-18,109.87
2012-05-25,108.13999999999996
2012-06-01,103.47000000000004
2012-06-08,99.03000000000002
2012-06-15,97.20999999999997
2012-06-22,92.46
2012-06-29,91.23
2012-07-06,98.8
2012-07-13,99.87999999999997
2012-07-20,105.40000000000002
2012-07-27,104.17999999999996
2012-08-03,107.27
2012-08-10,112.49
2012-08-17,115.03999999999996
2012-08-24,116.09999999999997
2012-08-31,113.01999999999998
2012-09-07,114.11
2012-09-14,115.40999999999998
2012-09-21,111.83000000000004
2012-09-28,110.34999999999997
2012-10-05,111.41000000000004
2012-10-12,114.88
2012-10-19,113.58999999999996
2012-10-26,108.26999999999994
2012-11-02,108.84999999999997
2012-11-09,107.77999999999996
2012-11-16,109.12
2012-11-23,110.25999999999998
2012-11-30,109.82
2012-12-07,109.08
2012-12-14,109.1
2012-12-21,109.78999999999996
2012-12-28,109.81000000000004
2013-01-04,112.34999999999997
2013-01-11,112.36999999999992
2013-01-18,111.35000000000002
2013-01-25,113.71999999999998
2013-02-01,115.12999999999992
2013-02-08,117.14999999999996
2013-02-15,118.09999999999992
2013-02-22,115.29999999999995
2013-03-01,112.42000000000004
2013-03-08,109.98000000000002
2013-03-15,108.40999999999998
2013-03-22,107.33000000000004
2013-03-29,107.67999999999996
2013-04-05,107.05999999999996
2013-04-12,103.25
2013-04-19,98.09000000000002
2013-04-26,100.61000000000004
2013-05-03,101.52999999999996
2013-05-10,103.77
2013-05-17,102.90999999999995
2013-05-24,102.29999999999998
2013-05-31,102.02999999999996
2013-06-07,102.92
2013-06-14,103.38999999999996
2013-06-21,103.93
2013-06-28,101.43000000000002
2013-07-05,105.18
2013-07-12,108.26
2013-07-19,109.40999999999998
2013-07-26,108.4
2013-08-02,108.61
2013-08-09,108.56000000000004
2013-08-16,110.73000000000002
2013-08-23,111.12000000000003
2013-08-30,115.31999999999998
2013-09-06,116.03000000000002
2013-09-13,113.21999999999996
2013-09-20,109.98000000000002
2013-09-27,108.79999999999998
2013-10-04,108.63000000000004
2013-10-11,110.30000000000004
2013-10-18,110.11
2013-10-25,107.82000000000008
2013-11-01,107.61000000000004
2013-11-08,104.53999999999996
2013-11-15,107.09999999999997
2013-11-22,109.31999999999998
2013-11-29,111.32
2013-12-06,112.27999999999996
2013-12-13,109.1
2013-12-20,110.33999999999996
2013-12-27,111.71999999999996
2014-01-03,108.72999999999998
2014-01-10,107.01000000000002
2014-01-17,107.83000000000004
2014-01-24,109.14000000000004
2014-01-31,108.83
2014-02-07,107.73
2014-02-14,109.12
2014-02-21,109.74
2014-02-28,109.17000000000004
2014-03-07,109.14000000000004
2014-03-14,108.01
2014-03-21,106.53
2014-03-28,106.54000000000003
2014-04-04,105.26
2014-04-11,106.51000000000002
2014-04-18,109.06999999999998
2014-04-25,109.20999999999998
2014-05-02,109.15
2014-05-09,108.48
2014-05-16,109.53
2014-05-23,110.72
2014-05-30,109.62000000000002
2014-06-06,108.98
2014-06-13,110.97999999999996
2014-06-20,114.28999999999996
2014-06-27,113.09
2014-07-04,110.25999999999998
2014-07-11,107.03
2014-07-18,105.38999999999994
2014-07-25,106.34000000000005
2014-08-01,105.70999999999998
2014-08-08,103.59999999999997
2014-08-15,101.94000000000004
2014-08-22,99.87999999999997
2014-08-29,100.64
2014-09-05,100.45000000000002
2014-09-12,97.32
2014-09-19,97.01999999999994
2014-09-26,95.00999999999998
2014-10-03,93.41000000000004
2014-10-10,90.19
2014-10-17,85.5
2014-10-24,85.58
2014-10-31,85.55999999999997
2014-11-07,83.03999999999998
2014-11-14,79.89999999999998
2014-11-21,77.61999999999995
2014-11-28,76.62999999999998
2014-12-05,69.71999999999998
2014-12-12,64.08
2014-12-19,59.77000000000001
2014-12-26,58.68999999999999
2015-01-02,56.03
2015-01-09,49.46999999999999
2015-01-16,46.58000000000001
2015-01-23,46.43999999999998
2015-01-30,46.76000000000001
2015-02-06,54.61999999999998
2015-02-13,56.57
2015-02-20,60.56999999999998
2015-02-27,60.63000000000001
2015-03-06,60.11999999999998
2015-03-13,56.50999999999999
2015-03-20,52.72000000000001
2015-03-27,55.01
2015-04-03,54.79
2015-04-10,56.50999999999999
2015-04-17,59.11999999999998
2015-04-24,61.40999999999996
2015-05-01,63.49
2015-05-08,65.00999999999999
2015-05-15,64.90000000000002
2015-05-22,64.30999999999999
2015-05-29,61.56999999999999
2015-06-05,61.899999999999984
2015-06-12,63.240000000000016
2015-06-19,60.64999999999999
2015-06-26,60.84
2015-07-03,60.35999999999998
2015-07-10,56.63
2015-07-17,57.17
2015-07-24,55.75
2015-07-31,54.14000000000001
2015-08-07,48.58999999999998
2015-08-14,47.94
2015-08-21,46.0
2015-08-28,43.52999999999998
2015-09-04,48.87000000000001
2015-09-11,47.6
2015-09-18,47.34
2015-09-25,47.33000000000001
2015-10-02,46.99000000000001
2015-10-09,51.33000000000001
2015-10-16,48.99
2015-10-23,46.81000000000002
2015-10-30,47.149999999999984
2015-11-06,47.23000000000002
2015-11-13,44.75
2015-11-20,41.53999999999999
2015-11-27,43.64999999999999
2015-12-04,42.40999999999999
2015-12-11,38.759999999999984
2015-12-18,36.84
2015-12-25,35.9
2016-01-01,36.54999999999999
2016-01-08,34.19
2016-01-15,29.099999999999994
2016-01-22,27.75999999999999
2016-01-29,31.75
2016-02-05,32.18
2016-02-12,30.409999999999982
2016-02-19,32.28999999999999
2016-02-26,33.12
2016-03-04,36.28
2016-03-11,39.29999999999999
2016-03-18,38.5
2016-03-25,39.409999999999975
2016-04-01,37.0
2016-04-08,37.51
2016-04-15,42.35
2016-04-22,43.03999999999999
2016-04-29,44.46
2016-05-06,44.2
2016-05-13,45.2
2016-05-20,48.33999999999998
2016-05-27,48.73
2016-06-03,48.90999999999999
2016-06-10,49.93999999999998
2016-06-17,47.39
2016-06-24,48.11999999999999
2016-07-01,47.09
2016-07-08,45.96
2016-07-15,45.53999999999999
2016-07-22,45.21999999999999
2016-07-29,42.55
2016-08-05,40.87999999999999
2016-08-12,43.63000000000001
2016-08-19,48.59999999999998
2016-08-26,48.65000000000002
2016-09-02,47.31
2016-09-09,47.509999999999984
2016-09-16,46.21
2016-09-23,46.24
2016-09-30,46.74
2016-10-07,49.52
2016-10-14,49.93999999999998
2016-10-21,50.33000000000001
2016-10-28,48.95
2016-11-04,44.63
2016-11-11,43.09
2016-11-18,44.009999999999984
2016-11-25,46.48999999999998
2016-12-02,48.78000000000002
2016-12-09,52.26000000000002
2016-12-16,53.26000000000002
2016-12-23,53.81000000000002
2016-12-30,54.96
2017-01-06,55.12999999999999
2017-01-13,54.02
2017-01-20,54.19000000000002
2017-01-27,54.91
2017-02-03,55.52999999999997
2017-02-10,54.47999999999997
2017-02-17,54.46
2017-02-24,55.40000000000001
2017-03-03,54.39999999999999
2017-03-10,52.78000000000001
2017-03-17,50.28999999999998
2017-03-24,50.09999999999998
2017-03-31,51.33000000000001
2017-04-07,53.27999999999997
2017-04-14,54.82999999999999
2017-04-21,52.079999999999984
2017-04-28,49.54999999999998
2017-05-05,48.69999999999999
2017-05-12,48.0
2017-05-19,51.75
2017-05-26,52.58
2017-06-02,50.22999999999998
2017-06-09,47.28
2017-06-16,46.17999999999999
2017-06-23,44.63
2017-06-30,46.16
2017-07-07,48.17
2017-07-14,47.100000000000016
2017-07-21,47.98999999999998
2017-07-28,49.95000000000002
2017-08-04,52.03999999999999
2017-08-11,51.96
2017-08-18,50.57999999999997
2017-08-25,52.03
2017-09-01,52.25
2017-09-08,53.88
2017-09-15,55.540000000000006
2017-09-22,57.03
2017-09-29,58.75
2017-10-06,56.08
2017-10-13,56.21000000000002
2017-10-20,57.77999999999997
2017-10-27,58.579999999999984
2017-11-03,61.03999999999999
2017-11-10,64.28999999999998
2017-11-17,61.51999999999998
2017-11-24,62.67999999999998
2017-12-01,63.73
2017-12-08,63.08000000000003
2017-12-15,64.34999999999998
2017-12-22,64.36
2017-12-29,66.52000000000001
2018-01-05,67.80999999999999
2018-01-12,69.46999999999998
2018-01-19,69.39
2018-01-26,70.04000000000002
2018-02-02,68.0
2018-02-09,65.5
2018-02-16,62.71999999999997
2018-02-23,65.52000000000001
2018-03-02,66.01999999999998
2018-03-09,65.11999999999999
2018-03-16,64.13999999999999
2018-03-23,67.39999999999999
2018-03-30,68.64999999999999
2018-04-06,67.02999999999999
2018-04-13,71.24
2018-04-20,73.39000000000004
2018-04-27,74.98000000000002
2018-05-04,74.42
2018-05-11,76.68
2018-05-18,78.75
2018-05-25,78.58999999999995
2018-06-01,75.34999999999997
2018-06-08,73.98000000000003
2018-06-15,74.25999999999998
2018-06-22,74.11999999999998
2018-06-29,75.23999999999998
2018-07-06,76.33
2018-07-13,75.28999999999998
2018-07-20,71.27
2018-07-27,74.0
2018-08-03,73.37
2018-08-10,71.42000000000002
2018-08-17,69.82000000000001
2018-08-24,72.76999999999995
2018-08-31,76.08000000000003
2018-09-07,76.64000000000001
2018-09-14,78.11
2018-09-21,78.97000000000003
2018-09-28,81.84999999999995
2018-10-05,85.44
2018-10-12,83.04999999999997
2018-10-19,80.41
2018-10-26,78.22999999999998
2018-11-02,74.08999999999997
2018-11-09,70.34000000000002
2018-11-16,66.21
2018-11-23,61.22000000000001
2018-11-30,58.649999999999984
2018-12-07,60.47000000000001
2018-12-14,59.50999999999997
2018-12-21,54.64000000000001
2018-12-28,51.03000000000001
2019-01-04,54.31000000000001
2019-01-11,58.64000000000002
2019-01-18,59.83000000000003
2019-01-25,61.34
2019-02-01,61.37999999999999
2019-02-08,61.71000000000003
2019-02-15,63.36000000000001
2019-02-22,66.57999999999997
2019-03-01,64.56
2019-03-08,64.73
2019-03-15,65.71
2019-03-22,67.34000000000002
2019-03-29,67.25
2019-04-05,69.54000000000002
2019-04-12,71.32999999999998
2019-04-19,70.87000000000002
2019-04-26,72.92999999999998
2019-05-03,71.59000000000002
2019-05-10,71.25
2019-05-17,73.32000000000002
2019-05-24,70.89000000000001
2019-05-31,69.28999999999999
2019-06-07,63.14999999999999
2019-06-14,63.190000000000026
2019-06-21,64.03999999999999
2019-06-28,66.50999999999999
2019-07-05,63.84
2019-07-12,65.98
2019-07-19,63.62999999999999
2019-07-26,62.8
2019-08-02,62.58999999999999
2019-08-09,57.33000000000003
2019-08-16,58.25
2019-08-23,59.57000000000002
2019-08-30,59.83000000000003
2019-09-06,60.23000000000004
2019-09-13,62.74
2019-09-20,65.56
2019-09-27,63.14999999999999
2019-10-04,59.22
2019-10-11,59.39
2019-10-18,59.32000000000002
2019-10-25,60.75
2019-11-01,60.23000000000004
2019-11-08,62.38999999999999
2019-11-15,62.55999999999999
2019-11-22,63.76000000000001
2019-11-29,64.74000000000001
2019-12-06,64.71000000000001
2019-12-13,66.5
2019-12-20,68.9
2019-12-27,68.73
2020-01-03,68.06999999999998
2020-01-10,67.93
2020-01-17,64.10999999999997
2020-01-24,62.20000000000001
2020-01-31,58.57000000000002
2020-02-07,54.59
2020-02-14,55.329999999999984
2020-02-21,58.61000000000001
2020-02-28,54.09000000000002
2020-03-06,50.7
2020-03-13,33.71999999999999
2020-03-20,25.65
2020-03-27,23.96
2020-04-03,18.72
2020-04-10,22.529999999999998
2020-04-17,20.0
2020-04-24,14.240000000000006
2020-05-01,17.05
2020-05-08,23.57
2020-05-15,28.18
2020-05-22,33.93999999999998
2020-05-29,33.7
2020-06-05,38.37
2020-06-12,39.51999999999999
2020-06-19,40.95
2020-06-26,41.690000000000026
2020-07-03,42.3
2020-07-10,43.06
2020-07-17,43.39999999999999
2020-07-24,43.57000000000001
2020-07-31,43.22000000000002
2020-08-07,44.35999999999999
2020-08-14,44.540000000000006
2020-08-21,44.790000000000006
2020-08-28,45.25999999999999
