Unnamed: 0,Close
0,429.700012
1,419.899994
2,412.0
3,414.0
4,415.0
5,413.0
6,417.399994
7,419.899994
8,425.399994
10,430.700012
11,443.200012
12,442.5
13,445.5
14,455.5
15,461.399994
16,447.5
17,445.600006
18,453.799988
19,455.0
20,452.899994
21,466.200012
22,474.799988
23,479.0
24,474.299988
25,498.5
26,529.599976
27,517.900024
28,526.400024
29,517.200012
30,530.5
31,542.400024
32,529.400024
33,503.200012
35,510.0
36,471.899994
37,468.0
38,452.100006
39,465.100006
40,471.700012
41,467.200012
42,452.5
43,463.5
44,464.100006
45,469.0
46,468.200012
47,468.5
48,470.700012
49,477.0
50,478.100006
51,478.299988
52,481.700012
53,484.799988
54,487.200012
55,491.600006
56,493.799988
57,478.600006
58,479.899994
59,475.5
60,479.299988
61,474.700012
62,479.0
63,496.399994
64,498.700012
65,518.0
66,511.399994
67,498.5
68,472.899994
69,485.600006
70,493.100006
71,494.299988
72,499.799988
73,512.599976
74,505.100006
75,508.299988
76,506.799988
77,497.799988
79,565.299988
80,775.0
81,438.100006
82,462.100006
83,500.0
84,498.299988
85,483.200012
86,471.899994
87,480.200012
88,473.399994
89,475.0
90,479.399994
91,486.0
92,486.0
93,484.799988
94,479.0
95,483.5
96,486.899994
97,505.799988
98,524.400024
99,530.700012
100,541.5
101,548.799988
102,535.400024
103,539.400024
105,545.900024
106,539.400024
107,539.400024
108,552.299988
109,558.299988
110,553.099976
111,534.299988
112,539.900024
113,537.799988
114,544.0
115,541.099976
116,530.0
117,529.299988
118,534.099976
119,548.5
120,562.299988
121,556.099976
122,562.099976
123,551.099976
124,565.400024
125,556.5
126,573.5
127,567.700012
128,565.5
131,541.400024
132,564.0
133,569.799988
134,570.700012
135,568.0
136,561.799988
137,564.700012
138,575.700012
139,590.5
140,586.900024
141,585.700012
142,583.099976
143,582.200012
144,577.900024
145,570.599976
146,560.400024
147,563.799988
148,565.700012
149,580.0
150,591.900024
151,604.200012
152,563.5
153,572.799988
154,564.200012
155,577.599976
156,572.299988
157,581.799988
158,566.400024
159,564.0
160,572.200012
161,572.0
162,566.599976
163,564.799988
164,571.599976
165,571.299988
166,571.400024
167,573.900024
168,580.700012
169,586.599976
170,593.900024
171,591.400024
172,586.700012
173,595.299988
175,601.299988
176,611.099976
177,606.5
178,612.099976
179,607.5
180,606.200012
181,596.0
182,585.799988
183,592.0
184,592.799988
185,591.700012
186,588.799988
187,585.200012
188,584.5
189,580.599976
190,568.0
191,569.700012
192,578.700012
193,578.799988
194,579.5
195,580.700012
196,582.0
197,590.299988
198,585.799988
199,587.299988
200,592.5
201,593.0
202,591.799988
203,591.299988
204,582.299988
205,581.900024
206,587.099976
207,602.900024
208,601.5
209,593.599976
210,582.700012
211,588.299988
212,586.900024
213,566.099976
214,569.200012
215,578.099976
216,578.400024
217,594.799988
218,590.299988
219,584.599976
220,592.700012
221,592.299988
222,595.099976
223,592.599976
224,585.799988
225,589.400024
226,585.5
227,578.700012
228,585.5
229,589.0
230,583.799988
231,583.299988
234,595.5
235,599.700012
236,600.599976
237,605.900024
238,612.0
239,622.099976
240,607.400024
241,605.400024
242,612.599976
243,607.900024
244,614.099976
245,619.599976
246,610.200012
247,618.200012
248,610.700012
249,604.0
250,603.299988
251,608.200012
252,616.0
253,610.099976
255,611.900024
256,614.5
257,617.0
258,609.599976
260,609.900024
261,619.400024
262,626.900024
263,620.700012
264,634.5
265,636.0
266,641.099976
267,628.0
268,635.099976
270,631.599976
271,625.5
272,609.599976
273,617.799988
274,621.799988
275,620.799988
276,605.599976
277,616.0
278,612.099976
279,598.400024
280,601.599976
281,601.099976
282,597.400024
283,597.0
284,603.700012
285,606.0
286,603.0
287,593.299988
288,593.5
289,590.099976
290,593.700012
291,592.400024
292,595.099976
293,600.099976
295,603.799988
296,604.0
297,598.700012
298,598.5
299,604.299988
300,612.900024
301,610.0
302,598.599976
303,581.099976
304,576.900024
305,582.0
306,591.0
307,599.400024
308,593.299988
309,585.0
310,582.0
311,584.599976
312,580.400024
313,580.400024
314,577.700012
315,573.799988
316,579.0
317,569.099976
318,566.799988
319,572.099976
320,576.200012
321,570.5
322,558.0
323,555.0
324,553.0
325,574.900024
326,584.0
327,577.0
328,576.0
329,579.099976
330,579.900024
331,593.400024
332,597.299988
334,624.900024
335,624.900024
336,627.0
337,627.5
338,628.400024
339,622.200012
340,615.900024
341,610.0
342,593.599976
343,593.099976
344,595.0
345,601.0
346,613.299988
347,631.299988
348,619.0
349,611.0
350,604.799988
351,611.700012
352,607.5
353,607.799988
354,606.5
355,610.0
356,612.099976
357,615.200012
358,617.0
359,620.0
360,616.5
361,614.099976
362,619.0
363,622.0
365,619.299988
366,613.099976
367,603.099976
368,588.799988
369,591.900024
370,583.099976
371,583.0
372,588.299988
373,593.599976
374,585.200012
375,578.700012
376,578.900024
377,580.0
378,583.200012
379,580.400024
380,579.700012
381,584.5
382,583.0
383,574.0
384,571.0
385,569.5
386,567.0
387,562.799988
388,560.099976
389,555.099976
390,556.900024
392,551.0
393,561.400024
394,559.599976
395,555.299988
396,567.200012
397,562.0
398,555.099976
399,555.400024
400,544.0
401,525.0
402,514.099976
403,505.299988
404,498.0
405,508.100006
406,509.600006
407,508.799988
408,503.700012
409,473.0
410,474.399994
411,474.299988
412,481.5
413,480.600006
414,466.200012
415,440.399994
416,441.5
417,436.399994
418,451.0
419,453.799988
420,441.5
421,431.399994
422,441.899994
423,450.5
424,435.5
425,443.299988
426,448.5
427,461.5
428,452.899994
429,458.100006
430,460.899994
431,459.600006
432,440.299988
433,443.0
435,444.399994
436,441.5
437,437.399994
438,444.0
439,438.299988
440,440.0
443,473.299988
444,488.100006
445,485.100006
446,492.399994
447,490.600006
448,483.399994
449,471.799988
450,450.100006
451,446.0
452,445.100006
453,433.299988
454,418.5
455,419.200012
456,426.0
457,430.100006
458,438.0
459,432.5
460,425.700012
461,431.0
462,445.600006
463,450.0
464,460.899994
465,445.200012
466,438.899994
467,431.299988
468,437.0
469,427.0
470,431.299988
471,427.100006
472,430.899994
473,430.399994
474,423.200012
475,421.299988
476,412.5
477,421.600006
478,420.700012
479,423.0
480,417.100006
481,414.0
482,417.799988
483,422.600006
484,442.600006
485,419.700012
486,425.399994
487,423.0
488,427.899994
489,437.0
490,439.299988
491,442.0
494,439.700012
495,438.399994
496,436.0
497,444.200012
498,449.299988
499,457.700012
500,454.200012
501,453.600006
502,463.299988
503,470.0
504,474.399994
505,460.700012
506,467.600006
507,468.799988
508,467.600006
509,467.600006
510,463.100006
511,458.600006
512,457.100006
513,471.299988
516,474.0
517,480.700012
518,486.5
519,493.0
521,483.5
522,485.5
523,478.200012
524,476.299988
525,478.299988
526,483.0
527,483.100006
528,483.399994
529,480.200012
530,477.299988
531,484.200012
532,485.899994
533,483.299988
535,479.899994
536,471.600006
537,466.299988
538,469.700012
539,465.200012
580,515.0
581,515.0
582,515.700012
584,517.700012
585,534.0
586,527.0
587,526.0
588,528.5
589,527.700012
590,530.299988
591,529.799988
592,533.099976
593,533.700012
594,533.0
595,537.299988
596,546.799988
597,558.599976
598,553.599976
599,549.799988
600,548.799988
601,560.099976
602,561.599976
603,547.900024
604,538.900024
605,532.5
606,514.5
607,517.599976
608,517.0
609,515.799988
610,522.0
611,528.700012
612,523.799988
613,520.799988
614,525.299988
615,533.299988
616,532.900024
617,536.0
618,537.700012
619,544.200012
620,538.0
621,540.0
622,541.599976
623,537.5
625,545.0
626,544.299988
627,550.0
628,545.900024
629,547.400024
630,553.0
631,549.799988
632,563.700012
633,563.599976
634,554.0
635,556.400024
636,555.900024
637,555.700012
638,562.700012
639,562.299988
640,565.799988
641,569.5
642,569.099976
643,562.700012
644,562.0
645,562.299988
646,546.5
647,540.0
648,537.299988
649,531.599976
650,531.099976
651,527.5
654,522.099976
655,520.0
656,524.700012
657,529.299988
658,531.0
659,533.900024
660,529.900024
661,525.700012
662,530.0
663,530.599976
664,523.200012
665,522.299988
666,526.0
667,529.799988
668,532.700012
669,519.599976
670,523.200012
671,524.599976
672,517.0
673,519.700012
674,522.599976
675,525.299988
676,533.200012
677,539.5
678,545.5
679,548.0
680,551.599976
681,560.200012
682,558.799988
683,557.0
684,552.799988
685,546.700012
686,542.5
687,544.900024
688,546.200012
689,549.799988
690,559.700012
691,560.200012
692,568.299988
693,565.799988
695,544.599976
696,537.099976
697,539.0
698,542.400024
699,553.400024
700,549.099976
701,546.799988
702,552.400024
703,554.900024
704,555.299988
705,549.400024
706,554.200012
707,566.200012
708,558.0
709,568.0
710,572.900024
711,559.599976
712,558.400024
713,559.0
714,564.5
715,572.099976
716,570.0
717,560.099976
718,560.900024
719,563.5
720,573.900024
721,584.299988
722,578.0
723,592.099976
724,592.400024
725,601.400024
726,603.5
727,597.700012
728,598.900024
729,590.099976
730,591.799988
731,589.799988
732,595.200012
733,601.799988
734,601.799988
735,588.700012
736,586.900024
737,571.799988
738,577.599976
739,575.700012
740,581.0
741,581.0
742,584.0
743,582.400024
744,572.700012
745,578.700012
746,585.299988
747,586.299988
748,598.099976
749,595.599976
750,592.0
751,586.799988
752,588.400024
753,589.900024
754,584.599976
755,585.0
756,581.900024
759,586.900024
760,587.799988
761,592.5
762,594.700012
763,597.799988
764,599.900024
765,595.799988
766,594.900024
767,597.200012
768,601.700012
769,605.099976
770,609.900024
771,598.0
772,595.400024
773,586.5
774,588.400024
775,585.0
777,587.700012
778,594.099976
779,598.5
780,604.400024
782,610.0
783,610.5
784,616.799988
785,612.400024
786,618.099976
787,618.299988
788,623.299988
789,619.200012
790,619.200012
791,618.099976
792,622.799988
793,627.5
795,633.5
796,642.099976
797,650.5
798,645.099976
799,646.299988
800,646.599976
801,647.5
802,647.799988
803,658.900024
804,683.700012
805,676.0
806,674.400024
807,667.400024
808,673.599976
809,666.900024
810,669.0
811,675.400024
812,676.599976
813,675.0
815,648.799988
816,654.799988
817,656.5
818,659.0
819,663.799988
820,669.099976
821,670.400024
822,667.0
823,672.5
824,673.5
825,681.0
826,691.599976
827,688.0
828,683.599976
829,702.900024
830,694.700012
831,696.0
832,682.200012
833,683.599976
834,686.299988
835,686.700012
836,671.700012
837,653.400024
838,652.099976
839,643.0
840,635.299988
841,637.900024
842,633.900024
843,634.700012
844,648.400024
845,642.099976
846,635.400024
847,624.700012
848,622.0
849,613.299988
850,629.200012
851,627.599976
852,626.099976
853,628.700012
854,633.0
855,632.599976
856,634.0
857,644.700012
859,650.900024
860,650.700012
861,646.0
862,645.599976
863,645.0
864,607.700012
865,594.099976
866,599.299988
867,595.5
868,597.099976
869,597.200012
870,617.200012
871,626.799988
872,630.400024
873,634.099976
874,654.099976
875,643.700012
876,654.400024
877,652.5
878,645.900024
879,652.0
880,666.700012
881,670.299988
882,663.400024
883,664.0
885,675.299988
886,662.700012
887,633.900024
888,636.799988
889,637.200012
890,651.700012
891,661.799988
892,665.0
893,653.5
894,653.5
895,654.0
896,651.900024
897,652.5
898,664.599976
899,667.700012
900,661.099976
901,665.900024
902,679.400024
903,668.799988
904,668.900024
905,673.0
906,665.0
907,660.400024
908,673.200012
909,670.599976
910,680.5
911,677.5
912,682.0
914,680.0
915,674.0
916,671.299988
917,681.599976
918,685.700012
919,692.5
920,700.5
921,688.700012
922,699.400024
923,698.599976
924,699.0
925,697.900024
926,702.5
927,704.599976
928,697.200012
929,703.400024
930,698.0
931,685.0
932,685.700012
933,678.900024
934,683.700012
935,680.0
936,683.400024
937,681.799988
938,680.900024
939,695.400024
940,698.700012
941,690.5
942,694.0
943,696.5
944,697.0
945,699.799988
946,702.400024
947,705.799988
948,702.299988
949,693.200012
950,694.700012
951,713.700012
952,713.0
953,708.599976
955,715.700012
956,714.599976
957,714.099976
958,714.700012
959,708.299988
960,709.599976
961,699.0
962,701.599976
963,696.799988
964,697.799988
965,696.700012
966,692.5
967,698.799988
968,696.299988
969,703.700012
970,705.900024
971,705.799988
972,715.799988
973,697.400024
974,702.700012
975,706.900024
976,712.799988
977,711.0
978,717.5
979,712.599976
980,721.400024
981,731.599976
982,725.400024
983,733.099976
984,731.200012
985,735.0
986,729.200012
987,732.099976
988,730.799988
989,741.200012
990,740.299988
991,746.400024
992,752.700012
993,744.599976
994,753.700012
995,754.900024
1032,833.599976
1033,831.5
1034,808.200012
1035,811.799988
1036,831.5
1039,809.099976
1040,812.0
1041,811.299988
1044,842.5
1045,850.900024
1046,844.900024
1047,856.5
1048,855.0
1049,859.599976
1050,865.700012
1051,863.400024
1052,857.900024
1053,860.900024
1055,865.200012
1056,864.599976
1057,874.700012
1058,876.5
1059,860.299988
1060,869.099976
1061,850.099976
1062,821.299988
1063,830.299988
1064,812.299988
1065,826.299988
1066,820.599976
1067,816.400024
1068,826.700012
1069,832.700012
1070,833.099976
1071,842.700012
1072,847.299988
1073,845.599976
1075,861.099976
1076,858.799988
1077,853.299988
1078,839.200012
1079,840.0
1080,856.099976
1081,851.799988
1082,867.400024
1083,887.400024
1084,906.099976
1085,875.5
1086,883.5
1087,882.099976
1088,887.0
1089,894.0
1090,897.200012
1091,923.599976
1092,902.799988
1093,907.099976
1094,914.0
1095,902.400024
1096,906.799988
1097,898.700012
1098,890.0
1099,897.0
1100,914.400024
1101,919.099976
1102,912.700012
1103,912.099976
1104,888.900024
1105,896.900024
1106,908.700012
1107,919.299988
1108,905.799988
1109,894.0
1110,892.0
1111,890.5
1112,915.200012
1114,950.5
1115,940.599976
1116,938.900024
1117,935.400024
1118,933.0
1119,950.299988
1120,930.700012
1121,906.5
1122,858.299988
1123,864.5
1124,838.900024
1125,863.5
1181,818.5
1182,816.0
1183,823.0
1184,828.5
1185,838.299988
1186,830.400024
1187,831.200012
1188,820.0
1189,815.400024
1190,813.200012
1191,798.799988
1192,817.700012
1193,817.900024
1194,826.299988
1195,829.099976
1196,831.200012
1197,827.299988
1198,832.0
1199,835.799988
1200,850.400024
1201,836.900024
1202,848.599976
1203,864.200012
1204,883.200012
1205,879.400024
1206,858.900024
1207,863.0
1208,854.299988
1209,836.599976
1210,845.200012
1211,856.900024
1212,855.400024
1213,864.5
1214,867.0
1215,868.099976
1216,873.900024
1217,870.0
1218,859.400024
1220,845.299988
1221,846.400024
1222,825.900024
1223,834.5
1224,843.799988
1225,848.099976
1226,850.700012
1227,842.299988
1228,843.099976
1229,841.900024
1230,852.0
1231,847.5
1232,852.700012
1233,857.299988
1234,859.5
1235,877.0
1236,846.5
1237,861.0
1238,861.400024
1239,831.0
1240,841.200012
1241,847.799988
1242,840.299988
1243,843.0
1244,849.0
1245,842.900024
1246,835.799988
1247,845.900024
1248,850.0
1249,842.0
1250,841.900024
1251,851.099976
1252,854.799988
1253,848.400024
1254,856.0
1255,847.900024
1256,836.200012
1257,831.599976
1258,833.0
1259,832.400024
1260,826.599976
1261,828.299988
1262,848.599976
1263,851.900024
1264,849.599976
1265,850.200012
1266,848.900024
1267,854.599976
1268,874.200012
1269,877.299988
1270,868.900024
1271,875.599976
1272,862.700012
1273,859.700012
1274,855.200012
1275,856.900024
1276,862.400024
1279,865.400024
1280,872.299988
1281,878.599976
1282,884.200012
1283,874.799988
1284,877.700012
1285,871.0
1286,834.099976
1287,817.099976
1288,828.400024
1289,831.200012
1290,830.400024
1291,842.099976
1292,839.099976
1293,837.099976
1294,842.799988
1295,841.5
1296,843.700012
1297,840.200012
1299,875.0
1300,875.299988
1301,862.5
1302,863.700012
1304,857.5
1305,847.799988
1306,854.299988
1307,847.599976
1308,843.200012
1309,848.900024
1310,865.5
1311,863.5
1312,864.5
1313,859.299988
1315,866.200012
1316,870.599976
1317,866.400024
1318,876.299988
1319,879.200012
1320,872.900024
1321,894.799988
1322,897.299988
1323,872.299988
1324,873.799988
1325,878.900024
1326,873.299988
1327,866.799988
1328,866.0
1329,867.400024
1330,857.200012
1331,851.299988
1332,869.299988
1333,871.200012
1334,875.099976
1335,852.900024
1336,856.0
1337,863.200012
1338,865.5
1340,875.599976
1341,867.400024
1342,864.599976
1343,859.0
1344,866.0
1345,862.599976
1346,865.599976
1347,868.5
1348,870.5
1349,868.0
1350,874.799988
1351,876.400024
1352,870.0
1353,870.200012
1354,870.5
1355,876.799988
1356,887.799988
1357,879.5
1358,880.0
1359,870.200012
1360,865.5
1361,856.0
1362,862.5
1364,861.0
1365,862.200012
1366,868.0
1367,870.599976
1368,868.799988
1369,864.700012
1370,865.299988
1371,868.099976
1372,866.599976
1373,861.299988
1374,860.799988
1375,863.799988
1376,867.599976
1377,861.900024
1378,864.599976
1379,864.5
1380,873.200012
1381,879.599976
1382,876.400024
1383,878.5
1384,881.200012
1385,884.099976
1386,873.400024
1387,865.0
1388,868.599976
1389,870.0
1390,869.900024
1391,875.5
1392,876.700012
1393,874.799988
1394,878.599976
1395,879.900024
1396,881.200012
1397,871.599976
1398,865.400024
1399,849.299988
1400,862.200012
1401,862.900024
1402,867.400024
1403,862.5
1404,866.799988
1405,869.799988
1406,865.299988
1407,860.900024
1408,864.700012
1410,861.299988
1411,871.0
1412,876.5
1413,875.5
1414,881.200012
1415,879.900024
1416,879.900024
1417,872.599976
1418,871.599976
1419,874.900024
1420,874.700012
1421,882.400024
1422,891.5
1423,898.099976
1424,900.299988
1425,884.299988
1426,892.299988
1427,892.0
1428,896.0
1429,892.299988
1430,885.599976
1431,889.299988
1432,883.5
1433,872.900024
1435,860.299988
1436,862.5
1437,863.200012
1438,863.200012
1439,870.799988
1440,878.200012
1441,876.299988
1442,869.400024
1443,871.5
1444,873.900024
1445,877.200012
1446,882.0
1447,893.0
1448,898.5
1449,897.099976
1450,893.299988
1451,892.799988
1452,885.400024
1453,897.900024
1454,910.200012
1455,907.0
1456,918.099976
1457,910.599976
1458,910.5
1459,902.200012
1460,909.0
1461,907.5
1462,919.700012
1463,923.200012
1464,905.200012
1465,892.700012
1466,889.5
1467,893.0
1468,889.299988
1469,893.099976
1470,898.099976
1471,899.900024
1472,897.5
1473,897.799988
1474,904.400024
1475,889.0
1476,894.5
1477,903.400024
1478,911.5
1480,911.400024
1481,908.900024
1482,913.400024
1483,916.400024
1484,915.900024
1485,913.5
1486,917.5
1487,919.700012
1488,923.799988
1489,933.099976
1490,933.799988
1491,936.299988
1492,930.0
1493,927.0
1494,917.5
1495,918.0
1496,921.5
1497,924.700012
1498,930.299988
1499,922.799988
1500,914.5
1501,918.5
1502,927.599976
1503,937.599976
1504,942.099976
1505,945.5
1506,943.0
1507,931.900024
1508,924.299988
1509,933.5
1510,931.700012
1511,926.299988
1512,918.099976
1513,929.799988
1514,930.299988
1515,943.599976
1516,943.0
1517,942.400024
1526,952.5
1529,952.5
1543,1008.900024
1562,964.200012
1563,973.0
1565,975.799988
1566,995.599976
1567,984.5
1568,996.799988
1569,1012.299988
1570,1012.200012
1571,1019.299988
1572,1023.0
1573,1035.099976
1575,1040.599976
1576,1021.400024
1577,1040.199951
1578,1027.699951
1579,1047.800049
1580,1052.0
1581,1058.300049
1582,1058.599976
1583,1066.699951
1619,1045.300049
1620,1035.699951
1621,1046.0
1622,1046.400024
1623,1051.599976
1624,1068.5
1625,1074.300049
1626,1076.900024
1627,1090.699951
1628,1059.400024
1629,1075.599976
1630,1080.099976
1631,1067.599976
1632,1085.800049
1633,1066.900024
1634,1094.900024
1635,1083.599976
1636,1092.0
1637,1080.199951
1639,1103.099976
1640,1114.099976
1641,1121.900024
1642,1100.300049
1643,1130.699951
1644,1124.199951
1645,1137.5
1646,1142.0
1647,1146.099976
1648,1163.300049
1649,1177.800049
1650,1185.400024
1651,1186.699951
1652,1176.400024
1653,1189.099976
1654,1201.900024
1655,1239.300049
1656,1259.699951
1657,1295.599976
1658,1318.5
1659,1284.800049
1660,1302.900024
1661,1316.400024
1662,1297.800049
1663,1313.400024
1664,1284.599976
1665,1321.5
1666,1285.099976
1667,1295.0
1668,1298.099976
1670,1291.400024
1671,1246.800049
1672,1229.800049
1673,1244.900024
1674,1258.5
1675,1235.900024
1676,1231.5
1677,1190.099976
1678,1190.199951
1679,1171.400024
1680,1118.5
1681,1138.900024
1682,1160.900024
1683,1144.599976
1684,1137.800049
1685,1168.5
1686,1193.900024
1687,1176.099976
1688,1166.900024
1689,1181.300049
1690,1188.300049
1691,1178.199951
1692,1205.699951
1693,1246.699951
1696,1253.599976
1697,1249.599976
1698,1243.699951
1699,1230.699951
1700,1254.0
1701,1255.599976
1702,1264.0
1703,1267.5
1704,1250.0
1705,1234.599976
1706,1237.5
1707,1226.300049
1708,1220.5
1709,1209.300049
1710,1229.5
1711,1234.400024
1712,1242.0
1757,1146.0
1758,1141.199951
1759,1153.199951
1760,1124.900024
1761,1077.400024
1762,1082.199951
1763,1078.800049
1764,1086.400024
1765,1067.699951
1766,1066.800049
1767,1068.599976
1768,1077.300049
1769,1087.800049
1770,1079.5
1771,1089.599976
1772,1091.300049
1773,1078.599976
1774,1070.900024
1775,1059.599976
1776,1065.5
1777,1080.300049
1778,1076.699951
1796,1154.0
1799,1147.400024
1800,1150.599976
1822,1116.199951
1823,1139.300049
1825,1139.300049
1826,1132.400024
1827,1132.5
1828,1109.0
1829,1119.400024
1830,1127.699951
1831,1150.800049
1832,1138.800049
1833,1146.099976
1835,1139.800049
1836,1148.599976
1837,1162.5
1838,1178.5
1839,1175.099976
1840,1193.199951
1841,1183.099976
1842,1194.0
1843,1187.5
1844,1180.699951
1865,1193.0
1886,1242.599976
1887,1248.300049
1888,1249.0
1889,1252.300049
1890,1258.900024
1891,1262.900024
1892,1261.300049
1893,1265.599976
1894,1273.300049
1895,1271.5
1896,1278.400024
1897,1289.5
1898,1280.900024
1899,1306.900024
1900,1309.800049
1901,1341.199951
1902,1331.699951
1903,1311.5
1904,1317.199951
1905,1303.599976
1949,1276.0
1950,1279.0
1951,1292.599976
1953,1307.300049
1954,1314.599976
1955,1321.0
1956,1316.5
1957,1319.099976
1958,1333.699951
1959,1330.5
1960,1330.099976
1961,1325.599976
1962,1340.199951
1963,1341.5
1964,1349.599976
1965,1344.900024
1966,1336.599976
1967,1333.900024
1968,1331.099976
1969,1289.699951
1970,1284.800049
1971,1300.599976
1972,1288.900024
1973,1297.0
1974,1296.0
1975,1297.0
1976,1289.300049
1977,1289.099976
1978,1273.300049
1979,1277.300049
1980,1285.099976
1981,1275.0
1982,1269.5
1983,1228.0
1984,1229.599976
1985,1245.400024
1986,1249.400024
1987,1246.599976
1988,1243.099976
1989,1245.0
1990,1250.300049
1991,1258.599976
1992,1264.800049
1993,1260.099976
1994,1271.599976
1995,1273.699951
1996,1273.0
1997,1288.900024
1998,1295.0
1999,1294.0
2000,1302.599976
2001,1304.699951
2002,1299.900024
2003,1299.199951
2004,1302.599976
2005,1306.699951
2006,1308.5
2007,1328.599976
2008,1331.599976
2009,1344.199951
2010,1349.400024
2011,1351.5
2012,1364.699951
2013,1395.199951
2014,1396.199951
2015,1350.0
2016,1363.900024
2017,1377.400024
2018,1389.800049
2019,1375.199951
2020,1381.599976
2021,1400.0
2022,1420.199951
2023,1414.699951
2024,1423.900024
2025,1422.900024
2026,1438.699951
2027,1448.099976
2028,1449.099976
2029,1439.599976
2030,1452.800049
2031,1441.900024
2032,1452.599976
2033,1472.099976
2034,1468.0
2076,1540.5
2077,1528.400024
2078,1547.0
2079,1541.800049
2080,1539.099976
2081,1524.199951
2082,1553.599976
2083,1552.900024
2084,1558.300049
2085,1568.199951
2086,1582.800049
2087,1592.5
2088,1570.599976
2089,1569.300049
2090,1566.5
2091,1547.599976
2092,1557.5
2093,1614.900024
2094,1680.699951
2095,1752.199951
2096,1736.900024
2110,2128.100098
2111,2113.800049
2112,2163.199951
2113,2142.800049
2114,2128.5
2115,2130.899902
2116,2127.300049
2117,2129.800049
2118,2155.699951
2119,2216.600098
2120,2242.0
2121,2251.100098
2122,2175.800049
2123,2016.699951
2124,2014.099976
2125,2027.400024
2126,2045.0
2127,2072.5
2128,2051.0
2129,1948.400024
2130,1943.0
2131,1862.0
2132,1852.300049
2133,1864.199951
2134,1960.900024
2135,1987.599976
2136,2018.699951
2137,2037.800049
2138,2024.400024
2139,1928.800049
2140,1957.599976
2141,2005.900024
2142,2025.5
2143,2041.900024
2144,2033.300049
2145,2064.600098
2146,2065.0
2147,2036.099976
2148,1993.5
2149,1988.400024
2150,2029.400024
2151,2054.600098
2152,2066.300049
2153,2019.300049
2154,2029.400024
2155,2010.800049
2156,1962.699951
2157,1960.0
2158,1970.599976
2201,2059.100098
2202,2069.5
2203,2086.199951
2204,2074.5
2206,1981.300049
2207,1950.400024
2208,1974.5
2209,2000.900024
2210,2047.199951
2211,2039.900024
2212,1985.800049
2213,1942.300049
2214,1903.400024
2215,1858.300049
2216,1854.0
2217,1811.199951
2218,1763.800049
2219,1716.800049
2220,1761.699951
2221,1779.699951
2222,1750.300049
2265,1075.400024
2266,1015.099976
2267,1029.699951
2268,979.599976
2269,957.0
2270,973.200012
2271,1012.200012
2272,1003.599976
2273,1035.199951
2274,996.700012
2275,989.099976
2276,1035.099976
2277,966.700012
2278,882.799988
2279,872.5
2280,884.0
2281,883.200012
2282,848.700012
2283,804.099976
2284,793.799988
2285,791.700012
2286,803.299988
2287,811.099976
2329,909.900024
2331,941.400024
2332,952.299988
2333,962.900024
2334,985.099976
2335,989.599976
2336,1000.5
2337,968.400024
2338,950.5
2339,930.299988
2340,916.700012
2341,947.799988
2342,943.799988
2343,922.099976
2344,932.0
2345,955.099976
2346,971.0
2347,955.299988
2348,960.0
2390,1113.599976
2391,1120.800049
2392,1136.300049
2393,1158.699951
2394,1159.400024
2395,1145.699951
2396,1167.800049
2397,1180.400024
2398,1190.0
2399,1240.400024
2400,1211.699951
2401,1220.900024
2402,1212.0
2403,1206.099976
2404,1161.099976
2405,1151.599976
2406,1173.099976
2407,1182.5
2408,1180.0
2409,1146.300049
2410,1096.099976
2453,1184.199951
2454,1176.699951
2455,1196.5
2456,1186.599976
2457,1140.300049
2458,1129.699951
2459,1095.300049
2460,1104.0
2461,1101.400024
2462,1111.099976
2463,1128.400024
2464,1151.300049
2465,1162.699951
2466,1168.599976
2467,1184.699951
2468,1172.800049
2469,1171.5
2470,1182.5
2471,1186.900024
2472,1217.900024
2473,1192.0
2474,1167.599976
2517,1270.900024
2518,1295.599976
2519,1282.0
2520,1275.599976
2521,1294.599976
2522,1318.099976
2523,1320.5
2524,1346.0
2525,1331.599976
2526,1339.400024
2527,1352.800049
2528,1358.599976
2529,1348.5
2530,1341.699951
2531,1358.099976
2532,1350.0
2533,1368.099976
2534,1363.599976
2535,1363.199951
2536,1339.5
2537,1312.699951
2538,1297.400024
2560,1459.5
2561,1485.699951
2562,1505.300049
2563,1492.699951
2564,1448.699951
2565,1443.599976
2566,1439.400024
2567,1408.199951
2568,1423.5
2569,1421.699951
2570,1446.199951
2571,1451.699951
2572,1456.800049
2573,1425.099976
2574,1428.5
2575,1422.699951
2576,1396.099976
2577,1426.0
2579,1479.5
2580,1466.300049
2581,1452.300049
2582,1460.0
2583,1517.300049
2584,1530.800049
2585,1552.199951
2586,1553.0
2587,1564.599976
2588,1588.300049
2589,1573.900024
2590,1570.199951
2591,1600.099976
2592,1591.400024
2593,1635.099976
2594,1611.099976
2595,1587.099976
2596,1536.400024
2597,1540.5
2598,1522.199951
2599,1486.099976
2600,1489.199951
2601,1501.300049
2602,1534.599976
2603,1574.5
2604,1571.900024
2605,1511.5
2606,1471.300049
2607,1477.199951
2608,1498.599976
2609,1509.099976
2610,1515.5
2611,1507.300049
2612,1533.900024
2613,1533.300049
2614,1515.800049
2615,1539.800049
2616,1528.099976
2617,1506.300049
2618,1503.5
2619,1529.300049
2620,1538.0
2621,1542.099976
2622,1574.099976
2623,1581.599976
2624,1581.699951
2625,1577.199951
2626,1598.199951
2627,1595.0
2628,1588.300049
2629,1610.800049
2630,1606.5
2631,1613.900024
2632,1628.800049
2633,1633.699951
2634,1629.5
2635,1607.099976
2636,1599.800049
2637,1607.800049
2638,1587.400024
2639,1605.900024
2640,1595.5
2641,1627.400024
2642,1618.099976
2643,1639.800049
2644,1669.800049
2645,1703.800049
2646,1698.5
2647,1717.199951
2648,1711.099976
2649,1722.199951
2650,1735.300049
2651,1711.800049
2652,1730.199951
2653,1722.300049
2654,1690.800049
2655,1692.800049
2656,1718.0
2657,1737.0
2658,1742.699951
2659,1740.199951
2660,1742.800049
2661,1718.699951
2662,1711.400024
2663,1733.699951
2664,1745.099976
2665,1728.900024
2666,1685.800049
2667,1648.599976
2668,1665.5
2669,1664.800049
2670,1691.5
2671,1698.800049
2672,1745.300049
2673,1737.400024
2674,1713.400024
2675,1661.199951
2676,1688.5
2677,1603.699951
2678,1493.800049
2679,1499.199951
2680,1532.5
2681,1489.900024
2682,1528.300049
2683,1550.900024
2684,1547.400024
2685,1547.400024
2686,1548.400024
2687,1540.900024
2688,1523.300049
2689,1515.300049
2690,1526.800049
2691,1532.0
2692,1534.199951
2693,1533.0
2694,1561.400024
2695,1576.0
2696,1567.5
2697,1572.0
2698,1587.0
2699,1590.300049
2700,1593.0
2701,1567.0
2702,1561.5
2703,1570.400024
2704,1565.599976
2705,1548.099976
2706,1530.900024
2707,1503.300049
2708,1499.199951
2709,1513.800049
2710,1521.900024
2711,1511.800049
2712,1529.0
2713,1511.5
2714,1531.599976
2715,1516.800049
2716,1529.900024
2717,1508.400024
2718,1509.400024
2719,1514.300049
2720,1524.800049
2721,1525.400024
2722,1538.699951
2723,1552.699951
2724,1534.5
2725,1539.5
2726,1563.400024
2727,1576.800049
2728,1576.800049
2729,1587.099976
2730,1586.199951
2731,1572.5
2732,1570.800049
2733,1542.900024
2734,1537.0
2735,1537.0
2736,1538.099976
2737,1526.199951
2738,1537.300049
2739,1546.599976
2740,1536.5
2741,1527.5
2742,1513.900024
2743,1508.599976
2744,1517.699951
2745,1527.400024
2746,1539.900024
2747,1537.0
2748,1533.099976
2749,1523.5
2750,1535.699951
2751,1551.5
2752,1561.099976
2753,1556.300049
2754,1562.199951
2755,1553.300049
2756,1542.5
2757,1549.900024
2758,1594.400024
2759,1605.300049
2760,1611.900024
2761,1621.900024
2762,1632.0
2763,1612.400024
2764,1632.900024
2765,1645.900024
2766,1639.800049
2767,1630.099976
2768,1635.699951
2769,1649.400024
2770,1652.0
2771,1675.900024
2772,1667.699951
2773,1695.5
2774,1707.0
2775,1700.0
2776,1704.199951
2777,1686.599976
2778,1678.300049
2779,1702.400024
2780,1708.300049
2781,1691.099976
2782,1693.0
2783,1673.599976
2784,1683.300049
2785,1669.400024
2786,1671.099976
2787,1693.0
2788,1702.0
2789,1676.099976
2790,1690.0
2791,1705.099976
2792,1712.5
2793,1720.099976
2794,1698.199951
2795,1756.900024
2796,1769.900024
2797,1766.099976
2798,1804.599976
2799,1737.900024
2800,1745.800049
2801,1684.599976
2802,1685.699951
2803,1645.699951
2804,1640.900024
2805,1663.900024
2806,1671.099976
2807,1655.5
2808,1657.699951
2809,1658.400024
2811,1628.599976
2812,1650.400024
2813,1668.0
2814,1697.099976
2815,1718.5
2816,1703.599976
2817,1695.199951
2818,1676.400024
2819,1673.900024
2820,1670.300049
2821,1694.800049
2822,1711.400024
2823,1701.900024
2824,1696.099976
2825,1698.5
2826,1710.699951
2827,1721.900024
2828,1730.900024
2829,1723.099976
2830,1735.5
2831,1751.699951
2832,1754.199951
2833,1744.300049
2834,1773.300049
2835,1781.099976
2836,1743.099976
2837,1730.300049
2838,1732.699951
2839,1735.099976
2840,1743.0
2841,1767.599976
2842,1797.900024
2843,1818.599976
2844,1813.400024
2845,1823.5
2846,1833.300049
2847,1813.699951
2848,1818.800049
2849,1814.599976
2850,1784.199951
2851,1793.800049
2852,1800.099976
2853,1801.599976
2854,1797.5
2855,1829.599976
2856,1825.199951
2857,1840.699951
2858,1842.400024
2859,1840.800049
2860,1858.5
2861,1856.0
2862,1827.400024
2863,1810.099976
2864,1826.599976
2865,1830.599976
2866,1833.300049
2867,1843.0
2868,1843.300049
2869,1787.300049
2870,1783.199951
2871,1786.800049
2872,1803.400024
2873,1809.199951
2874,1845.099976
2875,1859.300049
2876,1833.0
2877,1837.900024
2878,1820.400024
2879,1802.599976
2880,1802.0
2881,1765.599976
2882,1781.699951
2883,1752.300049
2884,1705.599976
2885,1700.5
2886,1706.900024
2887,1723.400024
2888,1744.900024
2889,1739.400024
2890,1760.0
2891,1760.0
2892,1745.599976
2893,1747.800049
2894,1740.599976
2895,1771.400024
2896,1779.300049
2897,1774.900024
2898,1783.400024
2899,1796.800049
2900,1797.800049
2901,1790.599976
2902,1812.099976
2903,1799.5
2904,1778.800049
2905,1781.699951
2906,1798.599976
2907,1797.800049
2908,1785.800049
2909,1782.599976
2910,1816.300049
2911,1833.699951
2912,1835.099976
2913,1812.400024
2914,1825.199951
2915,1845.900024
2916,1871.5
2917,1877.699951
2918,1862.5
2919,1827.300049
2920,1779.199951
2921,1787.400024
2922,1796.099976
2923,1800.900024
2924,1777.800049
2925,1772.5
2926,1770.800049
2927,1763.0
2928,1764.0
2929,1782.900024
2930,1772.0
2931,1772.400024
2932,1758.900024
2933,1765.5
2934,1779.800049
2935,1778.099976
2936,1800.0
2937,1834.0
2938,1823.900024
2939,1817.800049
2940,1823.699951
2941,1821.199951
2942,1830.699951
2943,1831.199951
2944,1844.699951
2945,1833.0
2946,1806.800049
2947,1794.900024
2948,1774.199951
2949,1760.699951
2950,1752.099976
2951,1730.5
2952,1747.199951
2953,1752.400024
2954,1694.5
2955,1677.599976
2956,1673.0
2957,1691.699951
2958,1723.800049
2959,1724.800049
2960,1716.800049
2961,1742.599976
2962,1733.400024
2963,1741.0
2964,1731.400024
2965,1726.0
2966,1734.400024
2967,1767.0
2968,1774.300049
2969,1755.0
2970,1774.400024
2971,1775.300049
2972,1775.0
2973,1786.699951
2974,1797.300049
2975,1792.900024
2976,1806.099976
2977,1806.900024
2978,1792.400024
2979,1785.300049
2980,1794.599976
2981,1793.5
2982,1785.0
2983,1729.400024
2984,1719.099976
2985,1723.599976
2986,1756.400024
2987,1771.699951
2988,1792.400024
2989,1796.699951
2990,1797.199951
2991,1818.099976
2992,1840.800049
2993,1847.699951
2994,1874.900024
2995,1905.699951
2996,1880.099976
2997,1826.300049
2998,1822.400024
2999,1826.900024
3000,1825.0
3001,1853.099976
3002,1856.199951
3003,1852.900024
3004,1884.800049
3005,1858.199951
3006,1828.699951
3007,1854.5
3008,1837.900024
3009,1809.400024
3010,1813.5
3011,1815.900024
3012,1780.599976
3013,1813.900024
3014,1772.0
3015,1781.900024
3016,1788.199951
3017,1710.599976
3018,1613.199951
3019,1546.900024
3020,1574.0
3021,1534.199951
3022,1528.300049
3023,1519.400024
3024,1512.300049
3025,1461.900024
3026,1478.0
3027,1503.800049
3028,1489.0
3029,1520.599976
3030,1515.199951
3031,1550.5
3032,1528.5
3033,1549.5
3034,1547.300049
3035,1536.699951
3036,1519.099976
3037,1486.900024
3038,1503.699951
3039,1538.699951
3040,1565.5
3041,1594.099976
3042,1637.599976
3043,1641.800049
3044,1597.599976
3045,1578.800049
3046,1598.300049
3047,1644.599976
3048,1626.800049
3049,1655.5
3050,1670.599976
3051,1641.699951
3052,1625.300049
3053,1645.199951
3054,1642.599976
3055,1641.199951
3056,1629.699951
3057,1579.599976
3058,1587.0
3059,1542.099976
3060,1570.5
3061,1556.800049
3063,1538.0
3064,1539.699951
3065,1559.800049
3066,1556.199951
3067,1547.5
3068,1531.5
3069,1523.0
3070,1521.0
3071,1493.400024
3072,1514.800049
3073,1485.900024
3074,1491.300049
3075,1425.300049
3076,1406.0
3077,1416.300049
3078,1412.599976
3079,1431.900024
3080,1430.699951
3081,1423.400024
3082,1429.5
3083,1433.900024
3084,1387.699951
3085,1363.400024
3086,1399.699951
3087,1427.300049
3088,1423.099976
3089,1414.5
3090,1404.5
3091,1427.5
3092,1462.400024
3093,1496.599976
3094,1499.0
3095,1486.800049
3096,1526.699951
3097,1523.300049
3098,1516.0
3099,1530.300049
3100,1559.099976
3101,1550.199951
3102,1577.400024
3103,1613.800049
3104,1620.0
3105,1613.699951
3106,1585.5
3107,1620.599976
3108,1627.300049
3109,1629.300049
3110,1627.199951
3111,1652.199951
3112,1665.5
3113,1665.0
3114,1657.199951
3115,1647.099976
3116,1625.400024
3117,1635.599976
3118,1623.5
3119,1631.300049
3120,1682.400024
3121,1718.300049
3122,1720.5
3123,1712.599976
3124,1711.800049
3125,1722.0
3126,1691.099976
3127,1699.599976
3128,1690.199951
3129,1661.099976
3130,1610.400024
3131,1625.800049
3132,1655.199951
3133,1683.400024
3134,1694.199951
3135,1700.300049
3136,1673.800049
3137,1682.400024
3138,1674.0
3139,1683.199951
3140,1652.800049
3141,1638.900024
3142,1611.599976
3143,1627.5
3144,1646.5
3145,1657.400024
3146,1635.099976
3147,1622.699951
3148,1638.300049
3149,1649.099976
3150,1655.199951
3151,1593.900024
3152,1602.900024
3153,1613.599976
3154,1589.199951
3155,1579.800049
3156,1601.5
3157,1583.400024
3158,1571.699951
3159,1580.599976
3160,1575.300049
3161,1574.199951
3162,1580.400024
3163,1552.5
3164,1544.400024
3165,1543.599976
3166,1566.199951
3167,1571.699951
3168,1567.699951
3169,1568.099976
3170,1560.199951
3171,1528.900024
3172,1531.800049
3173,1525.900024
3174,1505.800049
3175,1496.699951
3176,1491.300049
3177,1469.099976
3178,1440.300049
3179,1444.199951
3180,1429.900024
3181,1451.199951
3182,1457.099976
3183,1459.5
3184,1456.400024
3185,1412.300049
3186,1420.599976
3187,1424.699951
3188,1426.300049
3189,1399.699951
3190,1416.099976
3191,1431.699951
3192,1425.800049
3193,1439.0
3194,1467.699951
3195,1439.400024
3196,1423.599976
3197,1447.800049
3198,1452.900024
3199,1465.300049
3200,1486.099976
3201,1485.699951
3202,1482.599976
3203,1479.0
3204,1465.300049
3205,1437.900024
3206,1430.699951
3207,1439.099976
3208,1426.800049
3209,1409.699951
3210,1386.400024
3211,1449.099976
3212,1455.599976
3214,1475.0
3215,1446.800049
3216,1443.199951
3217,1427.0
3218,1428.900024
3219,1409.800049
3220,1432.5
3221,1414.800049
3222,1418.300049
3223,1401.800049
3224,1420.699951
3225,1412.099976
3226,1396.5
3227,1382.300049
3228,1395.099976
3229,1406.599976
3230,1406.699951
3231,1410.300049
3232,1415.400024
3233,1399.800049
3234,1386.300049
3235,1412.900024
3236,1400.400024
3237,1408.900024
3238,1408.699951
3239,1411.300049
3240,1398.400024
3241,1391.300049
3242,1397.599976
3243,1394.900024
3244,1433.900024
3245,1471.800049
3246,1496.900024
3247,1506.5
3248,1525.199951
3249,1553.599976
3250,1553.099976
3251,1551.900024
3252,1519.099976
3253,1519.199951
3254,1502.699951
3255,1536.300049
3256,1566.5
3257,1574.599976
3258,1585.400024
3259,1595.300049
3260,1602.800049
3261,1606.0
3262,1648.599976
3263,1678.5
3264,1712.699951
3265,1671.599976
3266,1635.300049
3267,1639.900024
3268,1623.400024
3269,1637.099976
3270,1622.0
3271,1631.800049
3272,1634.400024
3273,1645.900024
3274,1665.300049
3275,1681.5
3276,1682.900024
3277,1690.300049
3278,1721.199951
3279,1703.300049
3280,1694.900024
3281,1691.599976
3282,1676.699951
3283,1687.800049
3284,1657.099976
3285,1631.300049
3286,1642.699951
3287,1668.0
3288,1641.199951
3289,1613.0
3290,1609.699951
3291,1573.099976
3292,1560.199951
3293,1567.099976
3294,1544.300049
3295,1576.0
3296,1570.699951
3297,1540.900024
3298,1538.699951
3299,1554.300049
3300,1535.5
3301,1538.5
3302,1555.400024
3303,1562.5
3304,1583.400024
3305,1588.599976
3306,1570.300049
3307,1559.0
3308,1581.0
3309,1570.5
3310,1581.400024
3312,1621.5
3313,1617.699951
3314,1610.0
3315,1618.0
3316,1603.099976
3317,1612.300049
3318,1581.400024
3319,1582.699951
3320,1599.199951
3321,1605.5
3322,1621.800049
3323,1638.5
3324,1644.900024
3325,1611.900024
3326,1619.5
3327,1609.5
3328,1594.5
3329,1593.699951
3330,1546.699951
3331,1537.400024
3333,1535.400024
3334,1532.300049
3335,1517.400024
3336,1538.699951
3337,1565.099976
3338,1576.699951
3339,1555.199951
3340,1553.800049
3341,1580.599976
3342,1597.800049
3343,1632.400024
3344,1629.300049
3345,1656.300049
3346,1688.0
3347,1692.199951
3348,1697.800049
3349,1672.099976
3350,1698.400024
3351,1691.699951
3352,1682.800049
3353,1693.900024
3354,1661.199951
3355,1677.400024
3356,1687.800049
3357,1673.900024
3358,1686.199951
3359,1696.599976
3360,1705.699951
3361,1736.5
3362,1722.300049
3363,1713.5
3364,1695.0
3365,1716.099976
3366,1728.599976
3367,1709.800049
3368,1676.599976
3369,1696.400024
3370,1646.0
3371,1618.900024
3372,1606.300049
3373,1619.599976
3374,1615.400024
3375,1599.0
3376,1582.400024
3377,1571.5
3378,1564.199951
3379,1583.699951
3380,1577.800049
3381,1593.099976
3382,1601.900024
3383,1599.199951
3384,1593.0
3385,1591.099976
3386,1587.800049
3387,1591.400024
3388,1578.199951
3389,1554.400024
3390,1581.5
3391,1579.099976
3392,1580.699951
3393,1582.400024
3394,1566.0
3395,1579.800049
3396,1571.199951
3398,1596.400024
3399,1571.800049
3400,1539.800049
3401,1516.699951
3402,1534.400024
3403,1535.900024
3404,1552.0
3405,1529.199951
3406,1535.199951
3407,1495.300049
3408,1424.199951
3409,1450.0
3410,1434.800049
3411,1428.400024
3412,1423.300049
3413,1435.800049
3414,1416.800049
3415,1429.800049
3416,1462.800049
3417,1475.199951
3418,1505.599976
3419,1505.400024
3420,1468.699951
3421,1500.699951
3422,1501.699951
3423,1508.199951
3424,1481.699951
3425,1505.400024
3426,1516.5
3427,1486.0
3428,1484.5
3429,1501.900024
3430,1490.699951
3431,1485.599976
3432,1468.0
3433,1484.599976
3434,1458.400024
3435,1469.199951
3436,1457.199951
3437,1451.900024
3438,1460.599976
3439,1451.800049
3440,1481.5
3441,1460.599976
3442,1496.199951
3443,1489.900024
3444,1509.400024
3445,1528.099976
3446,1501.400024
3447,1505.699951
3448,1479.0
3449,1481.400024
3450,1446.199951
3451,1446.5
3452,1434.099976
3453,1439.400024
3454,1423.199951
3455,1363.099976
3456,1362.5
3457,1328.099976
3458,1350.0
3459,1303.699951
3460,1325.199951
3461,1336.900024
3462,1379.199951
3463,1366.300049
3465,1324.900024
3466,1360.5
3467,1367.099976
3468,1368.099976
3469,1421.099976
3470,1409.599976
3471,1422.5
3472,1426.099976
3473,1411.599976
3474,1413.300049
3475,1429.699951
3476,1447.0
3477,1442.099976
3478,1455.199951
3479,1447.0
3480,1421.900024
3481,1441.800049
3482,1436.599976
3483,1428.400024
3484,1442.900024
3485,1450.599976
3486,1447.199951
3487,1426.900024
3488,1437.400024
3489,1490.699951
3490,1499.699951
3491,1497.800049
3492,1498.800049
3493,1504.300049
3494,1531.400024
3495,1526.699951
3496,1508.099976
3497,1524.599976
3498,1518.199951
3499,1539.199951
3500,1540.699951
3501,1543.599976
3502,1531.199951
3503,1539.199951
3504,1521.5
3505,1526.199951
3506,1537.300049
3507,1493.800049
3508,1481.199951
3509,1494.800049
3510,1482.099976
3511,1473.199951
3512,1472.599976
3513,1441.800049
3514,1443.599976
3515,1440.599976
3516,1421.800049
3517,1424.599976
3518,1472.400024
3519,1432.099976
3520,1425.400024
3521,1418.300049
3522,1428.300049
3523,1410.199951
3524,1414.900024
3525,1408.099976
3526,1381.699951
3527,1389.800049
3528,1369.5
3529,1384.699951
3530,1398.599976
3531,1400.199951
3532,1379.5
3533,1392.300049
3534,1372.0
3535,1380.599976
3536,1380.400024
3537,1395.199951
3538,1431.900024
3539,1434.800049
3540,1435.699951
3541,1447.800049
3542,1436.699951
3543,1453.300049
3544,1452.5
3545,1470.099976
3546,1459.099976
3547,1477.400024
3548,1445.900024
3549,1449.400024
3550,1453.900024
3551,1447.699951
3552,1465.599976
3553,1455.0
3554,1441.099976
3555,1430.599976
3556,1437.800049
3557,1430.199951
3558,1442.300049
3559,1437.099976
3560,1409.199951
3561,1418.099976
3562,1397.800049
3563,1389.900024
3564,1380.900024
3565,1376.0
3566,1370.400024
3567,1351.199951
3569,1345.900024
3570,1354.900024
3571,1375.099976
3572,1362.599976
3573,1355.400024
3574,1367.599976
3575,1387.800049
3576,1384.300049
3577,1363.5
3578,1362.0
3579,1359.199951
3580,1343.699951
3581,1342.199951
3582,1318.0
3583,1331.900024
3584,1327.300049
3586,1362.599976
3587,1375.900024
3588,1364.0
3589,1371.099976
3590,1401.900024
3591,1411.5
3592,1413.699951
3593,1412.699951
3594,1412.199951
3595,1417.699951
3596,1434.699951
3597,1441.900024
3598,1431.900024
3599,1427.099976
3600,1430.0
3601,1452.599976
3602,1452.0
3603,1460.900024
3604,1461.699951
3605,1427.099976
3606,1419.400024
3607,1407.699951
3608,1406.400024
3609,1380.699951
3610,1374.099976
3611,1385.0
3612,1371.800049
3613,1377.699951
3614,1373.300049
3615,1377.599976
3616,1384.300049
3617,1386.199951
3618,1405.699951
3619,1415.0
3620,1428.5
3621,1422.900024
3622,1422.900024
3623,1410.900024
3624,1426.300049
3625,1440.199951
3626,1441.699951
3627,1428.199951
3628,1452.800049
3629,1446.199951
3630,1460.099976
3631,1463.5
3632,1476.0
3633,1486.199951
3634,1483.0
3635,1476.599976
3636,1464.0
3637,1475.699951
3638,1478.800049
3639,1469.0
3640,1467.800049
3641,1461.199951
3642,1451.199951
3643,1434.300049
3644,1435.5
3645,1430.699951
3646,1420.400024
3647,1406.0
3648,1396.699951
3649,1404.699951
3650,1418.5
3651,1428.0
3652,1437.099976
3653,1443.800049
3654,1449.400024
3655,1426.300049
3656,1439.800049
3657,1437.0
3658,1458.400024
3659,1461.599976
3660,1466.800049
3661,1444.099976
3662,1437.199951
3663,1428.099976
3664,1400.0
3665,1399.599976
3666,1403.199951
3667,1408.099976
3668,1422.800049
3669,1418.199951
3670,1430.099976
3671,1426.599976
3672,1426.199951
3673,1439.699951
3674,1447.400024
3675,1457.099976
3676,1433.800049
3677,1437.099976
3678,1428.900024
3679,1440.900024
3680,1454.699951
3681,1484.900024
3682,1469.099976
3683,1465.300049
3684,1469.400024
3685,1468.099976
3686,1482.300049
3687,1495.5
3688,1475.199951
3689,1464.699951
3690,1465.099976
3691,1462.099976
3692,1454.699951
3693,1438.699951
3694,1435.5
3695,1435.900024
3696,1447.099976
3697,1455.0
3698,1456.300049
3699,1484.199951
3700,1483.099976
3701,1443.300049
3702,1437.0
3703,1441.099976
3704,1445.099976
3705,1452.800049
3706,1476.5
3707,1459.300049
3708,1458.599976
3709,1473.900024
3710,1475.199951
3711,1472.099976
3712,1478.5
3713,1481.0
3714,1513.5
3715,1509.699951
3717,1494.900024
3718,1495.400024
3719,1505.900024
3720,1516.0
3721,1512.300049
3722,1492.300049
3723,1484.300049
3724,1485.0
3725,1503.0
3726,1489.199951
3727,1492.699951
3728,1487.599976
3729,1485.0
3730,1472.699951
3731,1477.599976
3732,1489.400024
3733,1483.199951
3734,1483.400024
3735,1465.699951
3736,1463.800049
3737,1468.099976
3738,1457.400024
3739,1466.699951
3740,1483.0
3741,1481.300049
3742,1472.599976
3743,1473.199951
3744,1470.900024
3745,1470.199951
3746,1458.199951
3747,1443.199951
3748,1437.5
3749,1427.699951
3750,1419.300049
3751,1420.5
3752,1420.400024
3753,1421.599976
3754,1421.900024
3755,1427.199951
3756,1426.699951
3757,1410.400024
3758,1414.0
3759,1409.800049
3760,1412.5
3761,1399.0
3762,1387.300049
3763,1382.5
3764,1372.199951
3765,1372.0
3766,1365.0
3767,1368.800049
3768,1363.699951
3769,1351.0
3770,1338.800049
3771,1331.699951
3772,1334.199951
3773,1320.900024
3774,1315.699951
3775,1303.5
3776,1307.800049
3777,1298.5
3778,1287.699951
3779,1269.099976
3780,1226.0
3781,1248.400024
3782,1261.099976
3783,1266.099976
3784,1277.800049
3785,1261.099976
3786,1260.699951
3787,1272.300049
3788,1261.400024
3789,1252.400024
3790,1262.0
3791,1267.900024
3792,1283.699951
3793,1271.599976
3794,1255.5
3795,1251.400024
3796,1255.199951
3797,1267.099976
3798,1270.0
3799,1246.900024
3800,1236.199951
3801,1243.699951
3802,1225.599976
3803,1211.5
3804,1198.0
3805,1213.300049
3806,1207.400024
3807,1207.199951
3808,1205.800049
3809,1199.5
3810,1213.599976
3811,1201.800049
3812,1205.099976
3813,1199.800049
3814,1206.099976
3815,1227.800049
3816,1208.0
3817,1223.599976
3818,1227.5
3820,1240.699951
3821,1216.599976
3822,1227.0
3823,1245.400024
3824,1219.0
3825,1228.900024
3826,1246.300049
3827,1242.099976
3828,1241.699951
3829,1231.0
3830,1214.400024
3831,1196.0
3832,1199.0
3833,1196.599976
3834,1196.5
3835,1181.699951
3836,1191.300049
3838,1218.099976
3839,1201.300049
3840,1218.099976
3841,1208.900024
3842,1203.0
3843,1210.099976
3844,1220.800049
3845,1220.699951
3846,1221.699951
3847,1229.099976
3848,1240.400024
3849,1247.400024
3850,1238.400024
3851,1262.099976
3852,1269.800049
3853,1287.0
3854,1277.300049
3855,1284.0
3856,1268.0
3857,1254.699951
3858,1266.300049
3859,1257.599976
3860,1216.800049
3861,1239.199951
3862,1230.400024
3863,1237.199951
3864,1240.900024
3865,1251.699951
3866,1223.599976
3867,1222.400024
3868,1209.300049
3869,1197.599976
3870,1203.5
3871,1210.5
3872,1180.0
3873,1170.199951
3874,1175.800049
3875,1172.900024
3876,1166.300049
3877,1166.599976
3878,1172.800049
3879,1174.699951
3880,1186.699951
3881,1191.0
3882,1190.699951
3883,1182.800049
3884,1181.199951
3885,1159.900024
3886,1149.699951
3887,1130.5
3888,1116.400024
3889,1115.900024
3890,1116.199951
3891,1108.900024
3892,1094.699951
3893,1093.599976
3894,1120.800049
3895,1142.199951
3896,1145.5
3897,1142.5
3898,1147.5
3899,1155.0
3900,1144.599976
3901,1116.900024
3902,1142.599976
3903,1165.199951
3904,1153.800049
3905,1179.900024
3906,1173.300049
3907,1165.5
3908,1156.400024
3909,1170.0
3910,1153.5
3911,1153.699951
3912,1155.900024
3913,1158.5
3914,1166.800049
3915,1148.099976
3916,1151.800049
3917,1129.699951
3918,1136.199951
3919,1120.400024
3920,1152.699951
3921,1157.5
3922,1160.400024
3923,1139.900024
3924,1129.0
3925,1150.199951
3926,1148.099976
3927,1142.099976
3928,1131.400024
3929,1142.5
3930,1126.400024
3931,1132.400024
3932,1149.800049
3933,1161.300049
3934,1168.0
3935,1177.400024
3936,1149.800049
3937,1155.800049
3938,1151.5
3939,1147.900024
3940,1123.400024
3941,1118.5
3942,1115.800049
3943,1111.0
3944,1103.699951
3945,1112.300049
3946,1103.599976
3947,1098.699951
3948,1091.300049
3949,1100.5
3950,1107.800049
3951,1114.699951
3952,1104.699951
3953,1096.300049
3954,1088.300049
3955,1079.5
3956,1072.400024
3957,1082.5
3958,1086.5
3959,1060.300049
3960,1067.199951
3961,1074.099976
3962,1084.0
3963,1080.699951
3964,1081.400024
3965,1078.599976
3966,1086.900024
3967,1083.599976
3968,1065.900024
3969,1041.099976
3970,1036.099976
3971,1022.400024
3972,1032.300049
3973,1036.0
3974,1027.900024
3975,1021.599976
3976,1012.099976
3977,1001.0
3978,990.200012
3979,986.0
3980,981.599976
3981,982.799988
3982,982.400024
3983,990.5
3984,987.799988
3985,984.400024
3986,988.599976
3987,984.0
3988,966.599976
3989,958.0
3990,950.5
3991,955.599976
3992,961.799988
3993,988.900024
3994,991.400024
3995,998.599976
3996,993.700012
3997,992.700012
3998,999.5
3999,992.900024
4000,1011.900024
4001,1034.0
4002,1026.5
4003,990.900024
4004,976.099976
4005,980.200012
4006,1006.0
4007,1021.299988
4008,1010.099976
4009,1007.599976
4010,1012.799988
4011,1009.299988
4012,991.599976
4013,1002.099976
4014,980.400024
4015,983.0
4016,965.200012
4017,955.700012
4018,958.299988
4019,975.799988
4020,968.5
4021,984.5
4022,973.799988
4023,937.599976
4024,932.5
4025,955.900024
4026,951.200012
4027,926.099976
4028,917.099976
4029,907.200012
4030,903.200012
4031,907.299988
4032,911.099976
4033,933.0
4034,944.5
4035,953.299988
4036,979.5
4037,994.599976
4038,991.5
4039,994.200012
4040,1005.599976
4041,1021.299988
4042,1013.400024
4043,1018.900024
4044,1006.0
4045,1012.200012
4046,1000.0
4047,995.799988
4048,988.400024
4049,1011.0
4050,991.799988
4051,988.599976
4052,978.400024
4053,961.200012
4054,954.099976
4055,952.400024
4056,939.599976
4057,914.400024
4058,899.5
4059,882.799988
4060,875.799988
4061,863.5
4062,865.299988
4063,854.599976
4064,847.5
4065,857.599976
4066,855.299988
4067,846.799988
4068,840.5
4069,842.5
4070,833.0
4071,832.299988
4072,835.400024
4073,832.400024
4074,847.5
4075,880.5
4076,863.099976
4077,846.400024
4078,865.599976
4079,855.700012
4080,843.5
4081,850.0
4082,855.599976
4083,875.799988
4084,844.5
4085,860.599976
4086,881.099976
4087,872.799988
4088,867.900024
4089,883.400024
4090,880.0
4091,890.599976
4092,871.099976
4093,891.700012
4094,883.200012
4095,888.599976
4096,873.700012
4097,876.400024
4098,877.099976
4099,845.0
4100,837.5
4101,850.200012
4102,834.0
4103,825.700012
4105,828.700012
4106,817.900024
4107,818.099976
4108,829.700012
4109,859.700012
4110,875.200012
4111,880.400024
4112,865.900024
4113,872.299988
4114,868.799988
4115,854.400024
4116,878.799988
4117,904.400024
4118,902.0
4119,927.0
4120,937.700012
4121,933.299988
4122,962.400024
4123,957.299988
4125,936.700012
4126,948.799988
4127,944.700012
4128,944.599976
4129,926.799988
4130,942.700012
4131,943.400024
4132,926.099976
4133,914.5
4134,933.700012
4135,936.099976
4136,935.700012
4137,942.200012
4138,985.799988
4139,1001.5
4140,988.900024
4141,982.299988
4142,977.200012
4143,969.200012
4144,964.900024
4145,959.299988
4146,958.200012
4147,988.599976
4148,970.0
4149,981.299988
4150,996.299988
4151,960.299988
4152,951.900024
4153,944.200012
4154,964.700012
4155,964.299988
4156,976.599976
4157,953.599976
4158,942.5
4159,950.0
4160,942.900024
4161,953.799988
4162,967.5
4163,989.400024
4164,998.5
4165,1002.200012
4166,992.099976
4167,988.5
4168,976.400024
4169,1014.0
4170,1026.699951
4171,1030.599976
4172,1010.0
4173,1016.700012
4174,1018.900024
4175,1024.099976
4176,1048.900024
4177,1077.900024
4178,1084.900024
4179,1070.099976
4180,1054.400024
4181,1063.199951
4182,1083.699951
4183,1045.699951
4184,1048.5
4185,1064.400024
4186,1052.5
4187,1051.900024
4188,1053.099976
4189,1053.699951
4190,1042.0
4191,1012.5
4192,1022.5
4193,1012.299988
4194,1003.700012
4195,994.200012
4196,995.299988
4198,978.700012
4199,970.200012
4200,958.400024
4201,980.900024
4202,995.5
4203,998.400024
4204,1011.299988
4205,1003.400024
4206,993.799988
4207,994.900024
4208,971.5
4209,974.400024
4210,977.900024
4211,965.700012
4212,986.799988
4213,981.099976
4214,983.099976
4215,965.900024
4216,986.700012
4217,978.799988
4218,978.5
4219,1011.299988
4220,1021.5
4221,1054.699951
4222,1072.400024
4223,1086.900024
4224,1091.099976
4225,1097.0
4226,1104.699951
4227,1094.400024
4228,1096.699951
4229,1100.900024
4230,1090.5
4231,1098.5
4232,1094.699951
4233,1087.599976
4234,1105.199951
4235,1085.599976
4236,1085.0
4237,1096.400024
4238,1125.0
4239,1135.599976
4240,1147.300049
4241,1160.0
4242,1168.800049
4243,1166.900024
4244,1161.900024
4245,1148.0
4246,1152.0
4247,1156.5
4248,1180.599976
4249,1154.199951
4250,1126.800049
4251,1113.800049
4252,1121.800049
4253,1112.5
4254,1131.0
4255,1116.199951
4256,1106.5
4257,1108.800049
4258,1079.699951
4259,1074.5
4260,1075.199951
4261,1078.300049
4262,1053.800049
4263,1050.800049
4264,1046.199951
4265,1059.5
4266,1100.0
4267,1091.199951
4268,1083.099976
4269,1065.900024
4270,1041.300049
4271,1034.400024
4272,1039.300049
4273,1032.199951
4274,1016.0
4275,1022.099976
4276,1030.5
4277,1047.5
4278,1062.400024
4279,1056.599976
4280,1042.5
4281,1024.800049
4282,1021.900024
4283,1030.800049
4284,1028.599976
4285,1003.700012
4286,984.700012
4287,972.299988
4288,962.299988
4289,958.799988
4290,945.799988
4291,938.400024
4292,928.900024
4293,935.900024
4294,932.700012
4295,943.0
4296,940.099976
4297,931.200012
4298,928.599976
4299,935.400024
4300,961.900024
4301,960.5
4302,961.700012
4303,978.200012
4304,975.799988
4305,995.099976
4306,998.200012
4307,991.599976
4308,1001.700012
4309,998.599976
4310,1005.799988
4311,1000.5
4312,979.5
4313,931.700012
4314,932.799988
4315,944.5
4316,942.599976
4317,919.5
4318,933.700012
4319,941.400024
4320,929.599976
4321,906.799988
4322,921.299988
4323,918.900024
4324,908.099976
4325,909.599976
4326,931.0
4327,937.0
4328,934.099976
4329,941.700012
4330,942.400024
4331,913.700012
4332,932.5
4333,935.5
4334,939.599976
4335,892.400024
4336,933.0
4337,916.200012
4338,922.900024
4339,913.299988
4340,906.400024
4341,892.400024
4342,903.299988
4343,898.799988
4344,897.799988
4345,901.599976
4346,939.299988
4347,943.299988
4348,972.099976
4349,966.5
4350,978.5
4351,978.400024
4352,972.200012
4353,980.900024
4354,982.400024
4355,979.099976
4356,968.0
4357,952.799988
4358,972.200012
4359,976.099976
4360,1003.799988
4361,978.0
4362,977.900024
4363,979.400024
4364,989.799988
4365,993.0
4366,996.299988
4367,996.099976
4368,1003.200012
4369,1010.599976
4370,1009.5
4371,1016.400024
4372,1019.200012
4373,1008.799988
4374,998.200012
4375,1000.099976
4376,1007.799988
4377,1013.0
4378,1003.5
4379,1003.5
4380,1000.5
4381,1009.799988
4382,1026.5
4383,1037.400024
4384,1029.5
4385,1017.400024
4386,988.400024
4387,992.599976
4388,976.700012
4389,959.599976
4390,948.200012
4391,935.900024
4392,936.900024
4393,939.900024
4394,937.700012
4395,935.599976
4396,957.299988
4397,962.0
4398,971.400024
4399,970.599976
4400,961.099976
4401,963.099976
4402,967.200012
4403,968.400024
4404,956.900024
4405,952.099976
4406,951.599976
4407,948.200012
4408,954.700012
4409,961.200012
4410,956.400024
4411,955.700012
4412,959.0
4413,937.5
4414,965.900024
4415,964.900024
4416,973.700012
4417,987.5
4418,975.799988
4419,967.5
4420,978.0
4421,974.5
4422,957.200012
4423,954.599976
4424,945.900024
4425,946.400024
4426,946.299988
4427,929.799988
4428,923.599976
4429,902.0
4430,905.299988
4431,907.700012
4432,917.099976
4433,898.400024
4434,907.400024
4435,915.200012
4436,915.0
4437,926.200012
4438,934.5
4439,943.599976
4440,934.299988
4441,937.700012
4442,947.799988
4443,946.900024
4444,944.599976
4445,949.799988
4446,959.799988
4447,939.299988
4448,948.5
4449,927.299988
4450,951.700012
4451,956.299988
4452,962.099976
4453,946.400024
4454,936.900024
4455,939.099976
4456,943.299988
4457,923.0
4458,950.700012
4459,920.299988
4460,925.900024
4461,926.0
4462,920.599976
4463,926.099976
4464,924.700012
4465,928.5
4466,915.700012
4467,917.799988
4468,920.700012
4469,919.0
4470,923.700012
4472,905.700012
4473,907.200012
4474,901.099976
4475,899.299988
4476,896.0
4477,916.299988
4478,904.5
4479,920.900024
4480,927.599976
4481,927.700012
4482,921.599976
4483,930.5
4484,934.700012
4485,929.400024
4486,928.900024
4487,919.5
4488,923.200012
4489,933.200012
4490,937.700012
4491,946.5
4492,950.799988
4493,961.599976
4494,966.0
4495,968.599976
4496,971.700012
4497,973.299988
4498,983.400024
4499,987.200012
4500,972.400024
4501,964.900024
4502,972.0
4503,978.900024
4504,979.599976
4505,982.700012
4506,978.5
4507,978.099976
4508,979.799988
4509,976.299988
4510,986.5
4511,1000.700012
4512,993.5
4513,996.799988
4514,1007.299988
4515,1007.400024
4516,1005.599976
4517,1015.299988
4518,1011.099976
4519,997.900024
4520,985.599976
4521,982.299988
4522,980.099976
4523,971.0
4524,960.299988
4525,950.400024
4526,944.900024
4527,939.400024
4528,931.799988
4529,940.0
4530,924.5
4531,921.299988
4532,921.0
4533,910.299988
4534,911.599976
4535,911.099976
4536,910.599976
4537,914.200012
4538,912.900024
4539,914.400024
4540,933.099976
4541,930.400024
4542,939.099976
4543,945.200012
4544,939.400024
4545,932.099976
4546,921.900024
4547,923.200012
4548,924.099976
4549,924.5
4550,922.799988
4551,924.0
4552,918.200012
4553,910.599976
4554,918.900024
4555,915.799988
4556,933.0
4557,924.099976
4558,918.5
4559,931.0
4560,922.099976
4561,934.599976
4562,937.299988
4563,928.900024
4564,932.400024
4565,924.099976
4566,929.900024
4567,933.0
4568,951.400024
4569,920.400024
4570,934.799988
4571,937.599976
4573,947.900024
4574,950.099976
4575,940.0
4576,941.299988
4577,939.400024
4578,924.799988
4579,916.299988
4580,901.900024
4581,893.599976
4582,882.799988
4583,891.900024
4584,874.799988
4585,874.5
4586,880.299988
4587,888.5
4588,912.299988
4589,913.200012
4590,920.599976
4591,918.799988
4592,922.099976
4593,922.599976
4594,922.799988
4595,926.900024
4596,934.200012
4597,943.799988
4598,957.799988
4599,966.099976
4600,971.200012
4601,972.299988
4602,967.900024
4603,974.400024
4604,986.900024
4605,991.200012
4606,1000.200012
4607,1006.200012
4608,1005.0
4609,1016.200012
4610,994.299988
4611,1005.299988
4612,1013.299988
4613,1029.300049
4614,1015.0
4616,997.400024
4617,1001.299988
4618,1004.799988
4619,996.400024
4620,992.5
4621,991.299988
4622,978.700012
4623,975.400024
4624,958.5
4625,969.799988
4626,972.700012
4627,996.099976
4628,998.099976
4629,1009.299988
4630,1001.0
4631,993.599976
4632,996.400024
4633,995.799988
4634,998.799988
4635,983.099976
4636,986.599976
4637,956.299988
4638,963.599976
4639,960.599976
4640,969.099976
4641,951.700012
4642,950.799988
4643,962.700012
4644,961.400024
4645,965.799988
4646,960.0
4647,955.400024
4648,948.700012
4649,952.900024
4650,943.5
4651,949.099976
4652,947.599976
4653,946.900024
4654,948.900024
4655,945.200012
4656,934.700012
4657,927.299988
4658,930.700012
4659,925.299988
4660,912.099976
4661,909.799988
4662,912.0
4663,933.900024
4664,927.599976
4665,928.799988
4666,929.0
4667,927.299988
4668,925.700012
4669,933.900024
4670,939.5
4671,933.700012
4672,925.599976
4673,916.299988
4674,928.900024
4675,906.599976
4676,904.0
4677,911.0
4678,899.0
4679,888.799988
4680,888.5
4681,898.700012
4682,905.0
4683,908.0
4684,907.099976
4685,911.599976
4686,920.5
4687,922.400024
4688,911.5
4689,893.799988
4690,886.5
4691,889.0
4692,883.400024
4693,896.700012
4694,905.700012
4695,897.700012
4696,909.5
4697,898.200012
4698,902.799988
4701,904.700012
4702,901.5
4703,899.299988
4704,905.599976
4705,898.299988
4706,903.700012
4707,904.400024
4708,899.5
4709,900.5
4710,908.900024
4711,885.799988
4712,881.900024
4713,862.900024
4714,872.099976
4715,861.200012
4716,871.299988
4717,866.799988
4718,869.299988
4719,856.299988
4720,850.299988
4721,852.400024
4722,809.0
4724,837.099976
4725,844.200012
4726,849.0
4727,842.0
4728,831.0
4729,842.299988
4730,826.200012
4731,822.299988
4732,815.799988
4733,813.700012
4734,800.599976
4735,823.599976
4736,825.799988
4737,829.599976
4738,833.799988
4739,832.400024
4740,826.400024
4741,826.599976
4742,840.900024
4743,812.400024
4744,823.400024
4745,832.099976
4746,821.5
4747,826.599976
4748,824.700012
4749,829.299988
4750,824.799988
4751,794.599976
4752,798.5
4753,768.700012
4754,781.299988
4755,774.099976
4756,790.700012
4757,789.799988
4758,790.5
4759,775.200012
4760,786.400024
4761,801.200012
4762,793.5
4763,794.799988
4766,777.0
4767,783.099976
4768,789.700012
4769,779.200012
4770,788.799988
4771,788.099976
4772,798.700012
4773,802.099976
4774,797.400024
4775,799.700012
4776,813.700012
4777,820.700012
4778,833.099976
4779,828.5
4780,828.200012
4781,821.799988
4782,824.5
4783,810.299988
4784,818.700012
4785,824.0
4786,830.099976
4787,832.200012
4788,821.0
4789,821.099976
4790,814.099976
4791,825.599976
4792,824.099976
4793,842.799988
4794,836.200012
4795,842.5
4796,843.099976
4797,836.900024
4798,827.799988
4799,832.299988
4800,819.0
4801,832.400024
4802,828.700012
4803,828.700012
4804,829.5
4805,832.0
4806,834.599976
4807,839.400024
4808,858.299988
4809,871.900024
4810,865.0
4811,867.700012
4812,875.099976
4813,866.700012
4814,852.400024
4815,841.700012
4816,837.099976
4817,830.799988
4818,842.299988
4819,843.599976
4820,855.5
4821,844.900024
4822,848.099976
4824,845.700012
4825,833.200012
4826,824.200012
4827,819.099976
4828,798.0
4829,808.900024
4830,802.400024
4831,787.799988
4832,788.599976
4833,780.299988
4834,783.700012
4835,805.299988
4836,795.700012
4837,783.5
4838,794.099976
4839,793.0
4840,794.599976
4841,794.599976
4842,794.599976
4844,799.5
4845,795.5
4846,789.599976
4847,795.900024
4848,799.099976
4849,794.5
4850,822.0
4851,818.400024
4852,816.5
4853,820.0
4854,821.299988
4855,813.0
4856,798.799988
4857,795.599976
4858,803.400024
4859,807.799988
4860,797.799988
4861,786.5
4862,792.299988
4863,799.0
4864,813.5
4865,809.700012
4866,809.900024
4867,812.0
4868,820.5
4869,822.599976
4870,818.700012
4871,815.799988
4872,809.799988
4873,793.299988
4874,799.299988
4875,782.700012
4876,785.700012
4877,788.0
4878,785.700012
4879,803.400024
4880,817.299988
4881,830.5
4882,822.599976
4883,842.200012
4884,850.0
4885,857.0
4886,867.799988
4887,873.0
4888,861.599976
4889,836.799988
4890,835.900024
4891,826.200012
4892,815.299988
4893,816.0
4894,815.200012
4895,831.0
4896,840.799988
4897,825.599976
4898,830.299988
4899,832.599976
4900,851.200012
4901,858.200012
4902,859.700012
4903,847.200012
4904,856.5
4905,858.900024
4906,855.599976
4907,838.200012
4908,848.900024
4909,850.099976
4910,848.200012
4911,869.400024
4912,900.0
4913,901.0
4914,907.599976
4915,893.900024
4916,903.200012
4917,890.299988
4918,893.200012
4919,890.200012
4920,880.200012
4921,886.799988
4922,899.799988
4923,897.5
4924,889.099976
4925,883.900024
4926,885.299988
4927,898.200012
4928,897.700012
4929,888.099976
4930,874.200012
4931,851.0
4932,871.599976
4933,877.700012
4934,870.200012
4935,861.200012
4936,848.599976
4937,862.400024
4938,852.299988
4939,856.5
4940,845.0
4941,830.900024
4942,818.400024
4943,811.5
4944,812.700012
4945,802.799988
4946,797.200012
4947,800.599976
4948,795.0
4949,789.599976
4950,792.5
4951,792.599976
4952,819.200012
4953,817.400024
4954,801.099976
4955,802.200012
4956,804.599976
4957,803.700012
4958,812.799988
4959,809.099976
4960,808.0
4961,803.299988
4962,793.900024
4963,801.400024
4964,805.099976
4965,804.599976
4966,811.5
4967,812.200012
4968,810.299988
4969,817.099976
4970,812.599976
4971,835.5
4972,831.099976
4973,827.200012
4975,805.200012
4976,814.299988
4977,809.099976
4978,824.099976
4979,825.0
4980,828.400024
4981,839.5
4982,841.5
4983,841.700012
4984,843.700012
4985,845.900024
4986,847.299988
4987,855.799988
4988,875.200012
4989,868.400024
4990,862.700012
4991,876.799988
4992,869.799988
4993,876.099976
4994,848.5
4995,850.200012
4996,855.200012
4997,850.5
4998,868.299988
4999,864.799988
5000,861.099976
5001,861.0
5002,857.0
5003,845.299988
5004,839.299988
5005,848.799988
5006,854.099976
5007,850.099976
5008,854.099976
5009,859.299988
5010,852.5
5011,855.0
5012,865.400024
5013,906.099976
5014,917.5
5015,929.599976
5016,953.599976
5017,982.599976
5018,962.099976
5019,956.900024
5020,951.099976
5021,935.200012
5022,938.799988
5023,951.700012
5024,951.299988
5025,938.299988
5026,943.299988
5027,933.700012
5028,941.5
5029,941.799988
5030,952.299988
5031,953.799988
5032,926.299988
5033,935.0
5034,931.0
5035,883.400024
5036,879.599976
5037,888.299988
5038,889.0
5039,881.700012
5040,883.200012
5041,885.299988
5042,891.900024
5043,903.099976
5044,895.5
5045,894.599976
5046,884.400024
5047,886.5
5048,889.0
5049,892.299988
5050,888.5
5051,892.299988
5052,918.400024
5053,921.599976
5054,929.099976
5055,914.700012
5056,920.700012
5057,926.599976
5058,930.0
5059,950.299988
5060,935.099976
5061,926.799988
5062,928.299988
5063,910.599976
5064,889.400024
5065,877.299988
5066,866.599976
5067,871.5
5068,879.799988
5069,891.5
5070,892.200012
5071,909.099976
5072,917.200012
5073,914.700012
5074,889.799988
5075,897.5
5076,908.799988
5079,897.299988
5080,909.200012
5081,899.5
5082,898.5
5083,896.799988
5084,896.400024
5085,920.5
5086,937.400024
5087,942.700012
5088,926.700012
5089,929.299988
5090,927.799988
5091,933.700012
5092,933.5
5093,912.099976
5094,936.700012
5096,952.099976
5097,949.299988
5098,957.700012
5099,971.400024
5100,978.599976
5101,984.5
5102,960.400024
5103,966.0
5104,959.0
5105,967.099976
5106,981.200012
5107,977.299988
5108,982.200012
5109,1020.400024
5110,995.700012
5111,1019.400024
5112,1002.0
5113,1015.799988
5114,1001.700012
5115,1005.200012
5116,985.900024
5117,990.099976
5118,968.599976
5119,977.099976
5120,959.200012
5121,968.0
5122,963.400024
5123,984.400024
5124,964.700012
5125,966.599976
5126,964.299988
5127,970.900024
5128,964.5
5129,971.900024
5130,966.0
5131,991.299988
5132,1001.700012
5133,976.200012
5134,973.400024
5135,971.700012
5136,929.799988
5137,912.299988
5138,903.599976
5139,862.799988
5140,858.299988
5141,868.200012
5142,874.099976
5143,864.599976
5144,895.299988
5145,861.700012
5146,868.5
5147,867.299988
5148,780.900024
5149,743.0
5150,656.700012
5151,664.400024
5152,604.099976
5153,595.900024
5154,621.599976
5155,627.5
5156,701.700012
5157,745.5
5158,737.0
5159,740.0
5160,723.900024
5161,724.400024
5162,712.299988
5163,726.0
5164,714.099976
5165,728.0
5166,741.0
5167,729.599976
5168,744.599976
5169,745.799988
5170,815.700012
5171,800.599976
5172,789.299988
5173,781.299988
5174,792.0
5175,758.0
5176,764.900024
5177,787.599976
5178,773.400024
5179,776.599976
5180,792.0
5181,795.400024
5182,809.5
5183,769.900024
5184,774.200012
5185,780.099976
5186,760.900024
5187,777.5
5188,784.700012
5189,776.700012
5190,772.799988
5191,765.200012
5192,770.400024
5193,812.5
5194,864.700012
5195,885.0
5196,929.900024
5197,861.900024
5198,881.700012
5199,868.700012
5200,873.5
5201,864.0
5202,870.5
5203,897.0
5204,864.599976
5205,857.799988
5206,862.799988
5207,830.099976
5208,860.700012
5209,862.299988
5210,849.5
5211,826.099976
5212,820.599976
5213,823.299988
5214,845.5
5215,839.799988
5216,813.799988
5217,828.900024
5218,845.299988
5219,847.599976
5220,805.799988
5221,803.900024
5222,811.099976
5223,816.799988
5224,840.700012
5225,825.299988
5226,822.5
5227,827.799988
5228,853.799988
5229,874.0
5230,836.599976
5231,836.599976
5232,854.099976
5233,828.200012
5234,835.0
5235,828.799988
5236,841.900024
5237,850.700012
5238,911.400024
5239,949.299988
5240,955.099976
5241,947.900024
5242,958.599976
5243,977.900024
5244,950.599976
5245,905.900024
5246,912.200012
5247,924.900024
5248,949.099976
5249,983.400024
5250,1009.599976
5251,965.099976
5252,997.5
5253,966.599976
5254,954.400024
5255,978.099976
5256,954.400024
5257,963.299988
5258,971.099976
5259,952.0
5260,923.099976
5261,922.299988
5262,920.799988
5263,930.599976
5264,936.400024
5265,925.599976
5266,937.5
5267,935.700012
5268,950.5
5269,902.0
5270,887.599976
5271,896.299988
5272,908.400024
5273,923.099976
5274,939.400024
5275,938.0
5276,957.099976
5277,980.799988
5278,972.299988
5279,930.0
5280,937.5
5281,875.099976
5282,856.5
5283,842.299988
5284,837.099976
5285,841.099976
5286,881.900024
5287,887.5
5288,901.0
5289,898.200012
5290,883.400024
5291,897.200012
5292,863.900024
5293,861.200012
5294,858.200012
5295,887.900024
5296,870.0
5297,867.200012
5298,858.099976
5299,856.299988
5300,864.299988
5301,858.599976
5302,872.400024
5303,889.099976
5304,879.0
5305,901.700012
5306,872.5
5307,882.099976
5308,870.299988
5309,845.400024
5310,844.599976
5311,855.799988
5312,871.400024
5313,866.700012
5314,896.799988
5315,896.0
5316,864.599976
5317,890.0
5318,865.099976
5319,881.099976
5320,893.400024
5321,925.0
5322,934.599976
5323,946.700012
5324,948.200012
5325,954.099976
5326,929.099976
5327,955.700012
5328,967.299988
5330,964.099976
5331,1002.200012
5332,1010.400024
5333,1037.0
5334,1071.199951
5335,1047.199951
5336,1035.0
5337,1016.900024
5338,1026.199951
5339,1020.599976
5340,1014.400024
5341,1038.099976
5342,1034.199951
5343,1048.900024
5344,1041.900024
5345,1015.0
5346,1008.5
5347,1016.200012
5349,1042.199951
5350,1055.699951
5351,1072.599976
5352,1075.400024
5353,1066.0
5354,1114.699951
5355,1105.699951
5356,1119.699951
5357,1065.699951
5358,1039.599976
5359,1062.900024
5360,1105.900024
5361,1121.599976
5362,1085.699951
5363,1088.400024
5364,1112.800049
5365,1124.199951
5366,1108.199951
5367,1101.199951
5368,1103.800049
5369,1075.5
5372,1135.5
5373,1092.699951
5374,1111.599976
5375,1100.099976
5376,1130.300049
5377,1172.400024
5378,1191.400024
5379,1244.199951
5380,1244.400024
5381,1256.400024
5382,1277.0
5383,1255.300049
5384,1272.400024
5385,1290.599976
5386,1280.0
5387,1237.400024
5388,1255.599976
5391,1189.599976
5392,1212.699951
5393,1180.400024
5394,1134.199951
5395,1127.099976
5396,1151.099976
5397,1174.199951
5398,1200.599976
5399,1201.099976
5400,1199.099976
5401,1208.300049
5402,1217.900024
5403,1198.099976
5404,1216.199951
5405,1198.900024
5406,1182.800049
5407,1173.800049
5408,1179.599976
5409,1153.699951
5410,1177.5
5411,1181.300049
5414,1206.199951
5415,1207.0
5416,1237.800049
5417,1229.300049
5418,1233.300049
5419,1207.300049
5420,1172.199951
5421,1155.0
5422,1175.199951
5423,1197.800049
5424,1206.199951
5425,1204.0
5426,1193.800049
5427,1212.199951
5428,1206.0
5429,1230.5
5430,1242.599976
5431,1246.900024
5432,1209.400024
5435,1227.900024
5436,1229.599976
5437,1226.599976
5438,1255.5
5439,1252.300049
5440,1263.0
5441,1238.699951
5442,1223.5
5443,1204.599976
5444,1220.800049
5445,1242.5
5446,1223.400024
5447,1199.800049
5448,1203.199951
5449,1167.800049
5450,1175.800049
5451,1195.099976
5452,1198.400024
5455,1198.400024
5456,1191.400024
5457,1161.300049
5458,1163.199951
5459,1173.599976
5460,1161.599976
5461,1150.599976
5462,1144.800049
5463,1149.900024
5464,1164.099976
5465,1147.599976
5466,1141.0
5467,1054.300049
5468,1040.099976
5469,1049.699951
5470,1069.300049
5471,1085.699951
5472,1093.099976
5473,1102.800049
5474,1096.900024
5475,1067.5
5476,1070.5
5477,1078.400024
5478,1085.400024
