,Domain 0,Domain 1,Domain 2,Domain 3
0,13.636363636363637,,,
1,54.84848484848485,,,
2,78.78787878787878,,,
3,88.48484848484848,,,
4,90.6060606060606,,,
5,91.51515151515152,,,
6,92.12121212121212,,,
7,92.12121212121212,,,
8,92.12121212121212,,,
9,92.12121212121212,,,
10,92.12121212121212,,,
11,92.12121212121212,,,
12,92.12121212121212,,,
13,92.12121212121212,,,
14,92.12121212121212,,,
15,92.12121212121212,,,
16,92.12121212121212,,,
17,92.12121212121212,,,
18,92.12121212121212,,,
19,92.12121212121212,,,
20,92.12121212121212,,,
21,92.12121212121212,,,
22,92.12121212121212,,,
23,92.12121212121212,,,
24,92.12121212121212,,,
25,92.12121212121212,,,
26,92.12121212121212,,,
27,92.12121212121212,,,
28,92.12121212121212,,,
29,92.12121212121212,,,
30,92.12121212121212,,,
31,92.12121212121212,,,
32,92.12121212121212,,,
33,92.12121212121212,,,
34,92.12121212121212,,,
35,91.8181818181818,,,
36,91.8181818181818,,,
37,91.8181818181818,,,
38,91.51515151515152,,,
39,91.21212121212122,,,
40,91.21212121212122,,,
41,91.21212121212122,,,
42,90.9090909090909,,,
43,90.9090909090909,,,
44,90.9090909090909,,,
45,90.6060606060606,,,
46,90.9090909090909,,,
47,90.6060606060606,,,
48,90.6060606060606,,,
49,90.6060606060606,,,
50,90.6060606060606,,,
51,90.3030303030303,,,
52,90.6060606060606,,,
53,90.6060606060606,,,
54,90.6060606060606,,,
55,90.6060606060606,,,
56,90.6060606060606,,,
57,90.9090909090909,,,
58,90.3030303030303,,,
59,90.3030303030303,,,
60,90.3030303030303,,,
61,90.3030303030303,,,
62,90.3030303030303,,,
63,90.6060606060606,,,
64,90.6060606060606,,,
65,90.6060606060606,,,
66,90.3030303030303,,,
67,90.6060606060606,,,
68,90.6060606060606,,,
69,90.6060606060606,,,
70,90.6060606060606,,,
71,90.6060606060606,,,
72,90.6060606060606,,,
73,90.6060606060606,,,
74,90.6060606060606,,,
75,90.6060606060606,,,
76,90.6060606060606,,,
77,90.6060606060606,,,
78,90.9090909090909,,,
79,90.6060606060606,,,
80,90.9090909090909,,,
81,90.9090909090909,,,
82,90.9090909090909,,,
83,90.9090909090909,,,
84,90.9090909090909,,,
85,90.9090909090909,,,
86,90.9090909090909,,,
87,90.9090909090909,,,
88,90.9090909090909,,,
89,90.9090909090909,,,
90,90.9090909090909,,,
91,90.9090909090909,,,
92,90.6060606060606,,,
93,90.6060606060606,,,
94,90.6060606060606,,,
95,90.9090909090909,,,
96,90.9090909090909,,,
97,90.9090909090909,,,
98,90.9090909090909,,,
99,90.9090909090909,,,
100,90.9090909090909,,,
101,90.9090909090909,,,
102,90.9090909090909,,,
103,90.9090909090909,,,
104,90.9090909090909,,,
105,90.9090909090909,,,
106,90.9090909090909,,,
107,90.9090909090909,,,
108,90.9090909090909,,,
109,90.9090909090909,,,
110,90.9090909090909,,,
111,90.9090909090909,,,
112,90.9090909090909,,,
113,90.9090909090909,,,
114,90.9090909090909,,,
115,90.9090909090909,,,
116,90.9090909090909,,,
117,90.9090909090909,,,
118,90.9090909090909,,,
119,90.9090909090909,,,
120,90.9090909090909,,,
121,90.9090909090909,,,
122,90.9090909090909,,,
123,90.9090909090909,,,
124,90.9090909090909,,,
125,90.9090909090909,,,
126,90.9090909090909,,,
127,90.9090909090909,,,
128,90.9090909090909,,,
129,90.9090909090909,,,
130,90.9090909090909,,,
131,90.9090909090909,,,
132,90.9090909090909,,,
133,90.9090909090909,,,
134,90.9090909090909,,,
135,90.9090909090909,,,
136,90.9090909090909,,,
137,90.9090909090909,,,
138,90.9090909090909,,,
139,90.9090909090909,,,
140,90.9090909090909,,,
141,90.9090909090909,,,
142,90.9090909090909,,,
143,90.9090909090909,,,
144,90.9090909090909,,,
145,90.9090909090909,,,
146,90.9090909090909,,,
147,90.9090909090909,,,
148,90.9090909090909,,,
149,90.9090909090909,,,
150,90.9090909090909,,,
151,90.9090909090909,,,
152,90.9090909090909,,,
153,90.9090909090909,,,
154,90.9090909090909,,,
155,90.9090909090909,,,
156,90.9090909090909,,,
157,90.9090909090909,,,
158,90.9090909090909,,,
159,90.9090909090909,,,
160,91.21212121212122,,,
161,91.21212121212122,,,
162,91.21212121212122,,,
163,91.21212121212122,,,
164,90.9090909090909,,,
165,90.9090909090909,,,
166,90.9090909090909,,,
167,90.9090909090909,,,
168,90.9090909090909,,,
169,90.9090909090909,,,
170,90.9090909090909,,,
171,90.9090909090909,,,
172,90.9090909090909,,,
173,90.9090909090909,,,
174,90.9090909090909,,,
175,90.9090909090909,,,
176,90.9090909090909,,,
177,90.9090909090909,,,
178,90.9090909090909,,,
179,90.9090909090909,,,
180,90.9090909090909,,,
181,91.21212121212122,,,
182,91.21212121212122,,,
183,91.21212121212122,,,
184,91.21212121212122,,,
185,91.21212121212122,,,
186,91.21212121212122,,,
187,91.21212121212122,,,
188,91.21212121212122,,,
189,91.21212121212122,,,
190,91.21212121212122,,,
191,91.21212121212122,,,
192,91.21212121212122,,,
193,91.21212121212122,,,
194,91.21212121212122,,,
195,91.21212121212122,,,
196,91.21212121212122,,,
197,91.21212121212122,,,
198,91.21212121212122,,,
199,91.21212121212122,,,
200,91.51515151515152,,,
201,91.51515151515152,,,
202,91.21212121212122,,,
203,91.51515151515152,,,
204,91.51515151515152,,,
205,91.51515151515152,,,
206,91.21212121212122,,,
207,91.51515151515152,,,
208,91.51515151515152,,,
209,91.51515151515152,,,
210,91.51515151515152,,,
211,91.51515151515152,,,
212,91.51515151515152,,,
213,91.51515151515152,,,
214,91.51515151515152,,,
215,91.51515151515152,,,
216,91.51515151515152,,,
217,91.51515151515152,,,
218,91.51515151515152,,,
219,91.51515151515152,,,
220,91.51515151515152,,,
221,91.51515151515152,,,
222,91.51515151515152,,,
223,91.51515151515152,,,
224,91.51515151515152,,,
225,91.51515151515152,,,
226,91.8181818181818,,,
227,91.8181818181818,,,
228,91.51515151515152,,,
229,91.51515151515152,,,
230,91.51515151515152,,,
231,91.51515151515152,,,
232,91.51515151515152,,,
233,91.51515151515152,,,
234,91.51515151515152,,,
235,91.51515151515152,,,
236,91.51515151515152,,,
237,91.51515151515152,,,
238,91.51515151515152,,,
239,91.51515151515152,,,
240,91.51515151515152,,,
241,91.51515151515152,,,
242,91.51515151515152,,,
243,91.51515151515152,,,
244,91.51515151515152,,,
245,91.51515151515152,,,
246,91.51515151515152,,,
247,91.51515151515152,,,
248,91.51515151515152,,,
249,91.51515151515152,,,
250,91.51515151515152,,,
251,91.51515151515152,,,
252,91.51515151515152,,,
253,91.51515151515152,,,
254,91.51515151515152,,,
255,91.51515151515152,,,
256,91.51515151515152,,,
257,91.51515151515152,,,
258,91.51515151515152,,,
259,91.8181818181818,,,
260,91.8181818181818,,,
261,91.8181818181818,,,
262,91.8181818181818,,,
263,91.8181818181818,,,
264,91.8181818181818,,,
265,91.8181818181818,,,
266,91.8181818181818,,,
267,91.8181818181818,,,
268,91.8181818181818,,,
269,91.8181818181818,,,
270,91.8181818181818,,,
271,91.8181818181818,,,
272,91.8181818181818,,,
273,91.8181818181818,,,
274,91.8181818181818,,,
275,91.8181818181818,,,
276,91.8181818181818,,,
277,91.8181818181818,,,
278,91.8181818181818,,,
279,91.8181818181818,,,
280,91.8181818181818,,,
281,91.8181818181818,,,
282,91.8181818181818,,,
283,91.8181818181818,,,
284,91.8181818181818,,,
285,91.8181818181818,,,
286,91.8181818181818,,,
287,91.8181818181818,,,
288,91.8181818181818,,,
289,91.8181818181818,,,
290,91.8181818181818,,,
291,91.8181818181818,,,
292,91.8181818181818,,,
293,91.8181818181818,,,
294,91.8181818181818,,,
295,91.8181818181818,,,
296,91.8181818181818,,,
297,91.8181818181818,,,
298,91.8181818181818,,,
299,91.8181818181818,,,
300,91.8181818181818,,,
301,91.8181818181818,,,
302,91.8181818181818,,,
303,91.8181818181818,,,
304,91.8181818181818,,,
305,91.8181818181818,,,
306,91.8181818181818,,,
307,91.8181818181818,,,
308,91.8181818181818,,,
309,91.8181818181818,,,
310,91.8181818181818,,,
311,91.8181818181818,,,
312,91.8181818181818,,,
313,91.8181818181818,,,
314,91.8181818181818,,,
315,91.8181818181818,,,
316,91.8181818181818,,,
317,91.8181818181818,,,
318,91.8181818181818,,,
319,91.8181818181818,,,
320,91.8181818181818,,,
321,91.8181818181818,,,
322,91.8181818181818,,,
323,91.8181818181818,,,
324,91.8181818181818,,,
325,91.8181818181818,,,
326,91.8181818181818,,,
327,91.8181818181818,,,
328,91.8181818181818,,,
329,91.8181818181818,,,
330,91.8181818181818,,,
331,91.8181818181818,,,
332,91.8181818181818,,,
333,91.8181818181818,,,
334,91.8181818181818,,,
335,91.8181818181818,,,
336,91.8181818181818,,,
337,91.8181818181818,,,
338,91.8181818181818,,,
339,91.8181818181818,,,
340,91.8181818181818,,,
341,91.8181818181818,,,
342,91.8181818181818,,,
343,91.8181818181818,,,
344,91.8181818181818,,,
345,91.8181818181818,,,
346,91.51515151515152,,,
347,91.51515151515152,,,
348,91.8181818181818,,,
349,91.51515151515152,,,
350,91.8181818181818,,,
351,91.8181818181818,,,
352,91.8181818181818,,,
353,91.8181818181818,,,
354,91.8181818181818,,,
355,91.8181818181818,,,
356,91.8181818181818,,,
357,91.8181818181818,,,
358,91.8181818181818,,,
359,91.8181818181818,,,
360,91.8181818181818,,,
361,91.8181818181818,,,
362,91.8181818181818,,,
363,91.8181818181818,,,
364,91.8181818181818,,,
365,91.8181818181818,,,
366,91.8181818181818,,,
367,91.8181818181818,,,
368,91.8181818181818,,,
369,91.8181818181818,,,
370,91.8181818181818,,,
371,91.8181818181818,,,
372,91.8181818181818,,,
373,91.8181818181818,,,
374,91.8181818181818,,,
375,91.8181818181818,,,
376,91.8181818181818,,,
377,91.8181818181818,,,
378,91.8181818181818,,,
379,91.8181818181818,,,
380,91.8181818181818,,,
381,91.8181818181818,,,
382,91.8181818181818,,,
383,91.8181818181818,,,
384,91.8181818181818,,,
385,91.8181818181818,,,
386,91.8181818181818,,,
387,91.8181818181818,,,
388,91.8181818181818,,,
389,91.8181818181818,,,
390,91.8181818181818,,,
391,91.8181818181818,,,
392,91.8181818181818,,,
393,91.8181818181818,,,
394,91.8181818181818,,,
395,91.8181818181818,,,
396,91.8181818181818,,,
397,91.8181818181818,,,
398,91.8181818181818,,,
399,91.8181818181818,,,
400,91.8181818181818,,,
401,91.8181818181818,,,
402,91.8181818181818,,,
403,91.8181818181818,,,
404,91.8181818181818,,,
405,91.8181818181818,,,
406,91.8181818181818,,,
407,91.8181818181818,,,
408,91.8181818181818,,,
409,91.8181818181818,,,
410,91.8181818181818,,,
411,91.8181818181818,,,
412,91.8181818181818,,,
413,91.51515151515152,,,
414,91.8181818181818,,,
415,91.8181818181818,,,
416,91.8181818181818,,,
417,91.8181818181818,,,
418,91.8181818181818,,,
419,91.8181818181818,,,
420,91.8181818181818,,,
421,91.8181818181818,,,
422,91.8181818181818,,,
423,91.8181818181818,,,
424,91.8181818181818,,,
425,91.8181818181818,,,
426,91.8181818181818,,,
427,91.8181818181818,,,
428,91.8181818181818,,,
429,91.8181818181818,,,
430,91.8181818181818,,,
431,91.8181818181818,,,
432,91.8181818181818,,,
433,91.8181818181818,,,
434,91.8181818181818,,,
435,91.8181818181818,,,
436,91.8181818181818,,,
437,91.8181818181818,,,
438,91.8181818181818,,,
439,91.8181818181818,,,
440,91.8181818181818,,,
441,91.8181818181818,,,
442,91.8181818181818,,,
443,91.8181818181818,,,
444,91.8181818181818,,,
445,91.8181818181818,,,
446,91.8181818181818,,,
447,91.8181818181818,,,
448,91.8181818181818,,,
449,91.8181818181818,,,
450,91.8181818181818,,,
451,91.8181818181818,,,
452,91.8181818181818,,,
453,91.8181818181818,,,
454,91.8181818181818,,,
455,91.8181818181818,,,
456,91.8181818181818,,,
457,91.8181818181818,,,
458,91.8181818181818,,,
459,91.8181818181818,,,
460,91.8181818181818,,,
461,91.8181818181818,,,
462,91.8181818181818,,,
463,91.8181818181818,,,
464,91.8181818181818,,,
465,91.8181818181818,,,
466,91.8181818181818,,,
467,91.8181818181818,,,
468,91.8181818181818,,,
469,91.8181818181818,,,
470,91.8181818181818,,,
471,91.8181818181818,,,
472,91.8181818181818,,,
473,91.8181818181818,,,
474,91.8181818181818,,,
475,91.8181818181818,,,
476,91.8181818181818,,,
477,91.8181818181818,,,
478,91.8181818181818,,,
479,91.51515151515152,,,
480,91.51515151515152,,,
481,91.51515151515152,,,
482,91.51515151515152,,,
483,91.51515151515152,,,
484,91.51515151515152,,,
485,91.51515151515152,,,
486,91.51515151515152,,,
487,91.51515151515152,,,
488,91.51515151515152,,,
489,91.51515151515152,,,
490,91.51515151515152,,,
491,91.51515151515152,,,
492,91.51515151515152,,,
493,91.51515151515152,,,
494,91.51515151515152,,,
495,91.51515151515152,,,
496,91.51515151515152,,,
497,91.51515151515152,,,
498,91.51515151515152,,,
499,91.51515151515152,,,
500,91.21212121212122,95.83333333333331,,
501,91.21212121212122,95.83333333333331,,
502,91.21212121212122,95.83333333333331,,
503,90.9090909090909,95.83333333333331,,
504,90.3030303030303,95.83333333333331,,
505,90.3030303030303,95.3125,,
506,90.3030303030303,95.3125,,
507,90.0,95.3125,,
508,89.6969696969697,95.3125,,
509,89.6969696969697,95.3125,,
510,89.0909090909091,95.3125,,
511,89.0909090909091,95.3125,,
512,89.0909090909091,94.79166666666669,,
513,88.48484848484848,94.79166666666669,,
514,87.87878787878788,94.79166666666669,,
515,86.96969696969697,94.79166666666669,,
516,86.66666666666667,94.79166666666669,,
517,86.66666666666667,94.27083333333331,,
518,86.66666666666667,94.27083333333331,,
519,86.06060606060606,94.27083333333331,,
520,86.06060606060606,93.22916666666669,,
521,86.06060606060606,92.70833333333331,,
522,85.75757575757575,92.70833333333331,,
523,85.75757575757575,91.66666666666669,,
524,84.54545454545455,91.66666666666669,,
525,84.54545454545455,90.625,,
526,84.54545454545455,90.10416666666669,,
527,83.93939393939394,90.10416666666669,,
528,82.72727272727273,90.10416666666669,,
529,82.72727272727273,90.10416666666669,,
530,81.81818181818181,90.10416666666669,,
531,80.9090909090909,89.58333333333333,,
532,80.60606060606061,87.5,,
533,80.60606060606061,86.97916666666667,,
534,80.0,86.97916666666667,,
535,80.0,86.45833333333333,,
536,79.0909090909091,85.9375,,
537,78.78787878787878,85.9375,,
538,78.48484848484848,85.9375,,
539,77.57575757575758,85.9375,,
540,77.27272727272727,85.41666666666667,,
541,76.96969696969697,84.89583333333333,,
542,76.36363636363636,84.89583333333333,,
543,76.06060606060606,84.89583333333333,,
544,76.06060606060606,84.89583333333333,,
545,75.75757575757575,84.89583333333333,,
546,75.75757575757575,84.89583333333333,,
547,75.15151515151516,84.89583333333333,,
548,73.63636363636364,83.85416666666667,,
549,73.03030303030303,83.85416666666667,,
550,73.63636363636364,83.33333333333333,,
551,73.63636363636364,83.33333333333333,,
552,73.03030303030303,82.8125,,
553,73.03030303030303,82.8125,,
554,72.72727272727273,82.29166666666667,,
555,72.72727272727273,82.29166666666667,,
556,72.72727272727273,82.29166666666667,,
557,72.12121212121212,82.29166666666667,,
558,72.12121212121212,82.29166666666667,,
559,72.12121212121212,82.29166666666667,,
560,72.12121212121212,82.29166666666667,,
561,71.51515151515152,82.29166666666667,,
562,71.21212121212122,82.29166666666667,,
563,71.21212121212122,82.29166666666667,,
564,71.21212121212122,81.77083333333333,,
565,70.9090909090909,81.77083333333333,,
566,70.9090909090909,81.77083333333333,,
567,70.60606060606061,81.77083333333333,,
568,70.0,81.77083333333333,,
569,69.6969696969697,81.77083333333333,,
570,70.0,81.77083333333333,,
571,69.39393939393939,81.25,,
572,68.48484848484848,81.25,,
573,68.18181818181819,81.25,,
574,68.18181818181819,81.25,,
575,68.18181818181819,81.25,,
576,68.18181818181819,81.25,,
577,67.87878787878788,81.25,,
578,67.87878787878788,81.25,,
579,67.57575757575758,81.25,,
580,67.87878787878788,81.25,,
581,67.87878787878788,81.25,,
582,67.57575757575758,81.25,,
583,67.87878787878788,80.72916666666667,,
584,67.87878787878788,80.72916666666667,,
585,67.87878787878788,80.20833333333333,,
586,67.87878787878788,79.16666666666667,,
587,67.57575757575758,79.16666666666667,,
588,66.96969696969697,79.16666666666667,,
589,66.96969696969697,79.16666666666667,,
590,66.96969696969697,79.16666666666667,,
591,66.96969696969697,79.16666666666667,,
592,66.96969696969697,79.16666666666667,,
593,66.36363636363636,78.64583333333333,,
594,66.36363636363636,79.16666666666667,,
595,66.36363636363636,79.16666666666667,,
596,66.36363636363636,79.16666666666667,,
597,65.45454545454545,78.64583333333333,,
598,64.84848484848484,78.64583333333333,,
599,64.84848484848484,78.64583333333333,,
600,64.54545454545455,78.64583333333333,,
601,64.54545454545455,78.64583333333333,,
602,64.54545454545455,78.64583333333333,,
603,64.54545454545455,78.64583333333333,,
604,65.15151515151516,78.64583333333333,,
605,64.24242424242425,78.125,,
606,64.24242424242425,78.125,,
607,64.24242424242425,78.125,,
608,64.24242424242425,78.125,,
609,65.15151515151516,79.16666666666667,,
610,65.15151515151516,79.16666666666667,,
611,65.45454545454545,79.16666666666667,,
612,65.45454545454545,79.16666666666667,,
613,64.24242424242425,79.16666666666667,,
614,64.24242424242425,79.16666666666667,,
615,64.24242424242425,79.16666666666667,,
616,64.24242424242425,79.16666666666667,,
617,64.54545454545455,79.16666666666667,,
618,64.54545454545455,79.16666666666667,,
619,64.24242424242425,79.16666666666667,,
620,64.54545454545455,79.16666666666667,,
621,64.54545454545455,79.16666666666667,,
622,64.54545454545455,79.16666666666667,,
623,64.24242424242425,79.16666666666667,,
624,64.24242424242425,78.64583333333333,,
625,64.54545454545455,79.16666666666667,,
626,64.24242424242425,78.64583333333333,,
627,64.24242424242425,78.64583333333333,,
628,64.24242424242425,78.64583333333333,,
629,64.24242424242425,79.6875,,
630,64.24242424242425,79.16666666666667,,
631,64.24242424242425,78.64583333333333,,
632,64.24242424242425,79.16666666666667,,
633,64.24242424242425,79.16666666666667,,
634,64.24242424242425,79.16666666666667,,
635,64.24242424242425,78.64583333333333,,
636,64.24242424242425,79.16666666666667,,
637,64.24242424242425,79.16666666666667,,
638,63.93939393939394,79.16666666666667,,
639,64.24242424242425,79.16666666666667,,
640,63.63636363636363,79.16666666666667,,
641,63.63636363636363,79.16666666666667,,
642,63.93939393939394,79.16666666666667,,
643,63.63636363636363,79.16666666666667,,
644,63.63636363636363,79.16666666666667,,
645,63.93939393939394,79.16666666666667,,
646,63.93939393939394,79.16666666666667,,
647,64.24242424242425,79.16666666666667,,
648,64.24242424242425,79.16666666666667,,
649,63.93939393939394,79.16666666666667,,
650,63.93939393939394,79.16666666666667,,
651,63.63636363636363,79.16666666666667,,
652,63.63636363636363,79.16666666666667,,
653,63.63636363636363,79.16666666666667,,
654,63.63636363636363,79.16666666666667,,
655,63.93939393939394,79.16666666666667,,
656,63.63636363636363,79.16666666666667,,
657,63.93939393939394,79.16666666666667,,
658,63.63636363636363,79.16666666666667,,
659,63.333333333333336,79.16666666666667,,
660,64.54545454545455,79.16666666666667,,
661,63.93939393939394,79.16666666666667,,
662,63.63636363636363,79.16666666666667,,
663,63.03030303030303,79.16666666666667,,
664,63.03030303030303,79.16666666666667,,
665,63.03030303030303,79.16666666666667,,
666,63.03030303030303,79.16666666666667,,
667,63.03030303030303,79.16666666666667,,
668,63.03030303030303,79.16666666666667,,
669,63.03030303030303,79.16666666666667,,
670,63.03030303030303,79.16666666666667,,
671,63.03030303030303,79.16666666666667,,
672,63.03030303030303,79.16666666666667,,
673,63.03030303030303,79.16666666666667,,
674,63.03030303030303,79.16666666666667,,
675,62.72727272727273,79.16666666666667,,
676,62.72727272727273,79.16666666666667,,
677,62.72727272727273,79.16666666666667,,
678,63.03030303030303,79.16666666666667,,
679,62.72727272727273,79.16666666666667,,
680,62.72727272727273,79.16666666666667,,
681,62.72727272727273,79.16666666666667,,
682,62.72727272727273,79.16666666666667,,
683,62.72727272727273,79.16666666666667,,
684,62.72727272727273,79.16666666666667,,
685,63.03030303030303,79.16666666666667,,
686,63.03030303030303,79.16666666666667,,
687,63.03030303030303,79.16666666666667,,
688,62.72727272727273,79.16666666666667,,
689,62.72727272727273,79.16666666666667,,
690,62.72727272727273,79.16666666666667,,
691,62.72727272727273,79.16666666666667,,
692,62.72727272727273,79.16666666666667,,
693,62.72727272727273,79.16666666666667,,
694,62.72727272727273,79.16666666666667,,
695,63.333333333333336,79.16666666666667,,
696,63.333333333333336,79.16666666666667,,
697,63.333333333333336,79.16666666666667,,
698,62.72727272727273,79.16666666666667,,
699,62.72727272727273,79.16666666666667,,
700,63.03030303030303,79.16666666666667,,
701,63.03030303030303,79.16666666666667,,
702,63.333333333333336,79.16666666666667,,
703,63.63636363636363,79.16666666666667,,
704,63.03030303030303,79.16666666666667,,
705,63.03030303030303,79.16666666666667,,
706,63.03030303030303,79.16666666666667,,
707,62.72727272727273,79.16666666666667,,
708,62.72727272727273,79.16666666666667,,
709,63.03030303030303,78.64583333333333,,
710,63.03030303030303,78.64583333333333,,
711,63.03030303030303,78.64583333333333,,
712,63.03030303030303,78.64583333333333,,
713,63.03030303030303,79.16666666666667,,
714,63.03030303030303,78.64583333333333,,
715,63.03030303030303,78.64583333333333,,
716,63.333333333333336,78.64583333333333,,
717,63.333333333333336,78.64583333333333,,
718,63.333333333333336,78.64583333333333,,
719,63.333333333333336,78.64583333333333,,
720,63.333333333333336,78.125,,
721,63.333333333333336,78.125,,
722,63.333333333333336,78.125,,
723,63.333333333333336,78.125,,
724,63.333333333333336,78.125,,
725,63.333333333333336,78.125,,
726,63.333333333333336,78.125,,
727,63.333333333333336,78.125,,
728,63.333333333333336,78.125,,
729,63.333333333333336,78.125,,
730,63.03030303030303,78.125,,
731,63.03030303030303,78.125,,
732,63.03030303030303,78.125,,
733,63.333333333333336,78.125,,
734,63.333333333333336,78.125,,
735,63.03030303030303,78.125,,
736,63.333333333333336,78.125,,
737,63.333333333333336,78.125,,
738,63.03030303030303,77.60416666666667,,
739,63.03030303030303,77.60416666666667,,
740,62.72727272727273,77.60416666666667,,
741,62.42424242424242,77.60416666666667,,
742,62.72727272727273,77.60416666666667,,
743,62.72727272727273,77.60416666666667,,
744,62.72727272727273,77.60416666666667,,
745,62.72727272727273,77.60416666666667,,
746,62.121212121212125,77.60416666666667,,
747,62.42424242424242,77.60416666666667,,
748,62.42424242424242,77.60416666666667,,
749,62.42424242424242,77.60416666666667,,
750,62.42424242424242,77.60416666666667,,
751,61.51515151515152,77.60416666666667,,
752,62.42424242424242,77.60416666666667,,
753,61.21212121212121,77.60416666666667,,
754,62.121212121212125,77.60416666666667,,
755,61.21212121212121,77.60416666666667,,
756,60.90909090909091,77.60416666666667,,
757,61.21212121212121,77.60416666666667,,
758,61.21212121212121,77.60416666666667,,
759,60.90909090909091,77.08333333333333,,
760,61.21212121212121,77.60416666666667,,
761,61.21212121212121,77.08333333333333,,
762,60.90909090909091,77.08333333333333,,
763,60.90909090909091,77.08333333333333,,
764,61.21212121212121,77.08333333333333,,
765,61.81818181818182,77.08333333333333,,
766,61.21212121212121,77.08333333333333,,
767,61.21212121212121,77.60416666666667,,
768,60.90909090909091,77.60416666666667,,
769,60.90909090909091,77.60416666666667,,
770,60.90909090909091,77.08333333333333,,
771,61.21212121212121,77.08333333333333,,
772,61.21212121212121,77.08333333333333,,
773,60.60606060606061,77.08333333333333,,
774,61.81818181818182,77.08333333333333,,
775,61.81818181818182,77.08333333333333,,
776,62.121212121212125,77.08333333333333,,
777,61.81818181818182,77.08333333333333,,
778,62.121212121212125,77.08333333333333,,
779,63.03030303030303,77.60416666666667,,
780,62.72727272727273,77.60416666666667,,
781,62.72727272727273,77.60416666666667,,
782,62.42424242424242,77.60416666666667,,
783,62.42424242424242,77.60416666666667,,
784,62.42424242424242,77.60416666666667,,
785,62.72727272727273,77.60416666666667,,
786,62.72727272727273,77.60416666666667,,
787,62.72727272727273,77.60416666666667,,
788,62.72727272727273,77.60416666666667,,
789,62.72727272727273,77.60416666666667,,
790,62.72727272727273,77.60416666666667,,
791,62.72727272727273,77.60416666666667,,
792,63.03030303030303,77.60416666666667,,
793,62.72727272727273,77.60416666666667,,
794,62.72727272727273,77.60416666666667,,
795,62.72727272727273,77.60416666666667,,
796,63.03030303030303,77.60416666666667,,
797,63.333333333333336,78.125,,
798,63.333333333333336,77.60416666666667,,
799,63.333333333333336,77.60416666666667,,
800,63.333333333333336,78.125,,
801,63.333333333333336,78.125,,
802,63.333333333333336,77.60416666666667,,
803,63.93939393939394,77.60416666666667,,
804,63.333333333333336,77.60416666666667,,
805,64.24242424242425,78.125,,
806,64.24242424242425,78.125,,
807,64.54545454545455,78.64583333333333,,
808,64.84848484848484,78.64583333333333,,
809,64.84848484848484,78.64583333333333,,
810,64.54545454545455,78.125,,
811,64.84848484848484,78.64583333333333,,
812,64.54545454545455,77.60416666666667,,
813,64.24242424242425,78.125,,
814,64.24242424242425,77.60416666666667,,
815,64.24242424242425,77.60416666666667,,
816,64.84848484848484,78.125,,
817,64.24242424242425,77.60416666666667,,
818,64.24242424242425,77.60416666666667,,
819,64.24242424242425,77.60416666666667,,
820,63.93939393939394,77.60416666666667,,
821,63.93939393939394,77.60416666666667,,
822,63.93939393939394,77.60416666666667,,
823,63.93939393939394,77.60416666666667,,
824,63.93939393939394,78.125,,
825,63.93939393939394,78.125,,
826,63.93939393939394,77.60416666666667,,
827,63.93939393939394,78.125,,
828,63.93939393939394,78.125,,
829,63.93939393939394,78.64583333333333,,
830,64.24242424242425,78.64583333333333,,
831,63.93939393939394,78.64583333333333,,
832,63.63636363636363,78.64583333333333,,
833,63.63636363636363,78.64583333333333,,
834,63.63636363636363,78.125,,
835,63.93939393939394,78.64583333333333,,
836,63.93939393939394,78.64583333333333,,
837,63.93939393939394,78.125,,
838,63.93939393939394,78.64583333333333,,
839,63.93939393939394,78.64583333333333,,
840,63.93939393939394,78.64583333333333,,
841,63.93939393939394,78.64583333333333,,
842,63.93939393939394,78.64583333333333,,
843,64.24242424242425,78.64583333333333,,
844,63.93939393939394,78.64583333333333,,
845,63.93939393939394,78.125,,
846,63.93939393939394,78.125,,
847,63.63636363636363,78.125,,
848,63.93939393939394,78.125,,
849,64.24242424242425,79.16666666666667,,
850,63.93939393939394,78.64583333333333,,
851,63.93939393939394,78.125,,
852,63.93939393939394,79.16666666666667,,
853,63.93939393939394,79.16666666666667,,
854,63.93939393939394,79.16666666666667,,
855,63.93939393939394,79.16666666666667,,
856,63.63636363636363,78.64583333333333,,
857,63.63636363636363,78.125,,
858,63.63636363636363,78.125,,
859,63.03030303030303,78.125,,
860,62.42424242424242,78.125,,
861,62.42424242424242,78.125,,
862,62.72727272727273,78.125,,
863,63.03030303030303,78.64583333333333,,
864,63.03030303030303,78.125,,
865,63.03030303030303,78.125,,
866,62.72727272727273,78.125,,
867,63.03030303030303,78.125,,
868,63.333333333333336,78.125,,
869,63.03030303030303,78.125,,
870,63.03030303030303,78.64583333333333,,
871,62.42424242424242,78.125,,
872,62.72727272727273,78.64583333333333,,
873,63.03030303030303,78.64583333333333,,
874,63.333333333333336,78.64583333333333,,
875,63.333333333333336,78.125,,
876,63.63636363636363,78.64583333333333,,
877,64.24242424242425,78.64583333333333,,
878,63.333333333333336,78.125,,
879,63.333333333333336,78.125,,
880,63.03030303030303,78.125,,
881,62.42424242424242,78.125,,
882,62.72727272727273,78.125,,
883,62.72727272727273,78.125,,
884,62.72727272727273,78.125,,
885,62.72727272727273,78.125,,
886,62.72727272727273,78.125,,
887,63.03030303030303,78.125,,
888,63.03030303030303,78.125,,
889,63.03030303030303,78.125,,
890,63.63636363636363,79.16666666666667,,
891,64.24242424242425,79.16666666666667,,
892,63.93939393939394,79.16666666666667,,
893,63.93939393939394,79.16666666666667,,
894,63.63636363636363,79.16666666666667,,
895,63.93939393939394,79.16666666666667,,
896,64.24242424242425,79.16666666666667,,
897,63.63636363636363,79.16666666666667,,
898,63.93939393939394,79.16666666666667,,
899,63.93939393939394,79.16666666666667,,
900,63.93939393939394,79.16666666666667,,
901,63.333333333333336,79.16666666666667,,
902,63.93939393939394,79.16666666666667,,
903,63.93939393939394,79.16666666666667,,
904,63.93939393939394,79.16666666666667,,
905,64.54545454545455,79.16666666666667,,
906,64.54545454545455,79.16666666666667,,
907,63.93939393939394,79.16666666666667,,
908,63.93939393939394,79.16666666666667,,
909,64.24242424242425,79.16666666666667,,
910,64.24242424242425,79.16666666666667,,
911,64.54545454545455,79.16666666666667,,
912,63.93939393939394,79.16666666666667,,
913,63.63636363636363,79.16666666666667,,
914,63.63636363636363,79.16666666666667,,
915,63.93939393939394,79.16666666666667,,
916,63.63636363636363,79.16666666666667,,
917,63.63636363636363,79.16666666666667,,
918,63.63636363636363,79.16666666666667,,
919,63.63636363636363,79.16666666666667,,
920,63.63636363636363,79.16666666666667,,
921,63.63636363636363,79.16666666666667,,
922,64.24242424242425,79.16666666666667,,
923,64.24242424242425,79.16666666666667,,
924,64.24242424242425,79.16666666666667,,
925,64.24242424242425,79.16666666666667,,
926,64.24242424242425,79.16666666666667,,
927,64.24242424242425,79.16666666666667,,
928,63.93939393939394,79.16666666666667,,
929,63.63636363636363,79.16666666666667,,
930,63.03030303030303,79.16666666666667,,
931,63.03030303030303,79.16666666666667,,
932,63.03030303030303,79.16666666666667,,
933,63.03030303030303,79.16666666666667,,
934,63.03030303030303,79.16666666666667,,
935,63.03030303030303,79.16666666666667,,
936,63.03030303030303,79.16666666666667,,
937,63.03030303030303,79.16666666666667,,
938,63.333333333333336,79.16666666666667,,
939,63.333333333333336,79.16666666666667,,
940,63.63636363636363,79.16666666666667,,
941,63.333333333333336,79.16666666666667,,
942,63.333333333333336,79.16666666666667,,
943,63.63636363636363,79.16666666666667,,
944,63.63636363636363,79.16666666666667,,
945,63.93939393939394,79.16666666666667,,
946,63.93939393939394,79.16666666666667,,
947,63.93939393939394,79.16666666666667,,
948,63.93939393939394,79.16666666666667,,
949,63.93939393939394,79.16666666666667,,
950,63.93939393939394,79.16666666666667,,
951,63.93939393939394,79.16666666666667,,
952,63.93939393939394,79.16666666666667,,
953,63.93939393939394,79.16666666666667,,
954,63.63636363636363,79.16666666666667,,
955,63.93939393939394,79.16666666666667,,
956,63.63636363636363,79.16666666666667,,
957,63.63636363636363,79.16666666666667,,
958,63.333333333333336,79.16666666666667,,
959,63.333333333333336,79.16666666666667,,
960,63.03030303030303,79.16666666666667,,
961,63.03030303030303,78.64583333333333,,
962,63.03030303030303,78.64583333333333,,
963,63.03030303030303,78.64583333333333,,
964,63.03030303030303,78.64583333333333,,
965,63.03030303030303,79.16666666666667,,
966,63.03030303030303,79.16666666666667,,
967,63.03030303030303,78.64583333333333,,
968,63.03030303030303,79.16666666666667,,
969,63.03030303030303,79.16666666666667,,
970,62.72727272727273,79.16666666666667,,
971,62.72727272727273,79.16666666666667,,
972,63.03030303030303,79.16666666666667,,
973,63.03030303030303,79.16666666666667,,
974,63.03030303030303,79.16666666666667,,
975,63.03030303030303,79.16666666666667,,
976,63.03030303030303,79.16666666666667,,
977,63.03030303030303,79.16666666666667,,
978,63.03030303030303,79.16666666666667,,
979,63.03030303030303,79.16666666666667,,
980,63.333333333333336,79.16666666666667,,
981,63.63636363636363,79.16666666666667,,
982,63.63636363636363,79.16666666666667,,
983,63.333333333333336,79.16666666666667,,
984,63.333333333333336,79.16666666666667,,
985,63.03030303030303,79.16666666666667,,
986,63.333333333333336,79.16666666666667,,
987,63.03030303030303,79.16666666666667,,
988,63.03030303030303,78.64583333333333,,
989,63.333333333333336,79.16666666666667,,
990,63.03030303030303,78.64583333333333,,
991,63.03030303030303,78.64583333333333,,
992,63.03030303030303,78.64583333333333,,
993,62.72727272727273,78.64583333333333,,
994,62.121212121212125,78.64583333333333,,
995,61.81818181818182,78.64583333333333,,
996,62.121212121212125,78.64583333333333,,
997,62.42424242424242,78.64583333333333,,
998,61.51515151515152,78.64583333333333,,
999,61.51515151515152,78.125,,
1000,63.333333333333336,78.64583333333333,65.68181818181819,
1001,63.93939393939394,79.16666666666667,65.9090909090909,
1002,64.54545454545455,79.6875,65.68181818181819,
1003,64.54545454545455,80.20833333333333,65.68181818181819,
1004,65.45454545454545,80.72916666666667,65.9090909090909,
1005,65.75757575757575,80.72916666666667,66.13636363636364,
1006,66.06060606060606,80.72916666666667,65.9090909090909,
1007,67.57575757575758,80.72916666666667,65.9090909090909,
1008,67.87878787878788,80.72916666666667,65.9090909090909,
1009,67.87878787878788,80.72916666666667,65.9090909090909,
1010,67.87878787878788,80.72916666666667,65.9090909090909,
1011,68.18181818181819,80.72916666666667,65.9090909090909,
1012,68.18181818181819,80.72916666666667,65.9090909090909,
1013,68.18181818181819,81.25,65.9090909090909,
1014,68.78787878787878,80.72916666666667,65.9090909090909,
1015,68.78787878787878,80.72916666666667,65.9090909090909,
1016,68.78787878787878,80.72916666666667,65.9090909090909,
1017,68.78787878787878,80.72916666666667,65.68181818181819,
1018,68.78787878787878,81.25,66.13636363636364,
1019,68.78787878787878,81.25,66.13636363636364,
1020,69.0909090909091,81.77083333333333,66.13636363636364,
1021,69.0909090909091,81.77083333333333,66.13636363636364,
1022,69.6969696969697,81.77083333333333,66.5909090909091,
1023,69.6969696969697,82.29166666666667,66.5909090909091,
1024,69.6969696969697,82.29166666666667,66.5909090909091,
1025,69.39393939393939,82.29166666666667,66.5909090909091,
1026,69.39393939393939,82.29166666666667,66.5909090909091,
1027,69.39393939393939,82.29166666666667,66.81818181818181,
1028,69.39393939393939,82.8125,66.5909090909091,
1029,69.39393939393939,82.8125,66.5909090909091,
1030,69.39393939393939,82.8125,66.5909090909091,
1031,69.39393939393939,82.8125,66.5909090909091,
1032,69.39393939393939,82.8125,66.81818181818181,
1033,69.39393939393939,83.33333333333333,66.81818181818181,
1034,69.39393939393939,83.33333333333333,66.81818181818181,
1035,69.39393939393939,83.33333333333333,66.81818181818181,
1036,69.39393939393939,83.33333333333333,66.81818181818181,
1037,69.39393939393939,83.33333333333333,66.81818181818181,
1038,69.39393939393939,83.33333333333333,66.81818181818181,
1039,69.39393939393939,83.33333333333333,66.81818181818181,
1040,69.39393939393939,83.33333333333333,66.81818181818181,
1041,69.39393939393939,83.33333333333333,66.81818181818181,
1042,69.39393939393939,83.85416666666667,66.81818181818181,
1043,70.0,83.85416666666667,66.81818181818181,
1044,70.0,84.375,66.5909090909091,
1045,70.0,83.85416666666667,66.81818181818181,
1046,70.0,83.85416666666667,66.81818181818181,
1047,70.0,84.375,66.81818181818181,
1048,70.0,84.375,66.81818181818181,
1049,70.0,84.375,66.81818181818181,
1050,70.0,84.375,66.81818181818181,
1051,70.0,83.85416666666667,66.81818181818181,
1052,70.0,83.85416666666667,66.81818181818181,
1053,70.0,83.85416666666667,66.81818181818181,
1054,70.0,83.85416666666667,66.81818181818181,
1055,70.3030303030303,84.375,67.04545454545455,
1056,70.3030303030303,84.375,67.04545454545455,
1057,70.3030303030303,83.85416666666667,67.04545454545455,
1058,70.3030303030303,83.85416666666667,67.04545454545455,
1059,70.3030303030303,84.375,67.04545454545455,
1060,70.3030303030303,84.375,67.27272727272727,
1061,70.3030303030303,84.375,67.04545454545455,
1062,70.3030303030303,84.375,67.27272727272727,
1063,70.3030303030303,84.375,67.04545454545455,
1064,70.3030303030303,84.375,67.27272727272727,
1065,70.3030303030303,84.375,67.27272727272727,
1066,70.60606060606061,84.375,67.5,
1067,70.9090909090909,84.375,67.5,
1068,70.9090909090909,84.89583333333333,67.5,
1069,70.9090909090909,84.375,67.5,
1070,70.60606060606061,84.89583333333333,67.5,
1071,70.60606060606061,84.375,67.5,
1072,70.9090909090909,84.89583333333333,67.72727272727273,
1073,70.60606060606061,84.375,67.27272727272727,
1074,70.60606060606061,84.375,67.5,
1075,70.60606060606061,84.375,67.5,
1076,70.9090909090909,84.375,67.5,
1077,70.60606060606061,84.375,67.5,
1078,70.9090909090909,84.375,67.72727272727273,
1079,71.51515151515152,84.375,67.72727272727273,
1080,71.51515151515152,84.375,67.95454545454545,
1081,71.21212121212122,84.375,67.72727272727273,
1082,71.51515151515152,84.375,67.72727272727273,
1083,71.51515151515152,84.375,67.72727272727273,
1084,71.51515151515152,84.375,67.72727272727273,
1085,71.51515151515152,84.375,67.95454545454545,
1086,71.51515151515152,84.375,67.72727272727273,
1087,71.51515151515152,84.375,67.95454545454545,
1088,71.51515151515152,84.375,67.95454545454545,
1089,71.51515151515152,84.375,67.72727272727273,
1090,71.51515151515152,84.89583333333333,67.5,
1091,71.51515151515152,85.41666666666667,67.5,
1092,71.51515151515152,84.89583333333333,67.72727272727273,
1093,71.81818181818181,84.89583333333333,67.72727272727273,
1094,71.81818181818181,84.89583333333333,67.72727272727273,
1095,71.81818181818181,84.89583333333333,67.5,
1096,71.81818181818181,85.41666666666667,67.5,
1097,71.81818181818181,85.41666666666667,67.5,
1098,71.81818181818181,85.41666666666667,67.5,
1099,72.42424242424242,85.41666666666667,67.27272727272727,
1100,72.42424242424242,86.45833333333333,67.27272727272727,
1101,72.42424242424242,85.9375,67.72727272727273,
1102,72.12121212121212,85.41666666666667,67.72727272727273,
1103,72.42424242424242,85.9375,67.5,
1104,71.81818181818181,85.9375,67.27272727272727,
1105,72.12121212121212,85.9375,67.27272727272727,
1106,72.12121212121212,85.9375,67.27272727272727,
1107,72.12121212121212,85.9375,67.04545454545455,
1108,72.12121212121212,85.9375,67.04545454545455,
1109,71.51515151515152,85.9375,67.72727272727273,
1110,71.51515151515152,85.9375,67.5,
1111,71.81818181818181,85.41666666666667,67.5,
1112,72.12121212121212,85.9375,67.27272727272727,
1113,72.12121212121212,85.9375,67.27272727272727,
1114,72.12121212121212,85.9375,67.27272727272727,
1115,72.12121212121212,85.9375,67.5,
1116,72.72727272727273,85.9375,67.27272727272727,
1117,72.72727272727273,85.9375,67.27272727272727,
1118,72.72727272727273,85.9375,67.27272727272727,
1119,72.72727272727273,85.9375,67.27272727272727,
1120,72.72727272727273,85.9375,67.27272727272727,
1121,72.12121212121212,85.9375,67.5,
1122,72.12121212121212,85.9375,67.5,
1123,72.12121212121212,85.9375,67.27272727272727,
1124,72.42424242424242,85.41666666666667,67.27272727272727,
1125,72.42424242424242,85.9375,67.27272727272727,
1126,72.42424242424242,85.41666666666667,67.27272727272727,
1127,72.42424242424242,85.41666666666667,67.5,
1128,72.42424242424242,85.41666666666667,67.72727272727273,
1129,72.42424242424242,85.41666666666667,67.72727272727273,
1130,72.42424242424242,85.41666666666667,67.5,
1131,72.42424242424242,85.41666666666667,67.5,
1132,72.72727272727273,85.41666666666667,67.72727272727273,
1133,72.42424242424242,85.41666666666667,67.95454545454545,
1134,72.12121212121212,85.41666666666667,67.95454545454545,
1135,72.12121212121212,85.41666666666667,67.72727272727273,
1136,72.12121212121212,85.41666666666667,67.72727272727273,
1137,72.12121212121212,85.41666666666667,67.72727272727273,
1138,72.12121212121212,85.41666666666667,67.72727272727273,
1139,72.12121212121212,85.41666666666667,67.72727272727273,
1140,72.12121212121212,85.41666666666667,67.72727272727273,
1141,71.81818181818181,85.41666666666667,67.5,
1142,71.81818181818181,85.41666666666667,67.5,
1143,71.81818181818181,85.41666666666667,67.5,
1144,72.12121212121212,85.41666666666667,67.72727272727273,
1145,72.12121212121212,85.41666666666667,67.72727272727273,
1146,72.12121212121212,85.41666666666667,67.72727272727273,
1147,71.81818181818181,85.41666666666667,67.5,
1148,72.12121212121212,85.41666666666667,67.5,
1149,71.51515151515152,85.41666666666667,67.5,
1150,71.81818181818181,85.41666666666667,67.5,
1151,71.51515151515152,85.41666666666667,67.5,
1152,71.81818181818181,85.41666666666667,67.5,
1153,71.81818181818181,85.41666666666667,67.5,
1154,71.81818181818181,85.41666666666667,67.5,
1155,71.81818181818181,85.41666666666667,67.5,
1156,71.81818181818181,85.41666666666667,67.5,
1157,72.42424242424242,85.9375,67.5,
1158,72.42424242424242,85.9375,67.5,
1159,72.42424242424242,85.9375,67.5,
1160,72.42424242424242,85.9375,67.5,
1161,72.42424242424242,85.9375,67.5,
1162,72.42424242424242,85.9375,67.5,
1163,72.42424242424242,85.9375,67.72727272727273,
1164,72.12121212121212,85.9375,67.72727272727273,
1165,72.12121212121212,85.9375,67.72727272727273,
1166,72.12121212121212,85.9375,67.5,
1167,72.12121212121212,85.9375,67.5,
1168,72.12121212121212,85.9375,67.27272727272727,
1169,72.12121212121212,85.9375,67.72727272727273,
1170,72.42424242424242,85.9375,67.5,
1171,72.42424242424242,85.9375,67.5,
1172,72.42424242424242,85.9375,67.72727272727273,
1173,72.42424242424242,85.9375,67.72727272727273,
1174,72.42424242424242,85.41666666666667,67.72727272727273,
1175,72.42424242424242,85.9375,67.72727272727273,
1176,72.42424242424242,85.9375,67.72727272727273,
1177,72.42424242424242,85.9375,67.72727272727273,
1178,72.72727272727273,85.9375,67.95454545454545,
1179,72.72727272727273,85.9375,67.72727272727273,
1180,73.03030303030303,85.9375,67.72727272727273,
1181,73.03030303030303,85.9375,67.95454545454545,
1182,73.03030303030303,85.9375,67.95454545454545,
1183,73.03030303030303,85.9375,67.5,
1184,73.03030303030303,85.9375,67.72727272727273,
1185,73.03030303030303,85.9375,67.95454545454545,
1186,73.03030303030303,85.9375,67.72727272727273,
1187,73.03030303030303,85.9375,67.72727272727273,
1188,73.33333333333333,85.9375,67.72727272727273,
1189,73.33333333333333,85.9375,67.72727272727273,
1190,73.33333333333333,85.9375,68.18181818181819,
1191,73.33333333333333,85.9375,67.72727272727273,
1192,73.63636363636364,85.9375,67.72727272727273,
1193,73.63636363636364,85.9375,67.72727272727273,
1194,73.63636363636364,85.9375,67.72727272727273,
1195,73.03030303030303,85.9375,67.95454545454545,
1196,73.33333333333333,85.9375,67.95454545454545,
1197,73.33333333333333,85.9375,67.95454545454545,
1198,73.33333333333333,85.9375,67.72727272727273,
1199,73.33333333333333,85.9375,67.72727272727273,
1200,73.33333333333333,85.9375,67.72727272727273,
1201,73.33333333333333,85.9375,67.72727272727273,
1202,73.63636363636364,85.9375,67.95454545454545,
1203,73.63636363636364,85.9375,68.18181818181819,
1204,73.33333333333333,85.9375,68.18181818181819,
1205,73.63636363636364,85.9375,68.18181818181819,
1206,73.63636363636364,85.9375,68.18181818181819,
1207,73.63636363636364,85.9375,68.18181818181819,
1208,73.93939393939394,85.9375,68.18181818181819,
1209,73.93939393939394,85.9375,68.18181818181819,
1210,73.93939393939394,85.9375,68.18181818181819,
1211,73.93939393939394,85.9375,68.4090909090909,
1212,73.93939393939394,85.9375,68.18181818181819,
1213,73.93939393939394,85.9375,68.4090909090909,
1214,73.93939393939394,85.9375,68.4090909090909,
1215,73.63636363636364,85.9375,68.86363636363636,
1216,73.63636363636364,85.9375,68.86363636363636,
1217,73.63636363636364,85.9375,68.86363636363636,
1218,73.63636363636364,85.9375,68.86363636363636,
1219,73.63636363636364,85.9375,68.86363636363636,
1220,73.93939393939394,85.9375,68.86363636363636,
1221,73.93939393939394,85.9375,68.63636363636364,
1222,73.93939393939394,85.9375,68.86363636363636,
1223,73.93939393939394,85.9375,68.63636363636364,
1224,73.93939393939394,85.9375,68.63636363636364,
1225,73.93939393939394,85.9375,68.4090909090909,
1226,73.93939393939394,85.9375,68.4090909090909,
1227,73.93939393939394,85.9375,68.18181818181819,
1228,73.93939393939394,85.9375,68.18181818181819,
1229,73.93939393939394,85.9375,68.18181818181819,
1230,73.93939393939394,85.9375,68.4090909090909,
1231,73.93939393939394,85.9375,68.4090909090909,
1232,73.93939393939394,85.9375,68.4090909090909,
1233,73.93939393939394,85.9375,68.4090909090909,
1234,73.93939393939394,85.9375,68.4090909090909,
1235,73.63636363636364,85.9375,68.4090909090909,
1236,73.93939393939394,85.9375,68.4090909090909,
1237,73.33333333333333,85.9375,68.18181818181819,
1238,73.33333333333333,85.9375,68.4090909090909,
1239,73.33333333333333,85.9375,68.63636363636364,
1240,73.03030303030303,85.9375,68.63636363636364,
1241,73.33333333333333,85.9375,68.63636363636364,
1242,73.03030303030303,85.9375,68.86363636363636,
1243,73.33333333333333,85.9375,68.18181818181819,
1244,73.03030303030303,85.9375,68.63636363636364,
1245,73.03030303030303,85.9375,68.4090909090909,
1246,73.33333333333333,85.9375,68.4090909090909,
1247,73.33333333333333,85.9375,68.18181818181819,
1248,73.33333333333333,85.9375,68.18181818181819,
1249,73.33333333333333,85.9375,68.18181818181819,
1250,73.63636363636364,85.9375,68.4090909090909,
1251,73.63636363636364,85.9375,68.4090909090909,
1252,73.33333333333333,85.9375,68.4090909090909,
1253,73.33333333333333,85.9375,68.4090909090909,
1254,73.63636363636364,85.9375,68.4090909090909,
1255,73.63636363636364,85.9375,68.4090909090909,
1256,73.63636363636364,85.9375,68.4090909090909,
1257,73.63636363636364,85.9375,68.4090909090909,
1258,73.63636363636364,85.9375,68.4090909090909,
1259,73.63636363636364,85.9375,68.4090909090909,
1260,73.93939393939394,85.9375,68.4090909090909,
1261,73.63636363636364,85.9375,68.4090909090909,
1262,73.63636363636364,85.9375,68.4090909090909,
1263,73.93939393939394,85.9375,68.4090909090909,
1264,73.93939393939394,85.9375,68.4090909090909,
1265,73.93939393939394,85.9375,68.4090909090909,
1266,73.93939393939394,85.9375,68.4090909090909,
1267,73.93939393939394,85.9375,68.4090909090909,
1268,73.93939393939394,85.9375,68.4090909090909,
1269,74.24242424242425,85.9375,68.4090909090909,
1270,74.24242424242425,85.9375,68.63636363636364,
1271,74.24242424242425,85.9375,68.63636363636364,
1272,73.93939393939394,85.9375,68.4090909090909,
1273,73.93939393939394,85.9375,68.4090909090909,
1274,73.93939393939394,85.9375,68.4090909090909,
1275,73.93939393939394,85.9375,68.4090909090909,
1276,73.93939393939394,85.9375,68.63636363636364,
1277,73.93939393939394,85.9375,68.4090909090909,
1278,73.63636363636364,85.9375,68.63636363636364,
1279,73.63636363636364,85.9375,68.4090909090909,
1280,73.63636363636364,85.9375,68.4090909090909,
1281,73.63636363636364,85.9375,68.4090909090909,
1282,73.63636363636364,85.9375,68.4090909090909,
1283,73.93939393939394,85.9375,68.4090909090909,
1284,73.33333333333333,85.9375,68.18181818181819,
1285,73.93939393939394,85.9375,68.63636363636364,
1286,73.63636363636364,85.9375,68.63636363636364,
1287,73.63636363636364,85.9375,67.95454545454545,
1288,73.63636363636364,85.9375,68.18181818181819,
1289,73.63636363636364,85.9375,68.4090909090909,
1290,73.93939393939394,85.9375,68.18181818181819,
1291,74.24242424242425,85.9375,68.4090909090909,
1292,73.93939393939394,85.9375,67.95454545454545,
1293,73.93939393939394,85.9375,67.95454545454545,
1294,73.33333333333333,85.9375,67.95454545454545,
1295,73.03030303030303,85.9375,68.18181818181819,
1296,73.33333333333333,85.9375,68.18181818181819,
1297,73.63636363636364,85.9375,67.95454545454545,
1298,73.93939393939394,85.9375,68.18181818181819,
1299,73.93939393939394,85.9375,68.18181818181819,
1300,73.93939393939394,85.9375,68.18181818181819,
1301,74.24242424242425,85.9375,68.18181818181819,
1302,73.93939393939394,85.9375,68.18181818181819,
1303,73.93939393939394,85.9375,68.4090909090909,
1304,74.24242424242425,85.9375,68.18181818181819,
1305,74.24242424242425,85.9375,68.18181818181819,
1306,74.24242424242425,85.9375,68.4090909090909,
1307,74.24242424242425,85.9375,68.4090909090909,
1308,74.24242424242425,85.9375,68.4090909090909,
1309,74.24242424242425,85.9375,68.4090909090909,
1310,73.93939393939394,85.9375,68.4090909090909,
1311,73.93939393939394,85.9375,68.4090909090909,
1312,73.93939393939394,85.9375,68.4090909090909,
1313,73.93939393939394,85.9375,68.63636363636364,
1314,73.93939393939394,85.9375,68.4090909090909,
1315,73.93939393939394,85.9375,68.4090909090909,
1316,74.24242424242425,85.9375,68.63636363636364,
1317,73.93939393939394,85.9375,68.63636363636364,
1318,73.93939393939394,85.9375,68.4090909090909,
1319,73.93939393939394,85.9375,68.4090909090909,
1320,73.93939393939394,85.9375,68.4090909090909,
1321,73.93939393939394,85.9375,68.4090909090909,
1322,73.93939393939394,85.9375,68.4090909090909,
1323,73.63636363636364,85.9375,68.63636363636364,
1324,73.93939393939394,85.9375,68.63636363636364,
1325,73.93939393939394,85.9375,68.63636363636364,
1326,73.93939393939394,85.9375,68.63636363636364,
1327,73.93939393939394,85.9375,68.63636363636364,
1328,73.93939393939394,85.9375,68.63636363636364,
1329,73.93939393939394,85.9375,68.63636363636364,
1330,73.93939393939394,85.9375,68.63636363636364,
1331,73.93939393939394,85.9375,68.63636363636364,
1332,73.93939393939394,85.9375,68.63636363636364,
1333,73.93939393939394,85.9375,68.63636363636364,
1334,73.93939393939394,85.9375,68.63636363636364,
1335,73.93939393939394,85.9375,68.63636363636364,
1336,73.93939393939394,85.9375,68.63636363636364,
1337,73.93939393939394,85.9375,68.4090909090909,
1338,73.93939393939394,85.9375,68.4090909090909,
1339,73.93939393939394,85.9375,68.4090909090909,
1340,73.93939393939394,85.9375,68.4090909090909,
1341,73.93939393939394,85.9375,68.4090909090909,
1342,73.93939393939394,85.9375,68.4090909090909,
1343,73.93939393939394,85.9375,68.4090909090909,
1344,73.93939393939394,85.9375,68.4090909090909,
1345,73.93939393939394,85.9375,68.4090909090909,
1346,73.93939393939394,85.9375,68.4090909090909,
1347,73.93939393939394,85.9375,68.4090909090909,
1348,73.93939393939394,85.9375,68.4090909090909,
1349,73.93939393939394,85.9375,68.63636363636364,
1350,74.24242424242425,85.9375,68.63636363636364,
1351,74.24242424242425,85.9375,68.63636363636364,
1352,74.24242424242425,85.9375,68.63636363636364,
1353,73.63636363636364,85.9375,68.63636363636364,
1354,73.93939393939394,85.9375,68.63636363636364,
1355,73.93939393939394,85.9375,68.63636363636364,
1356,73.63636363636364,85.9375,68.63636363636364,
1357,73.63636363636364,85.9375,68.63636363636364,
1358,73.63636363636364,85.9375,68.63636363636364,
1359,73.63636363636364,85.9375,68.63636363636364,
1360,73.93939393939394,85.9375,68.4090909090909,
1361,73.63636363636364,85.9375,68.63636363636364,
1362,73.63636363636364,85.9375,68.63636363636364,
1363,73.63636363636364,85.9375,68.63636363636364,
1364,73.93939393939394,85.9375,68.63636363636364,
1365,73.63636363636364,85.9375,68.63636363636364,
1366,73.63636363636364,85.9375,68.63636363636364,
1367,73.63636363636364,85.9375,68.63636363636364,
1368,73.63636363636364,85.9375,68.63636363636364,
1369,73.63636363636364,85.9375,68.63636363636364,
1370,73.63636363636364,85.9375,68.63636363636364,
1371,73.93939393939394,85.9375,68.4090909090909,
1372,73.93939393939394,85.41666666666667,68.4090909090909,
1373,73.93939393939394,85.9375,68.63636363636364,
1374,73.93939393939394,85.9375,68.63636363636364,
1375,73.93939393939394,85.9375,68.63636363636364,
1376,73.63636363636364,85.9375,68.63636363636364,
1377,73.93939393939394,85.9375,68.4090909090909,
1378,73.93939393939394,85.41666666666667,68.63636363636364,
1379,73.63636363636364,85.9375,68.63636363636364,
1380,73.93939393939394,85.9375,68.4090909090909,
1381,74.24242424242425,85.9375,68.63636363636364,
1382,74.24242424242425,85.9375,69.0909090909091,
1383,74.24242424242425,85.9375,68.86363636363636,
1384,74.24242424242425,85.9375,68.86363636363636,
1385,74.24242424242425,85.9375,68.86363636363636,
1386,74.24242424242425,85.9375,68.86363636363636,
1387,74.24242424242425,85.9375,68.86363636363636,
1388,73.93939393939394,85.9375,68.86363636363636,
1389,73.93939393939394,85.9375,68.86363636363636,
1390,73.93939393939394,85.9375,68.86363636363636,
1391,73.93939393939394,85.9375,68.86363636363636,
1392,73.93939393939394,85.9375,68.63636363636364,
1393,73.93939393939394,85.9375,68.63636363636364,
1394,73.93939393939394,85.41666666666667,68.86363636363636,
1395,73.93939393939394,85.41666666666667,68.86363636363636,
1396,74.24242424242425,85.41666666666667,68.86363636363636,
1397,73.93939393939394,85.41666666666667,68.86363636363636,
1398,74.24242424242425,85.41666666666667,68.86363636363636,
1399,73.93939393939394,85.41666666666667,68.86363636363636,
1400,73.93939393939394,85.41666666666667,68.86363636363636,
1401,73.93939393939394,85.41666666666667,68.86363636363636,
1402,73.93939393939394,85.41666666666667,68.86363636363636,
1403,73.93939393939394,85.41666666666667,69.0909090909091,
1404,73.93939393939394,85.41666666666667,69.0909090909091,
1405,73.93939393939394,85.41666666666667,69.0909090909091,
1406,73.93939393939394,85.41666666666667,69.0909090909091,
1407,73.93939393939394,85.41666666666667,69.0909090909091,
1408,73.93939393939394,85.41666666666667,69.0909090909091,
1409,73.93939393939394,85.41666666666667,69.0909090909091,
1410,73.93939393939394,85.9375,69.0909090909091,
1411,73.93939393939394,85.9375,69.0909090909091,
1412,73.93939393939394,85.41666666666667,69.0909090909091,
1413,73.93939393939394,85.41666666666667,69.31818181818181,
1414,73.93939393939394,85.9375,69.31818181818181,
1415,73.93939393939394,85.9375,69.31818181818181,
1416,73.93939393939394,85.9375,69.31818181818181,
1417,73.93939393939394,85.41666666666667,69.31818181818181,
1418,73.93939393939394,85.9375,69.31818181818181,
1419,73.93939393939394,85.9375,69.31818181818181,
1420,73.93939393939394,85.9375,69.31818181818181,
1421,73.93939393939394,85.9375,69.31818181818181,
1422,73.93939393939394,85.9375,69.31818181818181,
1423,73.93939393939394,85.9375,69.31818181818181,
1424,73.93939393939394,85.9375,69.31818181818181,
1425,73.93939393939394,85.9375,69.31818181818181,
1426,73.93939393939394,85.9375,69.31818181818181,
1427,73.93939393939394,85.9375,69.31818181818181,
1428,73.93939393939394,85.41666666666667,69.31818181818181,
1429,73.93939393939394,85.9375,69.31818181818181,
1430,73.93939393939394,85.9375,69.31818181818181,
1431,73.93939393939394,85.9375,69.31818181818181,
1432,73.93939393939394,85.41666666666667,69.0909090909091,
1433,73.93939393939394,85.41666666666667,69.0909090909091,
1434,74.24242424242425,85.41666666666667,69.31818181818181,
1435,74.24242424242425,85.41666666666667,69.0909090909091,
1436,74.24242424242425,85.41666666666667,69.0909090909091,
1437,74.24242424242425,85.41666666666667,69.0909090909091,
1438,74.24242424242425,85.41666666666667,69.0909090909091,
1439,74.24242424242425,85.41666666666667,69.0909090909091,
1440,74.24242424242425,85.41666666666667,69.0909090909091,
1441,74.24242424242425,85.41666666666667,69.31818181818181,
1442,74.24242424242425,85.41666666666667,69.54545454545455,
1443,74.24242424242425,85.41666666666667,69.54545454545455,
1444,74.24242424242425,85.41666666666667,69.54545454545455,
1445,74.24242424242425,85.41666666666667,69.54545454545455,
1446,74.24242424242425,85.41666666666667,69.54545454545455,
1447,73.93939393939394,85.9375,69.54545454545455,
1448,74.24242424242425,86.45833333333333,69.54545454545455,
1449,74.24242424242425,86.45833333333333,69.54545454545455,
1450,74.24242424242425,86.45833333333333,69.31818181818181,
1451,74.24242424242425,86.45833333333333,69.31818181818181,
1452,73.93939393939394,86.45833333333333,69.54545454545455,
1453,74.24242424242425,85.41666666666667,69.54545454545455,
1454,74.24242424242425,85.9375,69.54545454545455,
1455,74.24242424242425,85.9375,69.54545454545455,
1456,74.54545454545455,85.9375,69.54545454545455,
1457,74.54545454545455,85.9375,69.54545454545455,
1458,74.54545454545455,85.9375,69.54545454545455,
1459,74.54545454545455,85.9375,69.54545454545455,
1460,74.54545454545455,85.9375,69.54545454545455,
1461,74.24242424242425,85.9375,69.54545454545455,
1462,74.24242424242425,85.9375,69.54545454545455,
1463,74.24242424242425,85.9375,69.54545454545455,
1464,74.24242424242425,85.9375,69.31818181818181,
1465,74.24242424242425,85.9375,69.77272727272727,
1466,74.24242424242425,85.9375,69.31818181818181,
1467,74.54545454545455,85.9375,69.77272727272727,
1468,74.24242424242425,85.9375,69.77272727272727,
1469,74.24242424242425,85.9375,69.31818181818181,
1470,74.24242424242425,85.9375,69.77272727272727,
1471,74.54545454545455,85.9375,69.54545454545455,
1472,74.24242424242425,85.9375,69.54545454545455,
1473,74.24242424242425,85.9375,69.31818181818181,
1474,74.24242424242425,85.9375,69.31818181818181,
1475,74.24242424242425,85.9375,69.54545454545455,
1476,74.24242424242425,85.9375,69.31818181818181,
1477,74.24242424242425,85.9375,69.54545454545455,
1478,74.24242424242425,85.9375,69.31818181818181,
1479,74.24242424242425,85.9375,69.54545454545455,
1480,74.24242424242425,85.9375,69.54545454545455,
1481,74.24242424242425,85.9375,69.77272727272727,
1482,74.24242424242425,85.9375,69.77272727272727,
1483,74.24242424242425,85.9375,69.77272727272727,
1484,74.24242424242425,85.9375,70.0,
1485,74.24242424242425,85.9375,70.0,
1486,74.24242424242425,85.9375,70.0,
1487,74.24242424242425,85.9375,70.0,
1488,74.24242424242425,85.9375,70.0,
1489,74.24242424242425,85.9375,70.0,
1490,74.24242424242425,85.9375,69.77272727272727,
1491,74.24242424242425,85.9375,69.77272727272727,
1492,74.24242424242425,85.9375,70.0,
1493,74.24242424242425,85.9375,69.77272727272727,
1494,74.24242424242425,85.9375,69.54545454545455,
1495,74.24242424242425,85.9375,69.77272727272727,
1496,74.54545454545455,85.9375,70.0,
1497,74.24242424242425,85.9375,70.0,
1498,74.54545454545455,86.45833333333333,70.0,
1499,74.24242424242425,86.97916666666667,69.77272727272727,
1500,74.54545454545455,86.97916666666667,69.77272727272727,83.88278388278388
1501,74.54545454545455,86.97916666666667,69.77272727272727,83.88278388278388
1502,74.24242424242425,86.97916666666667,69.77272727272727,83.88278388278388
1503,74.54545454545455,86.97916666666667,69.77272727272727,83.88278388278388
1504,74.54545454545455,86.97916666666667,69.77272727272727,83.88278388278388
1505,74.54545454545455,86.97916666666667,69.54545454545455,83.88278388278388
1506,74.54545454545455,86.97916666666667,69.54545454545455,84.24908424908425
1507,74.54545454545455,86.97916666666667,69.54545454545455,84.24908424908425
1508,74.84848484848484,86.97916666666667,69.77272727272727,84.61538461538461
1509,74.54545454545455,86.97916666666667,69.77272727272727,84.61538461538461
1510,74.84848484848484,87.5,69.77272727272727,84.61538461538461
1511,75.15151515151516,87.5,69.77272727272727,84.61538461538461
1512,75.15151515151516,87.5,69.77272727272727,84.61538461538461
1513,75.15151515151516,87.5,69.77272727272727,84.61538461538461
1514,75.15151515151516,86.97916666666667,69.77272727272727,84.61538461538461
1515,75.15151515151516,86.97916666666667,69.77272727272727,84.61538461538461
1516,75.15151515151516,87.5,69.77272727272727,84.61538461538461
1517,75.15151515151516,86.97916666666667,69.77272727272727,84.61538461538461
1518,75.15151515151516,86.97916666666667,69.77272727272727,84.61538461538461
1519,75.15151515151516,86.97916666666667,69.77272727272727,84.61538461538461
1520,75.15151515151516,86.97916666666667,69.77272727272727,84.61538461538461
1521,75.45454545454545,86.97916666666667,69.77272727272727,84.61538461538461
1522,75.45454545454545,87.5,69.77272727272727,84.61538461538461
1523,75.45454545454545,87.5,69.31818181818181,84.61538461538461
1524,75.45454545454545,88.02083333333333,69.0909090909091,84.61538461538461
1525,75.75757575757575,88.02083333333333,69.0909090909091,84.98168498168498
1526,76.06060606060606,88.02083333333333,69.0909090909091,86.44688644688645
1527,75.75757575757575,88.02083333333333,69.0909090909091,85.71428571428571
1528,75.75757575757575,88.02083333333333,69.0909090909091,86.08058608058609
1529,76.06060606060606,88.02083333333333,69.0909090909091,86.08058608058609
1530,76.06060606060606,88.02083333333333,69.0909090909091,86.08058608058609
1531,76.06060606060606,88.02083333333333,69.0909090909091,86.44688644688645
1532,76.06060606060606,88.02083333333333,69.31818181818181,86.44688644688645
1533,76.06060606060606,88.02083333333333,69.31818181818181,86.08058608058609
1534,76.06060606060606,88.02083333333333,69.31818181818181,86.44688644688645
1535,76.06060606060606,88.02083333333333,69.31818181818181,86.44688644688645
1536,76.06060606060606,88.02083333333333,69.31818181818181,86.08058608058609
1537,76.06060606060606,88.02083333333333,69.31818181818181,86.08058608058609
1538,76.06060606060606,88.02083333333333,69.31818181818181,86.08058608058609
1539,76.06060606060606,88.02083333333333,69.31818181818181,86.08058608058609
1540,76.06060606060606,88.02083333333333,69.31818181818181,86.08058608058609
1541,76.06060606060606,88.02083333333333,69.31818181818181,86.08058608058609
1542,76.06060606060606,88.02083333333333,69.31818181818181,86.08058608058609
1543,76.06060606060606,88.02083333333333,69.54545454545455,86.08058608058609
1544,76.06060606060606,88.02083333333333,69.54545454545455,86.08058608058609
1545,76.06060606060606,88.02083333333333,69.54545454545455,86.08058608058609
1546,76.06060606060606,88.02083333333333,69.54545454545455,86.08058608058609
1547,76.06060606060606,88.02083333333333,69.54545454545455,86.08058608058609
1548,76.06060606060606,88.02083333333333,69.54545454545455,86.08058608058609
1549,76.06060606060606,88.02083333333333,69.54545454545455,86.08058608058609
1550,76.06060606060606,88.02083333333333,69.54545454545455,86.08058608058609
1551,76.36363636363636,88.02083333333333,69.54545454545455,86.08058608058609
1552,76.66666666666667,88.02083333333333,69.54545454545455,86.08058608058609
1553,76.36363636363636,88.02083333333333,69.54545454545455,86.08058608058609
1554,76.36363636363636,88.02083333333333,69.54545454545455,86.08058608058609
1555,76.36363636363636,88.02083333333333,69.31818181818181,86.08058608058609
1556,76.36363636363636,88.02083333333333,69.54545454545455,86.44688644688645
1557,76.36363636363636,88.02083333333333,69.54545454545455,86.44688644688645
1558,76.36363636363636,88.02083333333333,69.54545454545455,86.08058608058609
1559,76.36363636363636,88.02083333333333,69.54545454545455,86.44688644688645
1560,76.36363636363636,88.02083333333333,69.54545454545455,86.44688644688645
1561,76.36363636363636,88.02083333333333,69.54545454545455,86.44688644688645
1562,76.36363636363636,88.02083333333333,69.31818181818181,86.08058608058609
1563,76.06060606060606,88.02083333333333,69.54545454545455,86.44688644688645
1564,76.06060606060606,88.02083333333333,69.54545454545455,86.44688644688645
1565,76.36363636363636,88.02083333333333,69.31818181818181,86.44688644688645
1566,76.06060606060606,88.54166666666667,69.31818181818181,86.44688644688645
1567,76.06060606060606,88.54166666666667,69.31818181818181,86.44688644688645
1568,76.06060606060606,88.02083333333333,69.0909090909091,86.44688644688645
1569,76.06060606060606,88.02083333333333,69.31818181818181,86.81318681318682
1570,76.06060606060606,88.02083333333333,69.31818181818181,86.81318681318682
1571,76.06060606060606,88.02083333333333,69.31818181818181,86.81318681318682
1572,76.06060606060606,88.02083333333333,69.31818181818181,86.81318681318682
1573,76.06060606060606,88.02083333333333,69.31818181818181,86.81318681318682
1574,76.06060606060606,88.02083333333333,69.31818181818181,86.81318681318682
1575,76.36363636363636,88.02083333333333,69.31818181818181,86.81318681318682
1576,76.36363636363636,88.02083333333333,69.31818181818181,87.17948717948718
1577,76.36363636363636,88.02083333333333,69.31818181818181,87.17948717948718
1578,76.36363636363636,88.02083333333333,69.31818181818181,86.81318681318682
1579,76.36363636363636,88.02083333333333,69.31818181818181,86.81318681318682
1580,76.36363636363636,88.02083333333333,69.31818181818181,86.81318681318682
1581,76.36363636363636,88.02083333333333,69.31818181818181,86.81318681318682
1582,76.06060606060606,88.02083333333333,69.0909090909091,86.81318681318682
1583,76.06060606060606,88.02083333333333,69.0909090909091,86.81318681318682
1584,76.06060606060606,88.02083333333333,69.0909090909091,86.81318681318682
1585,76.06060606060606,88.02083333333333,69.0909090909091,86.81318681318682
1586,76.06060606060606,88.02083333333333,68.86363636363636,86.81318681318682
1587,76.06060606060606,88.02083333333333,68.86363636363636,86.81318681318682
1588,76.06060606060606,88.02083333333333,69.0909090909091,86.81318681318682
1589,76.06060606060606,87.5,69.0909090909091,86.81318681318682
1590,76.06060606060606,87.5,68.86363636363636,86.81318681318682
1591,76.06060606060606,87.5,69.0909090909091,86.81318681318682
1592,76.06060606060606,87.5,68.86363636363636,86.81318681318682
1593,76.36363636363636,88.02083333333333,68.86363636363636,87.17948717948718
1594,76.06060606060606,87.5,68.86363636363636,86.81318681318682
1595,76.06060606060606,88.02083333333333,68.86363636363636,87.17948717948718
1596,76.36363636363636,88.02083333333333,68.86363636363636,86.81318681318682
1597,76.36363636363636,88.02083333333333,68.63636363636364,86.81318681318682
1598,76.36363636363636,87.5,68.86363636363636,87.17948717948718
1599,76.36363636363636,88.02083333333333,68.86363636363636,87.17948717948718
1600,76.36363636363636,88.02083333333333,68.63636363636364,86.81318681318682
1601,76.36363636363636,88.02083333333333,68.63636363636364,87.17948717948718
1602,76.36363636363636,88.02083333333333,68.63636363636364,87.54578754578755
1603,76.36363636363636,88.02083333333333,68.63636363636364,87.54578754578755
1604,76.36363636363636,88.02083333333333,68.63636363636364,87.54578754578755
1605,76.36363636363636,88.02083333333333,68.63636363636364,87.54578754578755
1606,76.36363636363636,88.02083333333333,68.63636363636364,87.54578754578755
1607,76.36363636363636,88.02083333333333,68.63636363636364,87.54578754578755
1608,76.36363636363636,88.02083333333333,68.63636363636364,87.91208791208791
1609,76.36363636363636,88.02083333333333,68.63636363636364,87.17948717948718
1610,76.36363636363636,88.02083333333333,68.63636363636364,87.54578754578755
1611,76.36363636363636,88.02083333333333,68.63636363636364,87.17948717948718
1612,76.36363636363636,88.02083333333333,68.4090909090909,87.54578754578755
1613,76.36363636363636,88.02083333333333,68.4090909090909,87.91208791208791
1614,76.36363636363636,88.02083333333333,68.4090909090909,87.54578754578755
1615,76.36363636363636,88.02083333333333,68.4090909090909,87.54578754578755
1616,76.36363636363636,88.02083333333333,68.63636363636364,87.91208791208791
1617,76.36363636363636,88.02083333333333,68.4090909090909,87.54578754578755
1618,76.36363636363636,88.02083333333333,68.63636363636364,87.54578754578755
1619,76.66666666666667,88.02083333333333,68.63636363636364,87.54578754578755
1620,76.36363636363636,88.02083333333333,68.63636363636364,87.54578754578755
1621,76.36363636363636,88.02083333333333,68.63636363636364,87.54578754578755
1622,76.66666666666667,88.02083333333333,68.63636363636364,87.54578754578755
1623,76.66666666666667,88.02083333333333,68.63636363636364,87.54578754578755
1624,76.66666666666667,88.02083333333333,68.63636363636364,87.91208791208791
1625,76.66666666666667,88.02083333333333,68.63636363636364,87.91208791208791
1626,76.96969696969697,88.02083333333333,68.63636363636364,87.91208791208791
1627,76.96969696969697,88.02083333333333,68.63636363636364,87.91208791208791
1628,76.96969696969697,88.02083333333333,68.4090909090909,87.91208791208791
1629,76.66666666666667,88.02083333333333,68.4090909090909,87.54578754578755
1630,76.96969696969697,88.02083333333333,68.4090909090909,87.54578754578755
1631,76.96969696969697,88.02083333333333,68.63636363636364,87.91208791208791
1632,76.96969696969697,88.02083333333333,68.4090909090909,87.91208791208791
1633,76.96969696969697,88.02083333333333,68.4090909090909,87.91208791208791
1634,76.66666666666667,88.02083333333333,68.4090909090909,87.91208791208791
1635,76.66666666666667,88.02083333333333,68.4090909090909,87.54578754578755
1636,76.96969696969697,88.02083333333333,68.4090909090909,87.91208791208791
1637,76.96969696969697,88.02083333333333,68.4090909090909,88.27838827838828
1638,76.96969696969697,88.02083333333333,68.4090909090909,88.27838827838828
1639,76.96969696969697,88.02083333333333,68.4090909090909,88.27838827838828
1640,76.96969696969697,88.02083333333333,68.4090909090909,87.91208791208791
1641,76.96969696969697,88.02083333333333,68.4090909090909,87.91208791208791
1642,77.27272727272727,88.02083333333333,68.18181818181819,87.91208791208791
1643,77.27272727272727,88.02083333333333,68.4090909090909,87.91208791208791
1644,77.27272727272727,88.02083333333333,68.4090909090909,87.91208791208791
1645,77.27272727272727,88.02083333333333,68.63636363636364,87.91208791208791
1646,77.27272727272727,88.02083333333333,68.18181818181819,87.91208791208791
1647,77.27272727272727,88.54166666666667,68.18181818181819,87.91208791208791
1648,77.27272727272727,88.54166666666667,68.18181818181819,87.91208791208791
1649,77.27272727272727,88.54166666666667,68.18181818181819,87.91208791208791
1650,77.27272727272727,88.02083333333333,68.18181818181819,87.91208791208791
1651,77.27272727272727,88.54166666666667,68.4090909090909,87.91208791208791
1652,77.27272727272727,88.54166666666667,68.18181818181819,87.91208791208791
1653,77.27272727272727,89.0625,68.18181818181819,88.64468864468864
1654,77.27272727272727,88.54166666666667,68.18181818181819,87.91208791208791
1655,77.27272727272727,88.54166666666667,68.18181818181819,87.91208791208791
1656,77.27272727272727,88.54166666666667,68.18181818181819,88.27838827838828
1657,77.27272727272727,88.02083333333333,68.18181818181819,87.91208791208791
1658,77.27272727272727,88.02083333333333,68.18181818181819,87.91208791208791
1659,77.27272727272727,88.02083333333333,68.18181818181819,88.27838827838828
1660,77.27272727272727,88.02083333333333,68.18181818181819,88.27838827838828
1661,77.27272727272727,88.02083333333333,68.18181818181819,88.27838827838828
1662,77.27272727272727,88.02083333333333,68.18181818181819,88.27838827838828
1663,77.27272727272727,88.02083333333333,67.95454545454545,88.27838827838828
1664,77.27272727272727,88.54166666666667,68.18181818181819,88.27838827838828
1665,76.96969696969697,88.02083333333333,67.95454545454545,88.27838827838828
1666,77.27272727272727,88.02083333333333,67.95454545454545,88.27838827838828
1667,76.96969696969697,88.02083333333333,67.95454545454545,88.27838827838828
1668,77.27272727272727,88.02083333333333,67.95454545454545,88.27838827838828
1669,76.96969696969697,88.02083333333333,68.18181818181819,87.91208791208791
1670,76.96969696969697,88.02083333333333,68.4090909090909,87.91208791208791
1671,76.96969696969697,88.02083333333333,68.4090909090909,87.91208791208791
1672,76.96969696969697,88.02083333333333,68.4090909090909,87.91208791208791
1673,76.96969696969697,88.02083333333333,68.4090909090909,87.91208791208791
1674,76.96969696969697,88.02083333333333,68.4090909090909,87.91208791208791
1675,76.96969696969697,88.02083333333333,68.4090909090909,87.91208791208791
1676,76.96969696969697,88.02083333333333,68.4090909090909,87.91208791208791
1677,76.96969696969697,88.02083333333333,68.4090909090909,87.91208791208791
1678,76.96969696969697,88.02083333333333,68.4090909090909,87.91208791208791
1679,76.96969696969697,88.02083333333333,68.4090909090909,87.91208791208791
1680,76.96969696969697,88.02083333333333,68.4090909090909,88.27838827838828
1681,76.96969696969697,88.02083333333333,68.4090909090909,88.27838827838828
1682,76.96969696969697,88.02083333333333,67.95454545454545,88.27838827838828
1683,76.96969696969697,88.02083333333333,68.18181818181819,88.27838827838828
1684,76.96969696969697,88.02083333333333,68.18181818181819,88.27838827838828
1685,76.96969696969697,88.02083333333333,67.95454545454545,88.27838827838828
1686,76.96969696969697,88.02083333333333,67.95454545454545,88.27838827838828
1687,76.96969696969697,88.02083333333333,67.95454545454545,88.27838827838828
1688,77.27272727272727,88.02083333333333,67.72727272727273,88.64468864468864
1689,77.27272727272727,88.02083333333333,67.5,88.64468864468864
1690,76.96969696969697,87.5,67.95454545454545,88.64468864468864
1691,76.96969696969697,87.5,67.95454545454545,88.64468864468864
1692,76.96969696969697,87.5,67.95454545454545,88.27838827838828
1693,76.96969696969697,87.5,67.95454545454545,88.27838827838828
1694,76.96969696969697,87.5,68.18181818181819,88.27838827838828
1695,76.96969696969697,87.5,67.95454545454545,88.64468864468864
1696,76.96969696969697,87.5,67.72727272727273,88.64468864468864
1697,76.96969696969697,87.5,67.72727272727273,88.64468864468864
1698,76.96969696969697,87.5,67.72727272727273,88.64468864468864
1699,76.96969696969697,87.5,67.95454545454545,88.64468864468864
1700,76.96969696969697,87.5,67.72727272727273,88.64468864468864
1701,77.27272727272727,88.02083333333333,67.95454545454545,88.64468864468864
1702,76.96969696969697,88.02083333333333,67.72727272727273,88.64468864468864
1703,76.96969696969697,88.02083333333333,67.72727272727273,88.64468864468864
1704,76.96969696969697,88.02083333333333,67.95454545454545,88.64468864468864
1705,76.96969696969697,88.02083333333333,68.18181818181819,88.64468864468864
1706,76.96969696969697,88.02083333333333,68.18181818181819,88.64468864468864
1707,76.96969696969697,88.02083333333333,68.18181818181819,88.64468864468864
1708,76.96969696969697,88.02083333333333,68.63636363636364,88.64468864468864
1709,76.96969696969697,87.5,68.4090909090909,88.64468864468864
1710,76.96969696969697,87.5,68.63636363636364,88.64468864468864
1711,76.96969696969697,87.5,68.63636363636364,88.64468864468864
1712,76.96969696969697,88.02083333333333,68.63636363636364,88.64468864468864
1713,76.96969696969697,88.02083333333333,68.63636363636364,88.27838827838828
1714,76.96969696969697,88.02083333333333,68.4090909090909,88.64468864468864
1715,76.96969696969697,88.02083333333333,68.4090909090909,88.27838827838828
1716,77.27272727272727,88.02083333333333,68.4090909090909,88.64468864468864
1717,77.27272727272727,88.02083333333333,68.4090909090909,88.64468864468864
1718,77.27272727272727,88.02083333333333,68.18181818181819,88.64468864468864
1719,77.27272727272727,88.02083333333333,68.18181818181819,88.64468864468864
1720,76.96969696969697,88.02083333333333,68.18181818181819,88.64468864468864
1721,76.96969696969697,88.02083333333333,68.4090909090909,88.27838827838828
1722,76.96969696969697,88.02083333333333,68.4090909090909,88.27838827838828
1723,76.96969696969697,88.02083333333333,68.4090909090909,88.64468864468864
1724,76.96969696969697,88.02083333333333,68.4090909090909,88.27838827838828
1725,76.96969696969697,88.02083333333333,68.4090909090909,88.64468864468864
1726,76.96969696969697,88.02083333333333,68.18181818181819,88.64468864468864
1727,76.96969696969697,88.02083333333333,68.4090909090909,88.64468864468864
1728,76.96969696969697,88.02083333333333,68.4090909090909,88.64468864468864
1729,76.96969696969697,88.02083333333333,68.4090909090909,88.27838827838828
1730,76.96969696969697,88.02083333333333,68.18181818181819,88.64468864468864
1731,76.96969696969697,88.02083333333333,68.18181818181819,88.64468864468864
1732,76.96969696969697,88.02083333333333,68.18181818181819,88.64468864468864
1733,76.96969696969697,88.02083333333333,68.18181818181819,88.64468864468864
1734,76.96969696969697,88.02083333333333,67.95454545454545,88.64468864468864
1735,76.96969696969697,88.02083333333333,67.95454545454545,88.64468864468864
1736,76.96969696969697,88.02083333333333,67.95454545454545,88.64468864468864
1737,76.96969696969697,88.02083333333333,67.95454545454545,88.64468864468864
1738,76.96969696969697,88.02083333333333,67.95454545454545,88.64468864468864
1739,76.96969696969697,88.02083333333333,68.18181818181819,88.64468864468864
1740,76.96969696969697,88.02083333333333,68.18181818181819,88.27838827838828
1741,76.96969696969697,88.02083333333333,67.95454545454545,88.64468864468864
1742,76.96969696969697,88.02083333333333,67.95454545454545,88.64468864468864
1743,76.96969696969697,88.02083333333333,67.95454545454545,88.64468864468864
1744,76.96969696969697,88.02083333333333,67.95454545454545,88.64468864468864
1745,77.27272727272727,88.02083333333333,67.95454545454545,88.64468864468864
1746,77.27272727272727,88.02083333333333,68.18181818181819,88.64468864468864
1747,77.27272727272727,88.02083333333333,67.95454545454545,88.64468864468864
1748,77.27272727272727,88.02083333333333,68.18181818181819,88.64468864468864
1749,77.27272727272727,88.02083333333333,68.18181818181819,88.64468864468864
1750,77.27272727272727,88.02083333333333,68.18181818181819,88.64468864468864
1751,77.27272727272727,88.02083333333333,67.95454545454545,88.64468864468864
1752,77.27272727272727,88.02083333333333,67.95454545454545,88.64468864468864
1753,76.96969696969697,88.02083333333333,67.95454545454545,88.64468864468864
1754,76.96969696969697,88.02083333333333,67.95454545454545,88.64468864468864
1755,77.27272727272727,88.02083333333333,67.95454545454545,88.64468864468864
1756,77.27272727272727,88.02083333333333,68.18181818181819,88.64468864468864
1757,77.27272727272727,88.02083333333333,68.18181818181819,88.64468864468864
1758,77.27272727272727,88.02083333333333,68.18181818181819,88.64468864468864
1759,77.27272727272727,88.02083333333333,68.18181818181819,88.64468864468864
1760,77.27272727272727,88.02083333333333,68.18181818181819,88.64468864468864
1761,77.27272727272727,88.02083333333333,68.18181818181819,88.64468864468864
1762,77.27272727272727,88.02083333333333,68.18181818181819,88.64468864468864
1763,77.57575757575758,88.02083333333333,68.18181818181819,88.64468864468864
1764,77.27272727272727,88.02083333333333,68.18181818181819,88.64468864468864
1765,77.57575757575758,88.02083333333333,68.18181818181819,88.64468864468864
1766,77.57575757575758,88.02083333333333,68.18181818181819,88.64468864468864
1767,77.57575757575758,88.02083333333333,68.18181818181819,88.64468864468864
1768,77.57575757575758,88.02083333333333,68.18181818181819,88.64468864468864
1769,77.57575757575758,88.02083333333333,68.18181818181819,88.64468864468864
1770,77.57575757575758,88.02083333333333,68.18181818181819,88.64468864468864
1771,77.57575757575758,88.02083333333333,68.18181818181819,88.64468864468864
1772,77.57575757575758,88.02083333333333,68.18181818181819,88.64468864468864
1773,77.57575757575758,88.02083333333333,68.18181818181819,88.64468864468864
1774,77.57575757575758,88.02083333333333,68.18181818181819,88.64468864468864
1775,77.57575757575758,88.02083333333333,68.18181818181819,88.64468864468864
1776,77.57575757575758,88.02083333333333,68.18181818181819,88.64468864468864
1777,77.57575757575758,88.02083333333333,68.4090909090909,88.64468864468864
1778,77.57575757575758,88.02083333333333,68.4090909090909,88.64468864468864
1779,77.57575757575758,88.02083333333333,68.18181818181819,88.64468864468864
1780,77.57575757575758,88.02083333333333,68.18181818181819,88.64468864468864
1781,77.57575757575758,88.02083333333333,68.18181818181819,88.64468864468864
1782,77.57575757575758,88.02083333333333,68.4090909090909,88.64468864468864
1783,77.57575757575758,88.02083333333333,68.4090909090909,88.64468864468864
1784,77.57575757575758,88.02083333333333,68.18181818181819,88.64468864468864
1785,77.57575757575758,88.02083333333333,68.4090909090909,88.64468864468864
1786,77.57575757575758,88.02083333333333,68.4090909090909,88.64468864468864
1787,77.57575757575758,88.02083333333333,68.4090909090909,88.64468864468864
1788,77.57575757575758,88.02083333333333,68.18181818181819,88.64468864468864
1789,77.57575757575758,88.02083333333333,68.18181818181819,88.64468864468864
1790,77.57575757575758,88.02083333333333,68.18181818181819,88.64468864468864
1791,77.87878787878788,88.02083333333333,68.18181818181819,88.64468864468864
1792,77.87878787878788,88.02083333333333,68.18181818181819,88.64468864468864
1793,77.57575757575758,88.02083333333333,68.4090909090909,88.64468864468864
1794,77.57575757575758,88.02083333333333,68.4090909090909,88.64468864468864
1795,78.18181818181819,88.02083333333333,68.4090909090909,88.64468864468864
1796,78.48484848484848,88.02083333333333,68.18181818181819,88.64468864468864
1797,77.57575757575758,88.02083333333333,68.18181818181819,88.64468864468864
1798,77.57575757575758,88.02083333333333,68.18181818181819,88.64468864468864
1799,77.57575757575758,88.02083333333333,68.18181818181819,88.64468864468864
1800,77.57575757575758,88.02083333333333,68.4090909090909,88.64468864468864
1801,77.87878787878788,88.02083333333333,68.4090909090909,88.64468864468864
1802,78.48484848484848,88.02083333333333,68.4090909090909,88.64468864468864
1803,78.48484848484848,88.02083333333333,68.4090909090909,88.64468864468864
1804,78.48484848484848,88.02083333333333,68.4090909090909,88.64468864468864
1805,78.48484848484848,88.02083333333333,68.4090909090909,88.64468864468864
1806,78.18181818181819,88.02083333333333,68.4090909090909,88.64468864468864
1807,78.18181818181819,88.02083333333333,68.4090909090909,88.64468864468864
1808,77.57575757575758,88.02083333333333,68.4090909090909,88.64468864468864
1809,78.18181818181819,88.02083333333333,68.4090909090909,88.64468864468864
1810,78.48484848484848,88.02083333333333,68.4090909090909,88.64468864468864
1811,78.18181818181819,88.02083333333333,68.4090909090909,88.64468864468864
1812,77.87878787878788,88.02083333333333,68.4090909090909,88.64468864468864
1813,78.18181818181819,88.02083333333333,68.4090909090909,88.64468864468864
1814,77.87878787878788,88.02083333333333,68.18181818181819,88.64468864468864
1815,78.48484848484848,88.02083333333333,68.18181818181819,88.64468864468864
1816,78.48484848484848,88.02083333333333,68.18181818181819,88.64468864468864
1817,78.48484848484848,88.02083333333333,68.4090909090909,88.64468864468864
1818,78.48484848484848,88.02083333333333,68.18181818181819,88.64468864468864
1819,78.48484848484848,88.02083333333333,67.95454545454545,89.01098901098901
1820,78.48484848484848,88.02083333333333,67.95454545454545,89.01098901098901
1821,78.48484848484848,88.02083333333333,67.95454545454545,89.01098901098901
1822,78.48484848484848,88.02083333333333,67.95454545454545,89.01098901098901
1823,78.48484848484848,88.02083333333333,67.95454545454545,89.01098901098901
1824,78.48484848484848,88.02083333333333,67.95454545454545,89.01098901098901
1825,78.48484848484848,88.02083333333333,67.95454545454545,89.01098901098901
1826,78.48484848484848,88.02083333333333,67.95454545454545,89.01098901098901
1827,78.48484848484848,88.02083333333333,67.95454545454545,89.01098901098901
1828,78.48484848484848,88.02083333333333,67.95454545454545,89.01098901098901
1829,78.48484848484848,88.02083333333333,67.95454545454545,89.01098901098901
1830,78.48484848484848,88.02083333333333,68.18181818181819,89.01098901098901
1831,78.48484848484848,88.02083333333333,68.18181818181819,89.01098901098901
1832,78.48484848484848,88.02083333333333,68.4090909090909,89.01098901098901
1833,78.48484848484848,88.02083333333333,67.95454545454545,89.01098901098901
1834,78.48484848484848,88.02083333333333,67.95454545454545,89.01098901098901
1835,78.48484848484848,88.02083333333333,67.95454545454545,89.01098901098901
1836,78.48484848484848,88.02083333333333,68.18181818181819,89.01098901098901
1837,78.48484848484848,88.02083333333333,68.18181818181819,88.64468864468864
1838,78.48484848484848,88.02083333333333,67.95454545454545,88.64468864468864
1839,78.48484848484848,88.02083333333333,68.18181818181819,88.64468864468864
1840,78.48484848484848,88.02083333333333,67.95454545454545,88.64468864468864
1841,78.48484848484848,88.02083333333333,67.95454545454545,88.64468864468864
1842,78.48484848484848,88.02083333333333,67.95454545454545,88.64468864468864
1843,78.48484848484848,88.02083333333333,67.95454545454545,88.64468864468864
1844,78.18181818181819,88.02083333333333,67.95454545454545,88.64468864468864
1845,78.18181818181819,88.02083333333333,67.95454545454545,88.64468864468864
1846,78.18181818181819,88.02083333333333,67.95454545454545,88.64468864468864
1847,78.18181818181819,88.02083333333333,67.72727272727273,88.64468864468864
1848,78.18181818181819,88.02083333333333,67.95454545454545,88.64468864468864
1849,78.18181818181819,88.02083333333333,67.95454545454545,88.64468864468864
1850,78.18181818181819,88.02083333333333,67.95454545454545,88.64468864468864
1851,78.18181818181819,88.02083333333333,67.95454545454545,89.01098901098901
1852,78.18181818181819,88.02083333333333,67.95454545454545,89.01098901098901
1853,78.18181818181819,88.02083333333333,67.72727272727273,89.01098901098901
1854,78.18181818181819,88.02083333333333,67.72727272727273,89.01098901098901
1855,78.18181818181819,88.02083333333333,67.95454545454545,89.01098901098901
1856,78.18181818181819,88.02083333333333,67.95454545454545,89.01098901098901
1857,78.18181818181819,88.02083333333333,67.72727272727273,88.64468864468864
1858,78.18181818181819,88.02083333333333,67.72727272727273,89.01098901098901
1859,78.18181818181819,88.02083333333333,67.72727272727273,89.01098901098901
1860,78.18181818181819,88.02083333333333,67.72727272727273,89.01098901098901
1861,78.18181818181819,88.02083333333333,67.72727272727273,89.01098901098901
1862,78.18181818181819,88.02083333333333,67.72727272727273,89.01098901098901
1863,78.18181818181819,88.02083333333333,67.95454545454545,89.01098901098901
1864,78.18181818181819,88.02083333333333,68.18181818181819,89.01098901098901
1865,78.18181818181819,88.02083333333333,67.95454545454545,89.01098901098901
1866,78.18181818181819,88.02083333333333,67.95454545454545,89.01098901098901
1867,78.18181818181819,88.02083333333333,67.95454545454545,89.01098901098901
1868,78.18181818181819,88.02083333333333,67.95454545454545,89.01098901098901
1869,78.18181818181819,88.02083333333333,67.95454545454545,89.01098901098901
1870,78.18181818181819,88.02083333333333,67.95454545454545,89.01098901098901
1871,78.18181818181819,88.02083333333333,68.18181818181819,89.01098901098901
1872,78.18181818181819,88.02083333333333,67.72727272727273,89.01098901098901
1873,78.18181818181819,88.02083333333333,68.18181818181819,88.64468864468864
1874,78.18181818181819,88.02083333333333,67.72727272727273,89.01098901098901
1875,78.18181818181819,88.02083333333333,67.72727272727273,88.64468864468864
1876,78.18181818181819,88.02083333333333,67.72727272727273,88.27838827838828
1877,78.18181818181819,88.02083333333333,67.95454545454545,89.01098901098901
1878,78.18181818181819,88.02083333333333,68.18181818181819,89.01098901098901
1879,77.87878787878788,88.02083333333333,67.95454545454545,88.64468864468864
1880,77.87878787878788,88.02083333333333,67.95454545454545,88.64468864468864
1881,77.87878787878788,88.02083333333333,67.72727272727273,88.27838827838828
1882,78.18181818181819,88.02083333333333,67.95454545454545,89.01098901098901
1883,78.18181818181819,88.02083333333333,67.95454545454545,89.01098901098901
1884,78.18181818181819,88.02083333333333,68.18181818181819,89.01098901098901
1885,78.48484848484848,88.02083333333333,68.18181818181819,89.01098901098901
1886,78.18181818181819,88.02083333333333,67.95454545454545,89.01098901098901
1887,78.48484848484848,88.02083333333333,68.18181818181819,89.01098901098901
1888,78.18181818181819,88.02083333333333,67.95454545454545,89.01098901098901
1889,78.18181818181819,88.02083333333333,67.95454545454545,88.64468864468864
1890,77.57575757575758,88.02083333333333,67.95454545454545,88.64468864468864
1891,78.18181818181819,88.02083333333333,67.95454545454545,88.64468864468864
1892,78.18181818181819,88.02083333333333,67.72727272727273,88.64468864468864
1893,78.18181818181819,88.02083333333333,67.72727272727273,88.64468864468864
1894,78.18181818181819,88.02083333333333,67.72727272727273,88.64468864468864
1895,78.18181818181819,88.02083333333333,67.72727272727273,88.64468864468864
1896,78.18181818181819,88.02083333333333,67.72727272727273,88.64468864468864
1897,78.18181818181819,88.02083333333333,67.72727272727273,88.64468864468864
1898,78.18181818181819,88.54166666666667,67.72727272727273,88.64468864468864
1899,78.18181818181819,88.54166666666667,67.72727272727273,88.64468864468864
1900,78.48484848484848,89.0625,67.72727272727273,89.01098901098901
1901,78.48484848484848,89.0625,67.95454545454545,89.01098901098901
1902,78.78787878787878,89.0625,67.95454545454545,89.01098901098901
1903,78.78787878787878,89.0625,67.95454545454545,89.37728937728937
1904,78.78787878787878,89.0625,68.18181818181819,88.64468864468864
1905,78.78787878787878,89.0625,67.95454545454545,89.01098901098901
1906,78.78787878787878,89.0625,68.18181818181819,88.64468864468864
1907,78.78787878787878,89.0625,67.95454545454545,88.64468864468864
1908,78.78787878787878,89.0625,67.95454545454545,88.64468864468864
1909,78.78787878787878,89.0625,68.18181818181819,88.64468864468864
1910,78.48484848484848,88.54166666666667,67.72727272727273,88.64468864468864
1911,78.48484848484848,88.54166666666667,67.72727272727273,88.64468864468864
1912,78.48484848484848,88.54166666666667,67.95454545454545,88.64468864468864
1913,78.48484848484848,88.54166666666667,67.95454545454545,88.64468864468864
1914,78.48484848484848,88.54166666666667,67.95454545454545,88.64468864468864
1915,78.48484848484848,88.54166666666667,68.18181818181819,88.64468864468864
1916,78.48484848484848,88.54166666666667,68.18181818181819,88.64468864468864
1917,78.48484848484848,88.54166666666667,67.95454545454545,88.64468864468864
1918,78.48484848484848,88.54166666666667,67.72727272727273,88.64468864468864
1919,78.48484848484848,88.54166666666667,67.72727272727273,88.64468864468864
1920,78.48484848484848,88.54166666666667,67.72727272727273,88.64468864468864
1921,78.48484848484848,88.54166666666667,67.72727272727273,88.64468864468864
1922,78.78787878787878,88.54166666666667,67.72727272727273,89.01098901098901
1923,78.78787878787878,89.0625,67.95454545454545,89.01098901098901
1924,78.48484848484848,88.54166666666667,67.95454545454545,88.64468864468864
1925,78.48484848484848,89.0625,67.95454545454545,89.37728937728937
1926,78.78787878787878,88.54166666666667,67.95454545454545,89.37728937728937
1927,78.18181818181819,89.0625,67.95454545454545,89.37728937728937
1928,78.48484848484848,89.0625,67.95454545454545,89.37728937728937
1929,78.48484848484848,89.0625,67.95454545454545,89.37728937728937
1930,78.48484848484848,89.0625,68.18181818181819,89.37728937728937
1931,78.48484848484848,89.0625,68.18181818181819,89.37728937728937
1932,78.48484848484848,89.0625,68.18181818181819,89.37728937728937
1933,78.48484848484848,89.0625,67.95454545454545,89.37728937728937
1934,78.48484848484848,89.0625,68.18181818181819,89.01098901098901
1935,78.48484848484848,89.0625,68.18181818181819,89.01098901098901
1936,78.18181818181819,89.0625,68.18181818181819,89.37728937728937
1937,78.18181818181819,88.54166666666667,68.18181818181819,89.37728937728937
1938,78.18181818181819,88.54166666666667,68.18181818181819,89.37728937728937
1939,78.18181818181819,89.0625,68.18181818181819,89.37728937728937
1940,78.18181818181819,88.54166666666667,68.18181818181819,89.01098901098901
1941,78.48484848484848,88.54166666666667,68.18181818181819,88.64468864468864
1942,78.18181818181819,88.54166666666667,68.18181818181819,89.01098901098901
1943,78.18181818181819,88.54166666666667,67.95454545454545,89.37728937728937
1944,78.48484848484848,88.54166666666667,67.72727272727273,89.01098901098901
1945,78.48484848484848,89.0625,67.95454545454545,89.01098901098901
1946,78.18181818181819,89.0625,67.95454545454545,89.37728937728937
1947,78.18181818181819,89.0625,67.95454545454545,89.37728937728937
1948,78.48484848484848,89.0625,67.95454545454545,89.01098901098901
1949,78.48484848484848,88.54166666666667,67.95454545454545,89.01098901098901
1950,78.48484848484848,88.54166666666667,68.18181818181819,88.64468864468864
1951,78.48484848484848,88.54166666666667,67.95454545454545,88.64468864468864
1952,78.48484848484848,88.54166666666667,67.95454545454545,88.64468864468864
1953,78.48484848484848,88.54166666666667,67.95454545454545,88.64468864468864
1954,78.48484848484848,88.54166666666667,67.95454545454545,88.64468864468864
1955,78.48484848484848,88.54166666666667,67.95454545454545,88.64468864468864
1956,78.48484848484848,88.54166666666667,67.95454545454545,88.64468864468864
1957,78.48484848484848,88.54166666666667,67.95454545454545,89.01098901098901
1958,78.48484848484848,88.54166666666667,67.95454545454545,89.01098901098901
1959,78.48484848484848,88.54166666666667,67.95454545454545,89.01098901098901
1960,78.48484848484848,88.54166666666667,67.95454545454545,89.01098901098901
1961,78.48484848484848,88.54166666666667,67.95454545454545,89.01098901098901
1962,78.48484848484848,88.54166666666667,67.95454545454545,88.64468864468864
1963,78.48484848484848,88.02083333333333,67.95454545454545,88.64468864468864
1964,78.48484848484848,88.02083333333333,67.95454545454545,89.37728937728937
1965,78.48484848484848,88.54166666666667,67.95454545454545,89.37728937728937
1966,78.48484848484848,88.54166666666667,67.95454545454545,89.37728937728937
1967,78.48484848484848,88.54166666666667,67.95454545454545,89.01098901098901
1968,78.48484848484848,88.54166666666667,67.95454545454545,89.37728937728937
1969,78.48484848484848,88.02083333333333,67.95454545454545,89.37728937728937
1970,78.48484848484848,88.02083333333333,67.95454545454545,89.37728937728937
1971,78.48484848484848,88.54166666666667,67.95454545454545,89.37728937728937
1972,78.48484848484848,88.54166666666667,67.95454545454545,89.37728937728937
1973,78.78787878787878,88.54166666666667,67.95454545454545,89.37728937728937
1974,78.78787878787878,88.54166666666667,67.95454545454545,89.37728937728937
1975,78.78787878787878,88.54166666666667,67.72727272727273,89.37728937728937
1976,78.78787878787878,88.54166666666667,67.72727272727273,89.37728937728937
1977,78.78787878787878,88.54166666666667,67.72727272727273,89.37728937728937
1978,78.48484848484848,89.0625,67.72727272727273,89.37728937728937
1979,78.78787878787878,89.0625,67.72727272727273,89.37728937728937
1980,79.0909090909091,88.54166666666667,67.95454545454545,89.37728937728937
1981,79.0909090909091,88.54166666666667,67.95454545454545,89.37728937728937
1982,78.78787878787878,88.54166666666667,67.95454545454545,89.37728937728937
1983,78.48484848484848,88.54166666666667,67.95454545454545,89.37728937728937
1984,78.78787878787878,89.0625,67.95454545454545,89.37728937728937
1985,79.0909090909091,89.0625,67.95454545454545,89.37728937728937
1986,78.48484848484848,88.54166666666667,68.18181818181819,89.37728937728937
1987,78.48484848484848,89.0625,67.95454545454545,89.37728937728937
1988,78.48484848484848,89.0625,68.18181818181819,89.37728937728937
1989,78.78787878787878,89.0625,67.95454545454545,89.37728937728937
1990,78.78787878787878,89.0625,67.95454545454545,89.37728937728937
1991,78.78787878787878,89.0625,68.18181818181819,89.37728937728937
1992,78.18181818181819,89.0625,67.95454545454545,89.37728937728937
1993,78.48484848484848,89.0625,68.18181818181819,89.37728937728937
1994,78.48484848484848,88.54166666666667,68.18181818181819,89.37728937728937
1995,78.18181818181819,88.54166666666667,68.18181818181819,89.37728937728937
1996,78.18181818181819,88.54166666666667,67.95454545454545,89.37728937728937
1997,78.48484848484848,88.54166666666667,67.95454545454545,89.74358974358974
1998,78.48484848484848,88.54166666666667,67.95454545454545,89.74358974358974
1999,78.78787878787878,89.0625,68.18181818181819,89.74358974358974
